causebase_id,subject_kind,external_identifiers,legal_name,display_name,entity_status,enrichment_level,coverage,website,geography,causebase_summary,activities,beneficiaries,participation_modes,revenue,total_expenses,fundraising_expenditure,fundraising_method,fundraising_confidence,classification_terms,dataset_version
cb_9189b95844484dc0afb6cd57cd6e1507,unknown,abn:15602302867,Access Church Limited,Access Church Limited,registered,enriched,"[{""capability"": ""regulatory"", ""evidence_ids"": [""ev:acnc:15602302867""], ""freshness_note"": null, ""observed_at"": ""2026-08-10"", ""source_record_id"": null, ""status"": ""observed""}, {""capability"": ""annual_report"", ""evidence_ids"": [], ""freshness_note"": null, ""observed_at"": ""2026-08-10"", ""source_record_id"": null, ""status"": ""not_yet_processed""}, {""capability"": ""website"", ""evidence_ids"": [], ""freshness_note"": null, ""observed_at"": ""2026-08-10"", ""source_record_id"": null, ""status"": ""not_available_from_source""}, {""capability"": ""fundraising_expenditure"", ""evidence_ids"": [], ""freshness_note"": ""No direct or defensible derived fundraising expenditure was found in selected Phase 2A evidence."", ""observed_at"": ""2026-08-10"", ""source_record_id"": null, ""status"": ""not_available_from_source""}, {""capability"": ""financials"", ""evidence_ids"": [""ev:ais:15602302867:2023""], ""freshness_note"": null, ""observed_at"": ""2026-08-10"", ""source_record_id"": null, ""status"": ""observed""}, {""capability"": ""latest_acnc_ais"", ""evidence_ids"": [""ev:acnc:ais:15602302867:c5454adb-ae13-f111-8407-6045bde523ce""], ""freshness_note"": ""Latest submitted AIS detail acquired from the public ACNC entity endpoint."", ""observed_at"": ""2026-02-27"", ""source_record_id"": ""src:acnc-ais-detail:15602302867:c5454adb-ae13-f111-8407-6045bde523ce:cb_9189b95844484dc0afb6cd57cd6e1507"", ""status"": ""observed""}]",,,"Access Church Limited is an incorporated organisation registered with the Australian Charities and Not-for-profits Commission. CauseBase holds the ACNC register extract and the organisation’s 2023 Annual Information Statement covering 01/07/2022 to 30/06/2023. There is no website or self-description supplied in the available records, and the available filings do not describe the organisation’s programs, services or beneficiaries in descriptive terms. CauseBase does not have sufficient descriptive evidence in this release to independently identify specific activities or beneficiaries.",,,,0,0,,,,acnc-register:purpose.religion | acnc-register:beneficiary.regional_remote,phase2b-2026-08-14-rc4-fundraising-projection-correction
cb_1e178c334fd34e86a145aec2e6f2d33e,unknown,abn:17855693573,Australia Chung Tai Buddhist Foundation Inc,Australia Chung Tai Buddhist Foundation Inc,registered,enriched,"[{""capability"": ""regulatory"", ""evidence_ids"": [""ev:acnc:17855693573""], ""freshness_note"": null, ""observed_at"": ""2026-08-10"", ""source_record_id"": null, ""status"": ""observed""}, {""capability"": ""annual_report"", ""evidence_ids"": [], ""freshness_note"": null, ""observed_at"": ""2026-08-10"", ""source_record_id"": null, ""status"": ""not_yet_processed""}, {""capability"": ""fundraising_expenditure"", ""evidence_ids"": [], ""freshness_note"": ""No direct or defensible derived fundraising expenditure was found in selected Phase 2A evidence."", ""observed_at"": ""2026-08-10"", ""source_record_id"": null, ""status"": ""not_available_from_source""}, {""capability"": ""financials"", ""evidence_ids"": [""ev:ais:17855693573:2023""], ""freshness_note"": null, ""observed_at"": ""2026-08-10"", ""source_record_id"": null, ""status"": ""observed""}, {""capability"": ""latest_acnc_ais"", ""evidence_ids"": [""ev:acnc:ais:17855693573:375b325c-f420-f111-8341-6045bde5b22a""], ""freshness_note"": ""Latest submitted AIS detail acquired from the public ACNC entity endpoint."", ""observed_at"": ""2026-03-16"", ""source_record_id"": ""src:acnc-ais-detail:17855693573:375b325c-f420-f111-8341-6045bde5b22a:cb_1e178c334fd34e86a145aec2e6f2d33e"", ""status"": ""observed""}, {""capability"": ""website"", ""evidence_ids"": [], ""freshness_note"": ""Public website locator acquired from the ACNC profile."", ""observed_at"": ""2026-08-13"", ""source_record_id"": null, ""status"": ""observed""}]",https://chungtai.org.au/en/,"Victoria (VIC), Australia","Australia Chung Tai Buddhist Foundation Inc is a registered charity based in Victoria, Australia. It filed an Annual Information Statement covering the year 1 July 2022 to 30 June 2023 with the ACNC. CauseBase does not have descriptive material in this release that identifies the foundation’s specific programs, activities or the people or groups it serves.",,,,207407,201787,,,,acnc-register:purpose.religion | acnc-register:beneficiary.children,phase2b-2026-08-14-rc4-fundraising-projection-correction
cb_999209b0ed6d4b708b34bc58beee22e8,unknown,abn:32942723464,Aboriginal Legal Rights Movement,Aboriginal Legal Rights Movement,registered,enriched,"[{""capability"": ""regulatory"", ""evidence_ids"": [""ev:acnc:32942723464""], ""freshness_note"": null, ""observed_at"": ""2026-08-10"", ""source_record_id"": null, ""status"": ""observed""}, {""capability"": ""annual_report"", ""evidence_ids"": [], ""freshness_note"": null, ""observed_at"": ""2026-08-10"", ""source_record_id"": null, ""status"": ""not_yet_processed""}, {""capability"": ""fundraising_expenditure"", ""evidence_ids"": [], ""freshness_note"": ""No direct or defensible derived fundraising expenditure was found in selected Phase 2A evidence."", ""observed_at"": ""2026-08-10"", ""source_record_id"": null, ""status"": ""not_available_from_source""}, {""capability"": ""financials"", ""evidence_ids"": [""ev:ais:32942723464:2023""], ""freshness_note"": null, ""observed_at"": ""2026-08-10"", ""source_record_id"": null, ""status"": ""observed""}, {""capability"": ""latest_acnc_ais"", ""evidence_ids"": [""ev:acnc:ais:32942723464:a4b94e57-c4d4-f011-8544-6045bde61b96""], ""freshness_note"": ""Latest submitted AIS detail acquired from the public ACNC entity endpoint."", ""observed_at"": ""2025-12-09"", ""source_record_id"": ""src:acnc-ais-detail:32942723464:a4b94e57-c4d4-f011-8544-6045bde61b96:cb_999209b0ed6d4b708b34bc58beee22e8"", ""status"": ""observed""}, {""capability"": ""website"", ""evidence_ids"": [], ""freshness_note"": ""Public website locator acquired from the ACNC profile."", ""observed_at"": ""2026-08-13"", ""source_record_id"": null, ""status"": ""observed""}]",www.alrm.org.au,South Australia | Adelaide (Kaurna traditional lands),"The Aboriginal Legal Rights Movement (ALRM) is an Aboriginal community-controlled legal service based in Adelaide on Kaurna country that works across South Australia. ALRM pursues social justice, equality and wellbeing for Aboriginal people of South Australia, with particular focus on those detained in police custody or imprisoned. It operates a Custody Notification Service and provides criminal court services and programs for Aboriginal people across the state. ALRM also offers a Confirmation of Aboriginality service, membership and volunteering opportunities, and runs public programming such as Law Week panels. The organisation issues media releases and advocacy statements, invites applications for Aboriginal community board members and accepts tax-deductible donations to support its work.",Custody Notification Service | Criminal court services and programs for Aboriginal people in South Australia | Membership services | Confirmation of Aboriginality service | Volunteering opportunities | Public programming and panels | Media releases and advocacy statements | Fundraising (tax-deductible donations),"Aboriginal people of South Australia, especially those detained in police custody or imprisoned",Volunteering with ALRM | Applications for Aboriginal community Board members | Making tax-deductible donations | Attendance at public events (e.g. Law Week panel),11422993,10655077,,,,acnc-register:purpose.other_purpose | acnc-register:beneficiary.young_people | causebase:activity.direct_service | causebase:activity.advocacy | causebase:approach.volunteer_enabled | causebase:participation.volunteering | causebase:participation.public_events | causebase:beneficiary.people_experiencing_disadvantage | causebase:geography.local_or_regional | causebase:organisation.local,phase2b-2026-08-14-rc4-fundraising-projection-correction
cb_3ce4cec8b83e4d64998c0ddf3382d8e3,unknown,abn:31520352647,AIM Charitable Trust,AIM Charitable Trust,registered,enriched,"[{""capability"": ""regulatory"", ""evidence_ids"": [""ev:acnc:31520352647""], ""freshness_note"": null, ""observed_at"": ""2026-08-10"", ""source_record_id"": null, ""status"": ""observed""}, {""capability"": ""annual_report"", ""evidence_ids"": [], ""freshness_note"": null, ""observed_at"": ""2026-08-10"", ""source_record_id"": null, ""status"": ""not_yet_processed""}, {""capability"": ""website"", ""evidence_ids"": [], ""freshness_note"": null, ""observed_at"": ""2026-08-10"", ""source_record_id"": null, ""status"": ""not_available_from_source""}, {""capability"": ""fundraising_expenditure"", ""evidence_ids"": [], ""freshness_note"": ""No direct or defensible derived fundraising expenditure was found in selected Phase 2A evidence."", ""observed_at"": ""2026-08-10"", ""source_record_id"": null, ""status"": ""not_available_from_source""}, {""capability"": ""financials"", ""evidence_ids"": [""ev:ais:31520352647:2023""], ""freshness_note"": null, ""observed_at"": ""2026-08-10"", ""source_record_id"": null, ""status"": ""observed""}, {""capability"": ""latest_acnc_ais"", ""evidence_ids"": [""ev:acnc:ais:31520352647:3d53de89-a4fd-f011-8406-7ced8db1969d""], ""freshness_note"": ""Latest submitted AIS detail acquired from the public ACNC entity endpoint."", ""observed_at"": ""2026-01-30"", ""source_record_id"": ""src:acnc-ais-detail:31520352647:3d53de89-a4fd-f011-8406-7ced8db1969d:cb_3ce4cec8b83e4d64998c0ddf3382d8e3"", ""status"": ""observed""}]",,Northern Territory (NT),"AIM Charitable Trust is a charitable trust recorded as operating in the Northern Territory (NT). CauseBase does not have sufficient descriptive evidence in this release to independently identify the trust’s specific activities, programmes, beneficiaries or modes of participation. The supplied records for this release do not include a website, public program descriptions or beneficiary detail, so no concrete service descriptions can be reported here.",,,,81776,75215,,,,acnc-register:purpose.social_welfare | acnc-register:beneficiary.regional_remote,phase2b-2026-08-14-rc4-fundraising-projection-correction
cb_f4448aa63cb14e02883ae6b9eb4b7262,unknown,abn:48637825668,AGENCY PROJECTS LIMITED,AGENCY PROJECTS LIMITED,registered,enriched,"[{""capability"": ""regulatory"", ""evidence_ids"": [""ev:acnc:48637825668""], ""freshness_note"": null, ""observed_at"": ""2026-08-10"", ""source_record_id"": null, ""status"": ""observed""}, {""capability"": ""annual_report"", ""evidence_ids"": [], ""freshness_note"": null, ""observed_at"": ""2026-08-10"", ""source_record_id"": null, ""status"": ""not_yet_processed""}, {""capability"": ""fundraising_expenditure"", ""evidence_ids"": [], ""freshness_note"": ""No direct or defensible derived fundraising expenditure was found in selected Phase 2A evidence."", ""observed_at"": ""2026-08-10"", ""source_record_id"": null, ""status"": ""not_available_from_source""}, {""capability"": ""financials"", ""evidence_ids"": [""ev:ais:48637825668:2023""], ""freshness_note"": null, ""observed_at"": ""2026-08-10"", ""source_record_id"": null, ""status"": ""observed""}, {""capability"": ""latest_acnc_ais"", ""evidence_ids"": [""ev:acnc:ais:48637825668:b3333e33-cb32-f111-88b4-6045bde5be38""], ""freshness_note"": ""Latest submitted AIS detail acquired from the public ACNC entity endpoint."", ""observed_at"": ""2026-04-07"", ""source_record_id"": ""src:acnc-ais-detail:48637825668:b3333e33-cb32-f111-88b4-6045bde5be38:cb_f4448aa63cb14e02883ae6b9eb4b7262"", ""status"": ""observed""}, {""capability"": ""website"", ""evidence_ids"": [], ""freshness_note"": ""Public website locator acquired from the ACNC profile."", ""observed_at"": ""2026-08-13"", ""source_record_id"": null, ""status"": ""observed""}]",www.agencyprojects.org,"Victoria (registered location) | Australia (local, regional and national activity claimed)","AGENCY PROJECTS LIMITED (Agency Projects) is a Victoria‑registered arts organisation that delivers First Nations‑led exhibitions, commissions and related public programming on local, national and international scales. Its work includes curating and staging exhibitions that centre Aboriginal and Torres Strait Islander artists, art and built‑environment commissions, forums and the UNTOLD talks series, digital initiatives such as the UPLANDS mapping resource and artist portraits, a residency program (Agency AiR) for First Nations participants, and publications under Agency Editions. Agency also runs events and conference programming (including NAIDOC and Garma partnerships) and says it partners with government and overseas institutions for international projects. Stated beneficiaries include Aboriginal and Torres Strait Islander artists, curators and cultural leaders, First Nations participants and communities, and audiences and collectors.","Curating and staging First Nations‑led exhibitions | Art and built‑environment commissions | Forums and public talks (UNTOLD talks) | Digital projects and resources (including UPLANDS, projections, artist portraits) | Residency program (Agency AiR) | Publications (Agency Editions) | Event programming and conferences (including NAIDOC and Garma partnerships) | International project partnerships with DFAT and overseas institutions","Aboriginal and Torres Strait Islander artists, curators and cultural leaders | First Nations participants and communities | Audiences and collectors",Public talks and events | Exhibitions and curated projects | Artist residencies | Digital initiatives and publications,0,0,,,,acnc-register:purpose.environment | acnc-register:beneficiary.other_beneficiary | causebase:cause.culture_and_heritage | causebase:activity.events_and_public_programming | causebase:approach.community_partnership | causebase:participation.public_events | causebase:geography.australia | causebase:geography.local_or_regional | causebase:organisation.national | causebase:organisation.local,phase2b-2026-08-14-rc4-fundraising-projection-correction
cb_e9374c2647e740729e64d7b3f0c7be30,unknown,abn:34254826976,South Australian Rainbow Advocacy Alliance Inc.,South Australian Rainbow Advocacy Alliance Inc.,registered,enriched,"[{""capability"": ""regulatory"", ""evidence_ids"": [""ev:acnc:34254826976""], ""freshness_note"": null, ""observed_at"": ""2026-08-10"", ""source_record_id"": null, ""status"": ""observed""}, {""capability"": ""annual_report"", ""evidence_ids"": [], ""freshness_note"": null, ""observed_at"": ""2026-08-10"", ""source_record_id"": null, ""status"": ""not_yet_processed""}, {""capability"": ""fundraising_expenditure"", ""evidence_ids"": [], ""freshness_note"": ""No direct or defensible derived fundraising expenditure was found in selected Phase 2A evidence."", ""observed_at"": ""2026-08-10"", ""source_record_id"": null, ""status"": ""not_available_from_source""}, {""capability"": ""financials"", ""evidence_ids"": [""ev:ais:34254826976:2023""], ""freshness_note"": null, ""observed_at"": ""2026-08-10"", ""source_record_id"": null, ""status"": ""observed""}, {""capability"": ""latest_acnc_ais"", ""evidence_ids"": [""ev:acnc:ais:34254826976:69b9a08a-398a-f111-ab0f-70a8a5547962""], ""freshness_note"": ""Latest submitted AIS detail acquired from the public ACNC entity endpoint."", ""observed_at"": ""2026-01-30"", ""source_record_id"": ""src:acnc-ais-detail:34254826976:69b9a08a-398a-f111-ab0f-70a8a5547962:cb_e9374c2647e740729e64d7b3f0c7be30"", ""status"": ""observed""}, {""capability"": ""website"", ""evidence_ids"": [], ""freshness_note"": ""Public website locator acquired from the ACNC profile."", ""observed_at"": ""2026-08-13"", ""source_record_id"": null, ""status"": ""observed""}]",http://www.saraa.org.au/,South Australia (statewide focus),"South Australian Rainbow Advocacy Alliance Inc. (SARAA) is a South Australia‑based peak body that advocates for LGBTIQA+ people across the state. As of the cited sources it runs policy advocacy and submissions (for example on births, deaths and marriages regulations), correspondence with health authorities about gender‑affirming care, and public events and commemorations such as Trans Day of Visibility and youth forums. SARAA provides online resources including a “Know Your Rights” guide, operates a Rainbow Local Council Project to support local government inclusion, and recruits members and sells branded merchandise. Recent activity listed on the organisation’s site includes submissions, letters to government, event listings and involvement in demographic question reviews for the state Department of Health and Wellbeing.","Policy submissions and formal advocacy to government (e.g. submissions on Births, Deaths and Marriages regulations) | Letters and direct engagement with health authorities (e.g. correspondence about Statewide Adult Gender Affirming Surgery Service) | Public events and commemorations (e.g. Trans Day of Visibility, youth events) | Provision of online resources about rights and LGBTIQA+ issues (""Know your Rights"") | Rainbow Local Council Project supporting local government engagement and inclusion | Membership recruitment and online merchandise sales",LGBTIQA+ South Australians | Trans and gender diverse South Australians | Intersex South Australians | LGBTIQA+ students | People living with HIV,Membership | Purchasing merchandise | Attending public events | Responding to or contributing to policy consultations,163695,178228,,,,acnc-register:purpose.human_rights | acnc-register:beneficiary.children | causebase:activity.advocacy | causebase:activity.events_and_public_programming | causebase:approach.community_partnership | causebase:participation.public_events | causebase:organisation.local | causebase:geography.local_or_regional,phase2b-2026-08-14-rc4-fundraising-projection-correction
cb_f103425b6106435992aafbfd8329755b,unknown,abn:17624324741,Thalanyji Foundation Limited,Thalanyji Foundation Limited,registered,enriched,"[{""capability"": ""regulatory"", ""evidence_ids"": [""ev:acnc:17624324741""], ""freshness_note"": null, ""observed_at"": ""2026-08-10"", ""source_record_id"": null, ""status"": ""observed""}, {""capability"": ""annual_report"", ""evidence_ids"": [], ""freshness_note"": null, ""observed_at"": ""2026-08-10"", ""source_record_id"": null, ""status"": ""not_yet_processed""}, {""capability"": ""website"", ""evidence_ids"": [], ""freshness_note"": null, ""observed_at"": ""2026-08-10"", ""source_record_id"": null, ""status"": ""not_available_from_source""}, {""capability"": ""fundraising_expenditure"", ""evidence_ids"": [], ""freshness_note"": ""No direct or defensible derived fundraising expenditure was found in selected Phase 2A evidence."", ""observed_at"": ""2026-08-10"", ""source_record_id"": null, ""status"": ""not_available_from_source""}, {""capability"": ""financials"", ""evidence_ids"": [""ev:ais:17624324741:2023""], ""freshness_note"": null, ""observed_at"": ""2026-08-10"", ""source_record_id"": null, ""status"": ""observed""}, {""capability"": ""latest_acnc_ais"", ""evidence_ids"": [""ev:acnc:ais:17624324741:3161d5c6-7005-f111-8406-6045bde5be38""], ""freshness_note"": ""Latest submitted AIS detail acquired from the public ACNC entity endpoint."", ""observed_at"": ""2026-02-09"", ""source_record_id"": ""src:acnc-ais-detail:17624324741:3161d5c6-7005-f111-8406-6045bde5be38:cb_f103425b6106435992aafbfd8329755b"", ""status"": ""observed""}]",,Western Australia,"Thalanyji Foundation Limited is an organisation linked to Western Australia. For the 2022–23 reporting year (01/07/2022 to 30/06/2023) it reported zero revenue and zero expenses. The records supplied do not include a website, public description of activities, or named beneficiaries. CauseBase does not have sufficient descriptive evidence in this release to independently identify the foundation's specific activities, programs, services or intended beneficiaries.",,,,0,0,,,,acnc-register:purpose.social_welfare | acnc-register:beneficiary.other_beneficiary,phase2b-2026-08-14-rc4-fundraising-projection-correction
cb_2bb1b827064a43ec9737b9d6f68297ef,unknown,abn:60094500985,Banks Street Newmarket Community Preschooling Centre Inc,Banks Street Newmarket Community Preschooling Centre Inc,registered,enriched,"[{""capability"": ""regulatory"", ""evidence_ids"": [""ev:acnc:60094500985""], ""freshness_note"": null, ""observed_at"": ""2026-08-10"", ""source_record_id"": null, ""status"": ""observed""}, {""capability"": ""annual_report"", ""evidence_ids"": [], ""freshness_note"": null, ""observed_at"": ""2026-08-10"", ""source_record_id"": null, ""status"": ""not_yet_processed""}, {""capability"": ""fundraising_expenditure"", ""evidence_ids"": [], ""freshness_note"": ""No direct or defensible derived fundraising expenditure was found in selected Phase 2A evidence."", ""observed_at"": ""2026-08-10"", ""source_record_id"": null, ""status"": ""not_available_from_source""}, {""capability"": ""financials"", ""evidence_ids"": [""ev:ais:60094500985:2023""], ""freshness_note"": null, ""observed_at"": ""2026-08-10"", ""source_record_id"": null, ""status"": ""observed""}, {""capability"": ""latest_acnc_ais"", ""evidence_ids"": [""ev:acnc:ais:60094500985:0fb9a958-1f1c-f111-8341-7ced8d33fdea""], ""freshness_note"": ""Latest submitted AIS detail acquired from the public ACNC entity endpoint."", ""observed_at"": ""2026-03-10"", ""source_record_id"": ""src:acnc-ais-detail:60094500985:0fb9a958-1f1c-f111-8341-7ced8d33fdea:cb_2bb1b827064a43ec9737b9d6f68297ef"", ""status"": ""observed""}, {""capability"": ""website"", ""evidence_ids"": [], ""freshness_note"": ""Public website locator acquired from the ACNC profile."", ""observed_at"": ""2026-08-13"", ""source_record_id"": null, ""status"": ""observed""}]",www.banksstkindy.org,"Newmarket, Queensland (on the grounds of Newmarket State School; visits to nearby Banks Street Reserve)","Banks Street Newmarket Community Preschooling Centre Inc (Banks Street Kindy) is a not-for-profit community kindergarten operating on the grounds of Newmarket State School in Newmarket, Queensland. As of 2026 it runs community kindergarten sessions with daily outdoor play and nature-based programming, including regular Bush Kindy visits to nearby Banks Street Reserve. The kindergarten runs an arts program and an annual art show, maintains gardens and chickens, and organises family-facing events. A volunteer kindy management committee runs governance and fundraising activities. The centre maintains links with Newmarket State School for shared activities and transitions, and includes acknowledgements and learning about First Nations culture in its program.",Early childhood education and care (community kindergarten sessions) | Outdoor and nature-based activities including Bush Kindy visits to Banks Street Reserve | Arts program and an annual art show | Volunteer-run kindy management committee and fundraising activities | Joint activities and visits with Newmarket State School,Preschool children attending the kindergarten | Families and carers of enrolled children,"Volunteering (volunteer kindy management committee) | Family participation in events (annual art show, school activities) | Children's participation in daily outdoor and Bush Kindy activities",437441,385269,,,,acnc-register:purpose.education | acnc-register:beneficiary.other_beneficiary | causebase:activity.direct_service | causebase:activity.events_and_public_programming | causebase:approach.volunteer_enabled | causebase:approach.community_partnership | causebase:participation.volunteering | causebase:participation.public_events | causebase:geography.local_or_regional | causebase:organisation.local,phase2b-2026-08-14-rc4-fundraising-projection-correction
cb_69df0fe272654190800310c365c2f910,unknown,abn:58144836077,The Trustee for Invasive Species Solutions Trust,The Trustee for Invasive Species Solutions Trust,registered,enriched,"[{""capability"": ""regulatory"", ""evidence_ids"": [""ev:acnc:58144836077""], ""freshness_note"": null, ""observed_at"": ""2026-08-10"", ""source_record_id"": null, ""status"": ""observed""}, {""capability"": ""annual_report"", ""evidence_ids"": [], ""freshness_note"": null, ""observed_at"": ""2026-08-10"", ""source_record_id"": null, ""status"": ""not_yet_processed""}, {""capability"": ""fundraising_expenditure"", ""evidence_ids"": [], ""freshness_note"": ""No direct or defensible derived fundraising expenditure was found in selected Phase 2A evidence."", ""observed_at"": ""2026-08-10"", ""source_record_id"": null, ""status"": ""not_available_from_source""}, {""capability"": ""financials"", ""evidence_ids"": [""ev:ais:58144836077:2023""], ""freshness_note"": null, ""observed_at"": ""2026-08-10"", ""source_record_id"": null, ""status"": ""observed""}, {""capability"": ""latest_acnc_ais"", ""evidence_ids"": [""ev:acnc:ais:58144836077:546491da-0bfc-f011-8406-7ced8d33fe37""], ""freshness_note"": ""Latest submitted AIS detail acquired from the public ACNC entity endpoint."", ""observed_at"": ""2026-01-28"", ""source_record_id"": ""src:acnc-ais-detail:58144836077:546491da-0bfc-f011-8406-7ced8d33fe37:cb_69df0fe272654190800310c365c2f910"", ""status"": ""observed""}, {""capability"": ""website"", ""evidence_ids"": [], ""freshness_note"": ""Public website locator acquired from the ACNC profile."", ""observed_at"": ""2026-08-13"", ""source_record_id"": null, ""status"": ""observed""}]",www.invasives.com.au,Australia | Australian Capital Territory (ACNC register location),"The Trustee for Invasive Species Solutions Trust, trading as the Centre for Invasive Species Solutions, is an Australian national centre based in the ACT that coordinates collaborative invasive-species research, development and engagement. It hosts and maintains national digital platforms for weed and pest information and tools (weeds.org.au; weedscan.org.au; pestsmart.org.au; feralscan.org.au), coordinates LandSmart Services nationally, develops and disseminates national codes of practice, training and resources, and publishes reports such as the WeedRemeed Impact Report 2024–25. Its stated work targets invasive species that affect wildlife (including threatened native species) and supports community members and land managers through online tools, training, resources and public events.","Collaborative invasive species research, development and engagement | Hosting and maintaining national digital platforms for weed and pest information and tools (weeds.org.au; weedscan.org.au; pestsmart.org.au; feralscan.org.au) | National coordination of LandSmart Services | Development and dissemination of national codes of practice, training and resources | Publication of reports such as WeedRemeed Impact Report 2024–25","Wildlife, including threatened native species | Community members and land managers",Public events,5235,3305,,,,acnc-register:purpose.environment | acnc-register:beneficiary.regional_remote | causebase:cause.environment | causebase:beneficiary.wildlife | causebase:beneficiary.general_community | causebase:activity.advocacy | causebase:activity.events_and_public_programming | causebase:approach.community_partnership | causebase:participation.public_events | causebase:geography.australia,phase2b-2026-08-14-rc4-fundraising-projection-correction
cb_d99ab915a62349db9d141ea3b359066a,unknown,abn:87684571829,Accelerated Evolution - The Break Inc.,Accelerated Evolution - The Break Inc.,registered,enriched,"[{""capability"": ""regulatory"", ""evidence_ids"": [""ev:acnc:87684571829""], ""freshness_note"": null, ""observed_at"": ""2026-08-10"", ""source_record_id"": null, ""status"": ""observed""}, {""capability"": ""annual_report"", ""evidence_ids"": [], ""freshness_note"": null, ""observed_at"": ""2026-08-10"", ""source_record_id"": null, ""status"": ""not_yet_processed""}, {""capability"": ""fundraising_expenditure"", ""evidence_ids"": [], ""freshness_note"": null, ""observed_at"": ""2026-08-10"", ""source_record_id"": null, ""status"": ""not_yet_processed""}, {""capability"": ""financials"", ""evidence_ids"": [], ""freshness_note"": null, ""observed_at"": ""2026-08-10"", ""source_record_id"": null, ""status"": ""not_found_in_source""}, {""capability"": ""latest_acnc_ais"", ""evidence_ids"": [""ev:acnc:ais:87684571829:48fa88dd-6d00-f111-8406-7ced8d33fdea""], ""freshness_note"": ""Latest submitted AIS detail acquired from the public ACNC entity endpoint."", ""observed_at"": ""2026-01-30"", ""source_record_id"": ""src:acnc-ais-detail:87684571829:48fa88dd-6d00-f111-8406-7ced8d33fdea:cb_d99ab915a62349db9d141ea3b359066a"", ""status"": ""observed""}, {""capability"": ""website"", ""evidence_ids"": [], ""freshness_note"": ""Public website locator acquired from the ACNC profile."", ""observed_at"": ""2026-08-13"", ""source_record_id"": null, ""status"": ""observed""}]",www.thebreak.org.au,"Caulfield, Melbourne; Victoria (head office listed) | Origin in St Kilda East, Victoria","Accelerated Evolution - The Break Inc. is a volunteer-run not-for-profit based in Caulfield, Melbourne, Victoria, that provides mental health and wellbeing recovery programs. It runs small-group programs such as mindfulness, anger management and relapse prevention, with groups limited to 16 participants and an intended staffing ratio of about one staff member per four participants as funding allows. The Break delivers an accredited Work & Development Permit program and facilitates Work for the Dole arrangements for people over 55. It accepts course placements and offers program participation for people experiencing homelessness, unemployment, substance recovery, trauma, psychosomatic or psychological disorders, disability, isolation and loneliness. The organisation evolved from a clinic established in St Kilda East and lists a Caulfield head office.",Runs small-group mental health and wellbeing recovery programs (Mindfulness; Anger Management; Relapse Prevention) | Delivers an accredited government work-credit program (Work & Development Permit) and facilitates Work for the Dole arrangements for people over 55 | Offers course placements and accepts program participants,"People experiencing homelessness, unemployment and substance recovery | People experiencing trauma, psychosomatic or psychological disorders, disability or physical ailments | People experiencing isolation and loneliness | People of all backgrounds regardless of circumstance",Volunteering | Course placements for students or trainees | Attendance as program participants,,,,,,acnc-register:purpose.health | acnc-register:beneficiary.children | causebase:cause.community_wellbeing | causebase:beneficiary.people_experiencing_disadvantage | causebase:beneficiary.general_community | causebase:activity.direct_service | causebase:activity.employment_support | causebase:approach.volunteer_enabled | causebase:participation.volunteering | causebase:geography.local_or_regional,phase2b-2026-08-14-rc4-fundraising-projection-correction
cb_6f5a9298e0474c4ebdfd55968fd61f0c,unknown,abn:67575837755,Anzac Memorial Chapel Of St Paul Trustees,Anzac Memorial Chapel Of St Paul Trustees,registered,enriched,"[{""capability"": ""regulatory"", ""evidence_ids"": [""ev:acnc:67575837755""], ""freshness_note"": null, ""observed_at"": ""2026-08-10"", ""source_record_id"": null, ""status"": ""observed""}, {""capability"": ""annual_report"", ""evidence_ids"": [], ""freshness_note"": null, ""observed_at"": ""2026-08-10"", ""source_record_id"": null, ""status"": ""not_yet_processed""}, {""capability"": ""website"", ""evidence_ids"": [], ""freshness_note"": null, ""observed_at"": ""2026-08-10"", ""source_record_id"": null, ""status"": ""not_available_from_source""}, {""capability"": ""fundraising_expenditure"", ""evidence_ids"": [], ""freshness_note"": ""No direct or defensible derived fundraising expenditure was found in selected Phase 2A evidence."", ""observed_at"": ""2026-08-10"", ""source_record_id"": null, ""status"": ""not_available_from_source""}, {""capability"": ""financials"", ""evidence_ids"": [""ev:ais:67575837755:2023""], ""freshness_note"": null, ""observed_at"": ""2026-08-10"", ""source_record_id"": null, ""status"": ""observed""}, {""capability"": ""latest_acnc_ais"", ""evidence_ids"": [""ev:acnc:ais:67575837755:21e457df-c7bc-ef11-a72f-000d3ad17a98""], ""freshness_note"": ""Latest submitted AIS detail acquired from the public ACNC entity endpoint."", ""observed_at"": ""2024-12-17"", ""source_record_id"": ""src:acnc-ais-detail:67575837755:21e457df-c7bc-ef11-a72f-000d3ad17a98:cb_6f5a9298e0474c4ebdfd55968fd61f0c"", ""status"": ""observed""}]",,ACT,"Anzac Memorial Chapel Of St Paul Trustees is a registered charity located in the Australian Capital Territory. CauseBase does not have sufficient descriptive evidence in this release to independently identify the organisation’s specific activities, services, beneficiaries or operating model. The record provided includes ACNC registration details and an Annual Information Statement dated 2023, but no website, public description or program information is included in the supplied evidence.",,,,0,0,,,,acnc-register:purpose.religion | acnc-register:beneficiary.other_beneficiary,phase2b-2026-08-14-rc4-fundraising-projection-correction
cb_065dfdefae8b4f7ea2b964dd2b60d800,unknown,abn:44552934060,Araluen Botanic Park Foundation Inc,Araluen Botanic Park Foundation Inc,registered,enriched,"[{""capability"": ""regulatory"", ""evidence_ids"": [""ev:acnc:44552934060""], ""freshness_note"": null, ""observed_at"": ""2026-08-10"", ""source_record_id"": null, ""status"": ""observed""}, {""capability"": ""annual_report"", ""evidence_ids"": [], ""freshness_note"": null, ""observed_at"": ""2026-08-10"", ""source_record_id"": null, ""status"": ""not_yet_processed""}, {""capability"": ""fundraising_expenditure"", ""evidence_ids"": [], ""freshness_note"": ""No direct or defensible derived fundraising expenditure was found in selected Phase 2A evidence."", ""observed_at"": ""2026-08-10"", ""source_record_id"": null, ""status"": ""not_available_from_source""}, {""capability"": ""financials"", ""evidence_ids"": [""ev:ais:44552934060:2023""], ""freshness_note"": null, ""observed_at"": ""2026-08-10"", ""source_record_id"": null, ""status"": ""observed""}, {""capability"": ""latest_acnc_ais"", ""evidence_ids"": [""ev:acnc:ais:44552934060:77bc3224-4bfb-f011-8406-6045bdc47a8f""], ""freshness_note"": ""Latest submitted AIS detail acquired from the public ACNC entity endpoint."", ""observed_at"": ""2026-01-27"", ""source_record_id"": ""src:acnc-ais-detail:44552934060:77bc3224-4bfb-f011-8406-6045bdc47a8f:cb_065dfdefae8b4f7ea2b964dd2b60d800"", ""status"": ""observed""}, {""capability"": ""website"", ""evidence_ids"": [], ""freshness_note"": ""Public website locator acquired from the ACNC profile."", ""observed_at"": ""2026-08-13"", ""source_record_id"": null, ""status"": ""observed""}]",www.araluenbotanicpark.com.au,"Roleystone, Perth Hills, Western Australia | Approximately 40 minutes from Perth","Araluen Botanic Park Foundation Inc manages Araluen Botanic Park in Roleystone in the Perth Hills, Western Australia. As of August 2026 it maintains 14 hectares of cultivated botanical gardens set within 59 hectares of native West Australian bushland, and manages a significant tree collection and remnant native forest on site. The park hosts public programming including a Tulip Festival, concerts and workshops, operates venue hire for weddings and other events and runs an on‑site café. It recruits and hosts volunteer activities such as a large bulb‑planting day (250,000 bulbs cited) and advertises regular opportunities for visitors to participate. The park is described as open to visitors and supports on‑site wildlife associated with the native bushland.","Maintain 14 hectares of cultivated botanical gardens within 59 hectares of native bushland | Host public events and seasonal festivals including a Tulip Festival, concerts and workshops | Operate venue hire for weddings and events and an on‑site café | Recruit and host volunteer activities such as an advertised bulb‑planting day (250,000 bulbs mentioned) | Describe management and preservation of a tree collection and native forest on site",Park visitors and members of the public | Wildlife associated with on‑site native West Australian bushland,Volunteer bulb‑planting events (advertised) | Public festivals and concerts (advertised) | Workshops such as a Flower Crown workshop (advertised),3029307,2215004,,,,acnc-register:purpose.environment | acnc-register:beneficiary.children | causebase:cause.environment | causebase:beneficiary.general_community | causebase:beneficiary.wildlife | causebase:activity.events_and_public_programming | causebase:activity.environmental_restoration | causebase:approach.volunteer_enabled | causebase:participation.volunteering | causebase:participation.public_events,phase2b-2026-08-14-rc4-fundraising-projection-correction
cb_604da7f26c6c48dd934e713edc493e9f,unknown,abn:74052124375,Environmental Justice Australia,Environmental Justice Australia,registered,enriched,"[{""capability"": ""regulatory"", ""evidence_ids"": [""ev:acnc:74052124375""], ""freshness_note"": null, ""observed_at"": ""2026-08-10"", ""source_record_id"": null, ""status"": ""observed""}, {""capability"": ""latest_acnc_ais"", ""evidence_ids"": [""ev:acnc:ais:74052124375:a9cc94e1-1fd7-f011-8544-6045bde67719""], ""freshness_note"": ""Latest submitted AIS detail acquired from the public ACNC entity endpoint."", ""observed_at"": ""2025-12-12"", ""source_record_id"": ""src:acnc-ais-detail:74052124375:a9cc94e1-1fd7-f011-8544-6045bde67719:cb_604da7f26c6c48dd934e713edc493e9f"", ""status"": ""observed""}, {""capability"": ""website"", ""evidence_ids"": [], ""freshness_note"": ""Public website locator acquired from the ACNC profile."", ""observed_at"": ""2026-08-13"", ""source_record_id"": null, ""status"": ""observed""}, {""capability"": ""annual_report"", ""evidence_ids"": [""ev:report:74052124375:f3eff600992d9dcf""], ""freshness_note"": ""Annual report processed through the generic report extractor."", ""observed_at"": ""2026-08-13"", ""source_record_id"": ""src:report-extract:74052124375:f3eff600992d9dcf:cb_604da7f26c6c48dd934e713edc493e9f"", ""status"": ""observed""}, {""capability"": ""financials"", ""evidence_ids"": [""ev:report:74052124375:8c1652a7ab5783f5""], ""freshness_note"": ""Financial report processed through the generic report extractor."", ""observed_at"": ""2026-08-13"", ""source_record_id"": ""src:report-extract:74052124375:8c1652a7ab5783f5:cb_604da7f26c6c48dd934e713edc493e9f"", ""status"": ""observed""}, {""capability"": ""fundraising_expenditure"", ""evidence_ids"": [""ev:report:74052124375:8c1652a7ab5783f5""], ""freshness_note"": ""Relevant report pages were processed; no direct fundraising-expenditure amount was recovered."", ""observed_at"": ""2026-08-13"", ""source_record_id"": ""src:report-extract:74052124375:8c1652a7ab5783f5:cb_604da7f26c6c48dd934e713edc493e9f"", ""status"": ""not_available_from_source""}]",www.envirojustice.org.au,Based in Victoria (structured geography) | Work described as across this country / Australia,"Environmental Justice Australia is a public interest legal organisation based in Victoria that works across Australia. It provides legal advice and pro‑bono representation, runs court cases and high‑stakes legal interventions, and conducts advocacy campaigns and legal investigations. The organisation represents communities affected by environmental harm and people with the least power, including providing legal support to Traditional Owners seeking to protect Country and Culture. It pursues matters such as climate litigation, challenges to fossil fuel expansion, and cases to defend forests, rivers and threatened wildlife. The organisation also publishes legal updates and runs public webinars and subscription updates for people who want to follow its work.",Court cases and legal interventions | Legal advice and representation | Advocacy campaigns and legal investigations | Webinars and published legal updates,Communities affected by environmental harm | People with least power or most impacted by environmental harm,Subscription to updates and public webinars,7770242,5338457,,,,acnc-register:purpose.environment | acnc-register:beneficiary.regional_remote | causebase:cause.environment | causebase:activity.direct_service | causebase:activity.advocacy | causebase:activity.events_and_public_programming | causebase:approach.community_partnership | causebase:participation.public_events | causebase:beneficiary.people_experiencing_disadvantage | causebase:geography.australia | causebase:organisation.national,phase2b-2026-08-14-rc4-fundraising-projection-correction
cb_bee158351bff46b8a2478fdae1442b4a,unknown,abn:91765078109,Aboriginal Foundation Of South Australia Incorporated,Aboriginal Foundation Of South Australia Incorporated,registered,enriched,"[{""capability"": ""regulatory"", ""evidence_ids"": [""ev:acnc:91765078109""], ""freshness_note"": null, ""observed_at"": ""2026-08-10"", ""source_record_id"": null, ""status"": ""observed""}, {""capability"": ""annual_report"", ""evidence_ids"": [], ""freshness_note"": null, ""observed_at"": ""2026-08-10"", ""source_record_id"": null, ""status"": ""not_yet_processed""}, {""capability"": ""website"", ""evidence_ids"": [], ""freshness_note"": null, ""observed_at"": ""2026-08-10"", ""source_record_id"": null, ""status"": ""not_available_from_source""}, {""capability"": ""fundraising_expenditure"", ""evidence_ids"": [], ""freshness_note"": ""No direct or defensible derived fundraising expenditure was found in selected Phase 2A evidence."", ""observed_at"": ""2026-08-10"", ""source_record_id"": null, ""status"": ""not_available_from_source""}, {""capability"": ""financials"", ""evidence_ids"": [""ev:ais:91765078109:2023""], ""freshness_note"": null, ""observed_at"": ""2026-08-10"", ""source_record_id"": null, ""status"": ""observed""}, {""capability"": ""latest_acnc_ais"", ""evidence_ids"": [""ev:acnc:ais:91765078109:1dc3859b-ecfb-f011-8406-002248111f49""], ""freshness_note"": ""Latest submitted AIS detail acquired from the public ACNC entity endpoint."", ""observed_at"": ""2026-01-28"", ""source_record_id"": ""src:acnc-ais-detail:91765078109:1dc3859b-ecfb-f011-8406-002248111f49:cb_bee158351bff46b8a2478fdae1442b4a"", ""status"": ""observed""}]",,South Australia | Australia,"Aboriginal Foundation Of South Australia Incorporated is a registered charity located in South Australia, Australia. CauseBase does not have sufficient descriptive evidence in this release to independently identify the organisation’s specific activities, programs or primary beneficiaries. The records available for this release are an ACNC register extract and the organisation’s 2023 Annual Information Statement, covering the reporting period 1 July 2022 to 30 June 2023; no website or organisational self-description was supplied in the selected evidence.",,,,74,3861,,,,acnc-register:purpose.other_purpose | acnc-register:beneficiary.young_people | causebase:geography.australia | causebase:geography.local_or_regional,phase2b-2026-08-14-rc4-fundraising-projection-correction
cb_6297ec8e53f24e9490b6a4657ad443fc,unknown,abn:21613667664,Castlemaine Art Museum Ltd,Castlemaine Art Museum Ltd,registered,enriched,"[{""capability"": ""regulatory"", ""evidence_ids"": [""ev:acnc:21613667664""], ""freshness_note"": null, ""observed_at"": ""2026-08-10"", ""source_record_id"": null, ""status"": ""observed""}, {""capability"": ""annual_report"", ""evidence_ids"": [], ""freshness_note"": null, ""observed_at"": ""2026-08-10"", ""source_record_id"": null, ""status"": ""not_yet_processed""}, {""capability"": ""fundraising_expenditure"", ""evidence_ids"": [], ""freshness_note"": ""No direct or defensible derived fundraising expenditure was found in selected Phase 2A evidence."", ""observed_at"": ""2026-08-10"", ""source_record_id"": null, ""status"": ""not_available_from_source""}, {""capability"": ""financials"", ""evidence_ids"": [""ev:ais:21613667664:2023""], ""freshness_note"": null, ""observed_at"": ""2026-08-10"", ""source_record_id"": null, ""status"": ""observed""}, {""capability"": ""latest_acnc_ais"", ""evidence_ids"": [""ev:acnc:ais:21613667664:acb2a4ae-57eb-f011-8544-6045bde4e64f""], ""freshness_note"": ""Latest submitted AIS detail acquired from the public ACNC entity endpoint."", ""observed_at"": ""2026-01-06"", ""source_record_id"": ""src:acnc-ais-detail:21613667664:acb2a4ae-57eb-f011-8544-6045bde4e64f:cb_6297ec8e53f24e9490b6a4657ad443fc"", ""status"": ""observed""}, {""capability"": ""website"", ""evidence_ids"": [], ""freshness_note"": ""Public website locator acquired from the ACNC profile."", ""observed_at"": ""2026-08-13"", ""source_record_id"": null, ""status"": ""observed""}]",http://www.castlemaineartmuseum.org.au,"Castlemaine, Victoria (address 14 Lyttleton Street, Castlemaine VIC 3450) | Dja Dja Wurrung / Jaara country | Australia","Castlemaine Art Museum is a regional art museum in Castlemaine, Victoria, located on Dja Dja Wurrung / Jaara country. Founded in 1913, it operates a public gallery with free entry Thursday–Sunday and a programme of temporary and scheduled exhibitions. The museum maintains and presents a collection of Australian art, First Nations cultural material and historical artefacts, and runs public events such as openings, artist talks, performances and panel tours. It hosts school group visits, commissions and pays local artists for talks and workshops, and operates a museum shop selling limited-edition artworks. The museum supports its activity through memberships, donations and supporter programs and describes supporter-funded uses including wall labels, artist fees, installation and school group visits.","Curating and displaying temporary and scheduled exhibitions | Running public events including openings, artist talks, performances and panel tours | Maintaining and presenting a collection of Australian art, First Nations cultural material and historical artefacts | Hosting school group visits | Operating a museum shop selling limited-edition artworks | Fundraising through memberships, donations and supporter programs","Local community and museum visitors | School groups (visits) | Local artists (paid talks, workshops, commissions) | Supporters and members (program participation)","Attending public exhibitions and events (openings, talks, performances, panels) | Becoming a member or financial supporter (membership/donation tiers listed) | Purchasing items from the museum shop | School group visits",586117,590747,,,,acnc-register:purpose.culture | acnc-register:beneficiary.regional_remote | causebase:cause.culture_and_heritage | causebase:activity.events_and_public_programming | causebase:participation.public_events | causebase:geography.local_or_regional | causebase:geography.australia | causebase:organisation.local | causebase:beneficiary.general_community | causebase:approach.community_partnership,phase2b-2026-08-14-rc4-fundraising-projection-correction
cb_2e7af789b25143d8bd5de1f893148566,unknown,abn:93624893443,Darumbal People Aboriginal Corporation RNTBC,Darumbal People Aboriginal Corporation RNTBC,registered,enriched,"[{""capability"": ""regulatory"", ""evidence_ids"": [""ev:acnc:93624893443""], ""freshness_note"": null, ""observed_at"": ""2026-08-10"", ""source_record_id"": null, ""status"": ""observed""}, {""capability"": ""annual_report"", ""evidence_ids"": [], ""freshness_note"": null, ""observed_at"": ""2026-08-10"", ""source_record_id"": null, ""status"": ""not_yet_processed""}, {""capability"": ""website"", ""evidence_ids"": [], ""freshness_note"": null, ""observed_at"": ""2026-08-10"", ""source_record_id"": null, ""status"": ""not_available_from_source""}, {""capability"": ""fundraising_expenditure"", ""evidence_ids"": [], ""freshness_note"": null, ""observed_at"": ""2026-08-10"", ""source_record_id"": null, ""status"": ""not_yet_processed""}, {""capability"": ""financials"", ""evidence_ids"": [], ""freshness_note"": null, ""observed_at"": ""2026-08-10"", ""source_record_id"": null, ""status"": ""not_found_in_source""}, {""capability"": ""latest_acnc_ais"", ""evidence_ids"": [], ""freshness_note"": ""No submitted AIS was returned by the public ACNC profile endpoint."", ""observed_at"": ""2026-08-13"", ""source_record_id"": ""src:acnc-public-profile:93624893443:6f0c96a0-3aaf-e811-a961-000d3ad24182:cb_2e7af789b25143d8bd5de1f893148566"", ""status"": ""not_available_from_source""}]",,Queensland (QLD),"Darumbal People Aboriginal Corporation RNTBC is an Aboriginal corporation whose legal name includes the RNTBC designation and is recorded as located in Queensland, Australia. CauseBase does not have sufficient descriptive evidence in this release to independently identify the corporation’s specific activities, programs or beneficiary groups. The single recorded source for this release is an ACNC Register extract (ev:acnc:93624893443); no organisational website text or descriptive reports were supplied here to describe services, projects or participation modes.",,,,,,,,,acnc-register:purpose.health | acnc-register:beneficiary.regional_remote | causebase:geography.local_or_regional,phase2b-2026-08-14-rc4-fundraising-projection-correction
cb_f1f26f7a1bc34d169573d56e51b41cc3,unknown,abn:65175035512,Young Voices Of Melbourne Inc,Young Voices Of Melbourne Inc,registered,enriched,"[{""capability"": ""regulatory"", ""evidence_ids"": [""ev:acnc:65175035512""], ""freshness_note"": null, ""observed_at"": ""2026-08-10"", ""source_record_id"": null, ""status"": ""observed""}, {""capability"": ""annual_report"", ""evidence_ids"": [], ""freshness_note"": null, ""observed_at"": ""2026-08-10"", ""source_record_id"": null, ""status"": ""not_yet_processed""}, {""capability"": ""fundraising_expenditure"", ""evidence_ids"": [], ""freshness_note"": ""No direct or defensible derived fundraising expenditure was found in selected Phase 2A evidence."", ""observed_at"": ""2026-08-10"", ""source_record_id"": null, ""status"": ""not_available_from_source""}, {""capability"": ""financials"", ""evidence_ids"": [""ev:ais:65175035512:2023""], ""freshness_note"": null, ""observed_at"": ""2026-08-10"", ""source_record_id"": null, ""status"": ""observed""}, {""capability"": ""latest_acnc_ais"", ""evidence_ids"": [""ev:acnc:ais:65175035512:a3595678-596f-f111-ab0d-6045bdc47b11""], ""freshness_note"": ""Latest submitted AIS detail acquired from the public ACNC entity endpoint."", ""observed_at"": ""2026-06-23"", ""source_record_id"": ""src:acnc-ais-detail:65175035512:a3595678-596f-f111-ab0d-6045bdc47b11:cb_f1f26f7a1bc34d169573d56e51b41cc3"", ""status"": ""observed""}, {""capability"": ""website"", ""evidence_ids"": [], ""freshness_note"": ""Public website locator acquired from the ACNC profile."", ""observed_at"": ""2026-08-13"", ""source_record_id"": null, ""status"": ""observed""}]",http://yvm.com.au,"Melbourne, Victoria, Australia","Young Voices Of Melbourne Inc is a Melbourne-based youth choral organisation. As of 2026 it operates two ensembles, the Senior Training Choir and the Performing Choir, and enrolment is by membership of those named choirs. The group runs regular rehearsals and an annual rehearsal weekend (branded Supercamp; most recently held 27 Feb–1 Mar 2026), engages visiting and associate artists and choral clinicians (including the appointment of international conductor Dr Michael Barrett as Associate Artist in April 2026) and provides artistic leadership through an Artistic Director who began in 2025. Participation reported includes attendance at rehearsals, weekend training camps and specialist sessions led by visiting artists and artistic staff.",Rehearsal weekends (Supercamp) for Senior Training Choir and Performing Choir | Regular choir rehearsals for Senior Training Choir and Performing Choir | Engagement of visiting/associate artist conductor and choral clinician | Artistic leadership and direction (Artistic Director role),Singers who are members of the Senior Training Choir and the Performing Choir,"Membership of named choirs (Senior Training Choir, Performing Choir) | Attendance at rehearsals and weekend training camps | Engagement with visiting Associate Artist and artistic staff",583709,658416,,,,acnc-register:purpose.culture | acnc-register:beneficiary.children | causebase:cause.culture_and_heritage | causebase:activity.direct_service | causebase:geography.australia | causebase:geography.local_or_regional | causebase:organisation.local,phase2b-2026-08-14-rc4-fundraising-projection-correction
cb_ebdd87f80f1d42a781c746a6741b4201,unknown,abn:84325837304,Haileybury Rendall School,Haileybury Rendall School,registered,enriched,"[{""capability"": ""regulatory"", ""evidence_ids"": [""ev:acnc:84325837304""], ""freshness_note"": null, ""observed_at"": ""2026-08-10"", ""source_record_id"": null, ""status"": ""observed""}, {""capability"": ""annual_report"", ""evidence_ids"": [], ""freshness_note"": null, ""observed_at"": ""2026-08-10"", ""source_record_id"": null, ""status"": ""not_yet_processed""}, {""capability"": ""fundraising_expenditure"", ""evidence_ids"": [], ""freshness_note"": ""No direct or defensible derived fundraising expenditure was found in selected Phase 2A evidence."", ""observed_at"": ""2026-08-10"", ""source_record_id"": null, ""status"": ""not_available_from_source""}, {""capability"": ""financials"", ""evidence_ids"": [""ev:ais:84325837304:2023""], ""freshness_note"": null, ""observed_at"": ""2026-08-10"", ""source_record_id"": null, ""status"": ""observed""}, {""capability"": ""latest_acnc_ais"", ""evidence_ids"": [""ev:acnc:ais:84325837304:102015c2-9b6f-f111-ab0c-00224894cb3a""], ""freshness_note"": ""Latest submitted AIS detail acquired from the public ACNC entity endpoint."", ""observed_at"": ""2026-06-24"", ""source_record_id"": ""src:acnc-ais-detail:84325837304:102015c2-9b6f-f111-ab0c-00224894cb3a:cb_ebdd87f80f1d42a781c746a6741b4201"", ""status"": ""observed""}, {""capability"": ""website"", ""evidence_ids"": [], ""freshness_note"": ""Public website locator acquired from the ACNC profile."", ""observed_at"": ""2026-08-13"", ""source_record_id"": null, ""status"": ""observed""}]",haileyburyrendall.com.au,"Darwin, Northern Territory, Australia | Northern Australia | Online delivery","Haileybury Rendall School is a co‑educational day, boarding and online school based in Darwin, Northern Territory, Australia. It educates children from an Early Learning Centre to Year 12, offers boarding for Years 7–12 to domestic and international students, and provides an online program for Years 5–12. The school runs a compulsory Experiential Outdoor Education programme in remote environments and delivers the VCE curriculum in senior years. On campus it maintains sporting and performing‑arts facilities available for hire and a Health Centre for boarding students. The school also states a commitment to educating Aboriginal students from remote Australian communities and public programming such as open days, shows and regional event participation is listed on its events calendar.","Day schooling (Early Learning Centre to Year 12) | Boarding provision (Years 7–12, domestic and international) | Online education programme (Years 5–12) | Compulsory Experiential Outdoor Education program (remote environments) | VCE senior curriculum delivery | Use and hire of sporting and performing-arts facilities | On-campus Health Centre for boarding students","Children and young people (Early Learning to Year 12) | Boarding students (domestic and international) | Aboriginal students from remote Australian communities | Families seeking day, boarding or online school programs","Day enrolment | Boarding enrolment | Online enrolment | Attendance at school events and tours (open days, shows) | Use of campus facilities through hire | Participation in compulsory outdoor education trips",33396968,31041515,,,,acnc-register:purpose.education | acnc-register:beneficiary.children | causebase:activity.direct_service | causebase:activity.events_and_public_programming | causebase:participation.public_events | causebase:geography.australia | causebase:geography.local_or_regional | causebase:organisation.local | causebase:beneficiary.general_community,phase2b-2026-08-14-rc4-fundraising-projection-correction
cb_f2e7f36fef5d4a788b3280d0830ee21b,unknown,abn:82136720784,Project Underdog Rescue Inc,Project Underdog Rescue Inc,registered,enriched,"[{""capability"": ""regulatory"", ""evidence_ids"": [""ev:acnc:82136720784""], ""freshness_note"": null, ""observed_at"": ""2026-08-10"", ""source_record_id"": null, ""status"": ""observed""}, {""capability"": ""annual_report"", ""evidence_ids"": [], ""freshness_note"": null, ""observed_at"": ""2026-08-10"", ""source_record_id"": null, ""status"": ""not_yet_processed""}, {""capability"": ""fundraising_expenditure"", ""evidence_ids"": [], ""freshness_note"": ""No direct or defensible derived fundraising expenditure was found in selected Phase 2A evidence."", ""observed_at"": ""2026-08-10"", ""source_record_id"": null, ""status"": ""not_available_from_source""}, {""capability"": ""financials"", ""evidence_ids"": [""ev:ais:82136720784:2023""], ""freshness_note"": null, ""observed_at"": ""2026-08-10"", ""source_record_id"": null, ""status"": ""observed""}, {""capability"": ""latest_acnc_ais"", ""evidence_ids"": [""ev:acnc:ais:82136720784:c9e3c624-29fe-f011-8407-6045bdc47a8f""], ""freshness_note"": ""Latest submitted AIS detail acquired from the public ACNC entity endpoint."", ""observed_at"": ""2026-01-30"", ""source_record_id"": ""src:acnc-ais-detail:82136720784:c9e3c624-29fe-f011-8407-6045bdc47a8f:cb_f2e7f36fef5d4a788b3280d0830ee21b"", ""status"": ""observed""}, {""capability"": ""website"", ""evidence_ids"": [], ""freshness_note"": ""Public website locator acquired from the ACNC profile."", ""observed_at"": ""2026-08-13"", ""source_record_id"": null, ""status"": ""observed""}]",https://projectunderdog.org.au,"Melbourne, Victoria, Australia","Project Underdog Rescue Inc is a Melbourne-based animal welfare and rescue organisation. When supported by evidence observed 10 August 2026, it operates a 100% Fear Free certified mobile veterinary clinic in Melbourne that prioritises animals’ emotional wellbeing; provides community outreach that supplies animal care services and supplies to vulnerable pet owners to help keep animals with their families during hardship; undertakes animal rescue and life‑saving work; and delivers education and advocacy about responsible pet guardianship via its public platform and social media. The organisation states that profits from its Fear Free vet service help fund its rescue work.",Runs a 100% Fear Free certified mobile veterinary clinic in Melbourne | Provides community outreach said to supply animal care services and supplies to vulnerable community members to help keep pets with their owners | Conducts animal rescue and life‑saving rescue work | Delivers education and advocacy about responsible pet guardianship via its public platform,Animals in need of veterinary care or rescue | Vulnerable pet‑owning community members experiencing hardship,Clients access mobile vet clinic services | Community members receive animal care services and supplies through outreach programs | Education and advocacy delivered via the organisation's public platform and social media,543901,679638,,,,acnc-register:purpose.animal_welfare | acnc-register:beneficiary.people_with_disability | causebase:cause.animal_welfare | causebase:activity.direct_service | causebase:activity.advocacy | causebase:beneficiary.people_experiencing_disadvantage | causebase:geography.local_or_regional | causebase:organisation.local,phase2b-2026-08-14-rc4-fundraising-projection-correction
cb_73a3745783b14690b17f97c648789ee4,unknown,abn:28287305180,Anglican Camping Tasmania Commission,Anglican Camping Tasmania Commission,registered,enriched,"[{""capability"": ""regulatory"", ""evidence_ids"": [""ev:acnc:28287305180""], ""freshness_note"": null, ""observed_at"": ""2026-08-10"", ""source_record_id"": null, ""status"": ""observed""}, {""capability"": ""annual_report"", ""evidence_ids"": [], ""freshness_note"": null, ""observed_at"": ""2026-08-10"", ""source_record_id"": null, ""status"": ""not_yet_processed""}, {""capability"": ""fundraising_expenditure"", ""evidence_ids"": [], ""freshness_note"": null, ""observed_at"": ""2026-08-10"", ""source_record_id"": null, ""status"": ""not_yet_processed""}, {""capability"": ""financials"", ""evidence_ids"": [], ""freshness_note"": null, ""observed_at"": ""2026-08-10"", ""source_record_id"": null, ""status"": ""not_found_in_source""}, {""capability"": ""latest_acnc_ais"", ""evidence_ids"": [""ev:acnc:ais:28287305180:f72df1ea-5347-f111-bec7-6045bde5b920""], ""freshness_note"": ""Latest submitted AIS detail acquired from the public ACNC entity endpoint."", ""observed_at"": ""2026-05-04"", ""source_record_id"": ""src:acnc-ais-detail:28287305180:f72df1ea-5347-f111-bec7-6045bde5b920:cb_73a3745783b14690b17f97c648789ee4"", ""status"": ""observed""}, {""capability"": ""website"", ""evidence_ids"": [], ""freshness_note"": ""Public website locator acquired from the ACNC profile."", ""observed_at"": ""2026-08-13"", ""source_record_id"": null, ""status"": ""observed""}]",https://anglicancamping.org,Tasmania | Port Sorell | Huon | Derby | Blue Lagoon | Camp Banksia | Mayfield,"Anglican Camping Tasmania is a ministry of the Anglican Diocese of Tasmania that runs residential Christian camping programs for children and young people in grades 3–12. It operates summer and other seasonal camps at multiple sites around Tasmania, including Port Sorell, Huon, Derby, Blue Lagoon, Camp Banksia and Mayfield. The organisation runs scheduled summer camps (several listed for January 2027) and a Leaders in Training program for students in grades 9–12, including multiple LiT sessions noted for 2026. Camps combine supervised activities, community-building and leadership development and welcome campers from a variety of backgrounds and schools.",Running residential camps for school-aged children and teenagers | Operating a Leaders in Training program for older teenagers (Grades 9–12) | Delivering scheduled seasonal camps and other camps throughout the year,Campers who are children and young people (school grades 3–12) | Participants in leadership training (students in grades 9–12),Attending as a camper (school-aged children and teenagers) | Participating as a leader-in-training (students in grades 9–12),,,,,,acnc-register:purpose.religion | acnc-register:beneficiary.children | causebase:activity.direct_service | causebase:activity.events_and_public_programming | causebase:geography.local_or_regional | causebase:organisation.local,phase2b-2026-08-14-rc4-fundraising-projection-correction
cb_e409c199dea145ba9015e574821c7d1c,unknown,abn:20140575274,4LIFESKILLS INC.,4LIFESKILLS INC.,registered,enriched,"[{""capability"": ""regulatory"", ""evidence_ids"": [""ev:acnc:20140575274""], ""freshness_note"": null, ""observed_at"": ""2026-08-10"", ""source_record_id"": null, ""status"": ""observed""}, {""capability"": ""annual_report"", ""evidence_ids"": [], ""freshness_note"": null, ""observed_at"": ""2026-08-10"", ""source_record_id"": null, ""status"": ""not_yet_processed""}, {""capability"": ""fundraising_expenditure"", ""evidence_ids"": [], ""freshness_note"": ""No direct or defensible derived fundraising expenditure was found in selected Phase 2A evidence."", ""observed_at"": ""2026-08-10"", ""source_record_id"": null, ""status"": ""not_available_from_source""}, {""capability"": ""financials"", ""evidence_ids"": [""ev:ais:20140575274:2023""], ""freshness_note"": null, ""observed_at"": ""2026-08-10"", ""source_record_id"": null, ""status"": ""observed""}, {""capability"": ""latest_acnc_ais"", ""evidence_ids"": [""ev:acnc:ais:20140575274:c126de51-cac9-f011-bbd3-000d3ad10b92""], ""freshness_note"": ""Latest submitted AIS detail acquired from the public ACNC entity endpoint."", ""observed_at"": ""2025-11-25"", ""source_record_id"": ""src:acnc-ais-detail:20140575274:c126de51-cac9-f011-bbd3-000d3ad10b92:cb_e409c199dea145ba9015e574821c7d1c"", ""status"": ""observed""}, {""capability"": ""website"", ""evidence_ids"": [], ""freshness_note"": ""Public website locator acquired from the ACNC profile."", ""observed_at"": ""2026-08-13"", ""source_record_id"": null, ""status"": ""observed""}]",www.4lifeskills.org.au,Western Australia | Australia,"4LIFESKILLS INC. is an Australian not-for-profit based in Rockingham, Western Australia that provides personalised support services for young people and adults living with disability. In the organisation’s 2022–23 reporting period it describes one-to-one and daily supports focused on building independence and social connections, creative and leisure activities such as pottery sessions in Rockingham, assistance to enable participants to exhibit or share artwork, and short-breaks or holiday support options. The organisation also engages with corporate sponsors. Services are described as goal‑focused and tailored to individual aims such as employment, independent living and social participation.",Personalised disability support services | Creative and leisure sessions (example: pottery session in Rockingham) | Support to enable participants to exhibit or share artwork | Short-breaks and holiday support options | Corporate sponsorship engagement,Young people and adults living with disability,Attendance at creative or community sessions (e.g. pottery) | Engagement with personalised support planning and daily support | Corporate sponsorship engagement,6957588,7115503,,,,acnc-register:purpose.social_welfare | acnc-register:beneficiary.children | causebase:cause.community_wellbeing | causebase:beneficiary.people_experiencing_disadvantage | causebase:activity.direct_service | causebase:activity.events_and_public_programming | causebase:participation.public_events | causebase:geography.australia | causebase:geography.local_or_regional | causebase:organisation.local,phase2b-2026-08-14-rc4-fundraising-projection-correction
cb_1d807c7224554c99a7b12d1c01be8058,unknown,abn:50798979881,Backyard Ministries Incorporated,Backyard Ministries Incorporated,registered,enriched,"[{""capability"": ""regulatory"", ""evidence_ids"": [""ev:acnc:50798979881""], ""freshness_note"": null, ""observed_at"": ""2026-08-10"", ""source_record_id"": null, ""status"": ""observed""}, {""capability"": ""annual_report"", ""evidence_ids"": [], ""freshness_note"": null, ""observed_at"": ""2026-08-10"", ""source_record_id"": null, ""status"": ""not_yet_processed""}, {""capability"": ""fundraising_expenditure"", ""evidence_ids"": [], ""freshness_note"": ""No direct or defensible derived fundraising expenditure was found in selected Phase 2A evidence."", ""observed_at"": ""2026-08-10"", ""source_record_id"": null, ""status"": ""not_available_from_source""}, {""capability"": ""financials"", ""evidence_ids"": [""ev:ais:50798979881:2023""], ""freshness_note"": null, ""observed_at"": ""2026-08-10"", ""source_record_id"": null, ""status"": ""observed""}, {""capability"": ""latest_acnc_ais"", ""evidence_ids"": [""ev:acnc:ais:50798979881:4cafc6dc-614f-f011-877b-6045bdc235e4""], ""freshness_note"": ""Latest submitted AIS detail acquired from the public ACNC entity endpoint."", ""observed_at"": ""2025-06-22"", ""source_record_id"": ""src:acnc-ais-detail:50798979881:4cafc6dc-614f-f011-877b-6045bdc235e4:cb_1d807c7224554c99a7b12d1c01be8058"", ""status"": ""observed""}, {""capability"": ""website"", ""evidence_ids"": [], ""freshness_note"": ""Public website locator acquired from the ACNC profile."", ""observed_at"": ""2026-08-13"", ""source_record_id"": null, ""status"": ""observed""}]",www.zoom/us.com,Australian Capital Territory (ACT),"Backyard Ministries Incorporated is a registered charity located in the Australian Capital Territory. The organisation appears on the Australian Charities and Not‑for‑profits Commission register and lodged an Annual Information Statement covering the year 1 July 2022 to 30 June 2023. CauseBase does not have sufficient descriptive evidence in this release to independently identify the organisation's specific activities, programs or intended beneficiaries. Additional public materials (for example a website, published annual report or program descriptions) would be needed to describe the concrete work Backyard Ministries undertakes and who it serves.",,,,129198,103761,,,,acnc-register:purpose.religion | acnc-register:beneficiary.older_people | causebase:geography.australia | causebase:geography.local_or_regional | causebase:organisation.local,phase2b-2026-08-14-rc4-fundraising-projection-correction
cb_6e84f6522eae4d21ad0618c21a7aa82e,unknown,abn:53597260800,Alice As One Incorporated,Alice As One Incorporated,registered,enriched,"[{""capability"": ""regulatory"", ""evidence_ids"": [""ev:acnc:53597260800""], ""freshness_note"": null, ""observed_at"": ""2026-08-10"", ""source_record_id"": null, ""status"": ""observed""}, {""capability"": ""annual_report"", ""evidence_ids"": [], ""freshness_note"": null, ""observed_at"": ""2026-08-10"", ""source_record_id"": null, ""status"": ""not_yet_processed""}, {""capability"": ""fundraising_expenditure"", ""evidence_ids"": [], ""freshness_note"": null, ""observed_at"": ""2026-08-10"", ""source_record_id"": null, ""status"": ""not_yet_processed""}, {""capability"": ""financials"", ""evidence_ids"": [], ""freshness_note"": null, ""observed_at"": ""2026-08-10"", ""source_record_id"": null, ""status"": ""not_found_in_source""}, {""capability"": ""latest_acnc_ais"", ""evidence_ids"": [], ""freshness_note"": ""No submitted AIS was returned by the public ACNC profile endpoint."", ""observed_at"": ""2026-08-13"", ""source_record_id"": ""src:acnc-public-profile:53597260800:44245a8c-69c6-ee11-907a-00224893b304:cb_6e84f6522eae4d21ad0618c21a7aa82e"", ""status"": ""not_available_from_source""}, {""capability"": ""website"", ""evidence_ids"": [], ""freshness_note"": ""Public website locator acquired from the ACNC profile."", ""observed_at"": ""2026-08-13"", ""source_record_id"": null, ""status"": ""observed""}]",https://aliceasone.com/,Northern Territory (NT) | Australia,"Alice As One Incorporated is an incorporated not‑for‑profit organisation recorded as operating in the Northern Territory, Australia. CauseBase has only a regulatory record for this entity and the available evidence does not describe its programs, services, beneficiaries or modes of participation. CauseBase does not have sufficient descriptive evidence in this release to independently identify specific activities or beneficiaries for Alice As One Incorporated.",,,,,,,,,acnc-register:purpose.other_purpose | acnc-register:beneficiary.young_people | causebase:geography.australia | causebase:geography.local_or_regional,phase2b-2026-08-14-rc4-fundraising-projection-correction
cb_637fedbb4541485caadb1f40cf25d1a8,unknown,abn:31650257585,Central Queensland Aboriginal Corporation For Cultural Activities,Central Queensland Aboriginal Corporation For Cultural Activities,registered,enriched,"[{""capability"": ""regulatory"", ""evidence_ids"": [""ev:acnc:31650257585""], ""freshness_note"": null, ""observed_at"": ""2026-08-10"", ""source_record_id"": null, ""status"": ""observed""}, {""capability"": ""annual_report"", ""evidence_ids"": [], ""freshness_note"": null, ""observed_at"": ""2026-08-10"", ""source_record_id"": null, ""status"": ""not_yet_processed""}, {""capability"": ""website"", ""evidence_ids"": [], ""freshness_note"": null, ""observed_at"": ""2026-08-10"", ""source_record_id"": null, ""status"": ""not_available_from_source""}, {""capability"": ""fundraising_expenditure"", ""evidence_ids"": [], ""freshness_note"": null, ""observed_at"": ""2026-08-10"", ""source_record_id"": null, ""status"": ""not_yet_processed""}, {""capability"": ""financials"", ""evidence_ids"": [], ""freshness_note"": null, ""observed_at"": ""2026-08-10"", ""source_record_id"": null, ""status"": ""not_found_in_source""}, {""capability"": ""latest_acnc_ais"", ""evidence_ids"": [""ev:acnc:ais:31650257585:61b95ab0-46c8-e811-a963-000d3ad24a0d""], ""freshness_note"": ""Latest submitted AIS detail acquired from the public ACNC entity endpoint."", ""observed_at"": ""2013-09-12"", ""source_record_id"": ""src:acnc-ais-detail:31650257585:61b95ab0-46c8-e811-a963-000d3ad24a0d:cb_637fedbb4541485caadb1f40cf25d1a8"", ""status"": ""observed""}]",,Queensland (QLD),"Central Queensland Aboriginal Corporation For Cultural Activities is an organisation that, from its name and registry record, operates in Central Queensland, Queensland. The name indicates it is involved in cultural activities and references Aboriginal people as beneficiaries. CauseBase does not have descriptive material in this release that details the organisation’s specific programs, activities, locations of operation within Central Queensland, or the precise groups it serves beyond the name reference.",Cultural activities,Aboriginal people,,,,,,,acnc-register:purpose.culture | acnc-register:beneficiary.other_beneficiary | causebase:cause.culture_and_heritage | causebase:geography.local_or_regional | causebase:geography.australia | causebase:organisation.local,phase2b-2026-08-14-rc4-fundraising-projection-correction
cb_ee13568163c645e2a5a5061d3897188f,unknown,abn:84981035169,Abounding Life Foundation,Abounding Life Foundation,registered,enriched,"[{""capability"": ""regulatory"", ""evidence_ids"": [""ev:acnc:84981035169""], ""freshness_note"": null, ""observed_at"": ""2026-08-10"", ""source_record_id"": null, ""status"": ""observed""}, {""capability"": ""annual_report"", ""evidence_ids"": [], ""freshness_note"": null, ""observed_at"": ""2026-08-10"", ""source_record_id"": null, ""status"": ""not_yet_processed""}, {""capability"": ""fundraising_expenditure"", ""evidence_ids"": [], ""freshness_note"": null, ""observed_at"": ""2026-08-10"", ""source_record_id"": null, ""status"": ""not_yet_processed""}, {""capability"": ""financials"", ""evidence_ids"": [], ""freshness_note"": null, ""observed_at"": ""2026-08-10"", ""source_record_id"": null, ""status"": ""not_found_in_source""}, {""capability"": ""latest_acnc_ais"", ""evidence_ids"": [""ev:acnc:ais:84981035169:3578b1c7-1e06-f111-8406-7ced8d33fdea""], ""freshness_note"": ""Latest submitted AIS detail acquired from the public ACNC entity endpoint."", ""observed_at"": ""2026-01-27"", ""source_record_id"": ""src:acnc-ais-detail:84981035169:3578b1c7-1e06-f111-8406-7ced8d33fdea:cb_ee13568163c645e2a5a5061d3897188f"", ""status"": ""observed""}, {""capability"": ""website"", ""evidence_ids"": [], ""freshness_note"": ""Public website locator acquired from the ACNC profile."", ""observed_at"": ""2026-08-13"", ""source_record_id"": null, ""status"": ""observed""}]",https://www.nadermansour.com,Australia | online / international,"Abounding Life Foundation (branded around Nader Mansour) is an Australia-based online Christian ministry with international reach. It publishes practical Bible teaching through video sermons and lectures, structured online courses marketed as ""My Bible Academy"", written study materials and audio sermons/podcasts. The site includes a user registration and course enrolment system, invites users to submit testimonies, and provides an online donation option labelled ""Give."" The organisation presents its content as aimed at helping people read, understand and apply the Bible; it targets Christians and church leaders who use online teaching resources and encourages participation by watching videos, enrolling in courses, reading materials and listening to audio resources.",online video sermons and lectures | structured online courses (My Bible Academy) | written articles and study materials | audio resources (podcast/sermon audio) | user registration and course enrolment system | collection of testimonies | online donation option ('Give'),"people seeking to read, understand or apply the Bible | Christians and church leaders who use online teaching resources",watching video sermons | enrolling in online courses | reading written resources | listening to audio resources | creating an online account / registering | submitting testimonies | making online donations,,,,,,acnc-register:purpose.religion | acnc-register:beneficiary.general_community | causebase:activity.events_and_public_programming | causebase:participation.public_events | causebase:beneficiary.general_community | causebase:geography.australia,phase2b-2026-08-14-rc4-fundraising-projection-correction
cb_594bc869fd134d30b934d40975343c63,unknown,abn:46451431764,K2C Incorporated,K2C Incorporated,registered,enriched,"[{""capability"": ""regulatory"", ""evidence_ids"": [""ev:acnc:46451431764""], ""freshness_note"": null, ""observed_at"": ""2026-08-10"", ""source_record_id"": null, ""status"": ""observed""}, {""capability"": ""annual_report"", ""evidence_ids"": [], ""freshness_note"": null, ""observed_at"": ""2026-08-10"", ""source_record_id"": null, ""status"": ""not_yet_processed""}, {""capability"": ""fundraising_expenditure"", ""evidence_ids"": [], ""freshness_note"": ""No direct or defensible derived fundraising expenditure was found in selected Phase 2A evidence."", ""observed_at"": ""2026-08-10"", ""source_record_id"": null, ""status"": ""not_available_from_source""}, {""capability"": ""financials"", ""evidence_ids"": [""ev:ais:46451431764:2023""], ""freshness_note"": null, ""observed_at"": ""2026-08-10"", ""source_record_id"": null, ""status"": ""observed""}, {""capability"": ""latest_acnc_ais"", ""evidence_ids"": [""ev:acnc:ais:46451431764:51d66582-8f0b-f111-8406-6045bde5b710""], ""freshness_note"": ""Latest submitted AIS detail acquired from the public ACNC entity endpoint."", ""observed_at"": ""2026-02-16"", ""source_record_id"": ""src:acnc-ais-detail:46451431764:51d66582-8f0b-f111-8406-6045bde5b710:cb_594bc869fd134d30b934d40975343c63"", ""status"": ""observed""}, {""capability"": ""website"", ""evidence_ids"": [], ""freshness_note"": ""Public website locator acquired from the ACNC profile."", ""observed_at"": ""2026-08-13"", ""source_record_id"": null, ""status"": ""observed""}]",https://landcare.nsw.gov.au/groups/kosciuszko-to-coast/,South‑east New South Wales (K2C region) | Australian Capital Territory (rural lessees) | Australia,"K2C Incorporated (Kosciuszko to Coast, K2C) is a partnership of fourteen organisations that delivers natural resource management and environment services across the Kosciuszko to Coast region of south‑east New South Wales and to rural lessees in the Australian Capital Territory. K2C runs a Land for Wildlife property registration and assessment program, delivers projects such as “Being a Good Neighbour to the Bush for the Yass Gorge”, and runs workshops on habitat and threatened species (including Scarlet Robin) under the Saving Our Species framework. It organises public events and site visits (examples: Feeling Fishy Day, Maffra Lake TSR) and publishes local fauna news (items on quolls and arboreal mammals). Partners work with land owners, landcare groups and local community members to support on‑ground natural resource management and habitat activities.","Delivering natural resource management and environment services | Running workshops on habitat and threatened species (Scarlet Robin) | Operating a Land for Wildlife property registration and assessment program | Delivering the ""Being a Good Neighbour to the Bush for the Yass Gorge"" project | Running public events and site visits (e.g. Feeling Fishy Day, Maffra Lake TSR) | Publishing local fauna news and information (e.g. quolls, arboreal mammals)","Land owners and managers | Landcare groups | Local community in the K2C region | Wildlife (examples named: Scarlet Robin, quolls)",Partner organisations working together | Landholder participation in Land for Wildlife registrations and assessments | Attendance at workshops and public events,0,0,,,,acnc-register:purpose.environment | acnc-register:beneficiary.other_beneficiary | causebase:cause.environment | causebase:beneficiary.wildlife | causebase:beneficiary.general_community | causebase:activity.environmental_restoration | causebase:activity.events_and_public_programming | causebase:activity.direct_service | causebase:approach.community_partnership | causebase:participation.public_events,phase2b-2026-08-14-rc4-fundraising-projection-correction
cb_d38c5da0434e4170aefe64d805d24ed3,unknown,abn:39645963266,HOPEBOX AUSTRALIA LTD,HOPEBOX AUSTRALIA LTD,registered,enriched,"[{""capability"": ""regulatory"", ""evidence_ids"": [""ev:acnc:39645963266""], ""freshness_note"": null, ""observed_at"": ""2026-08-10"", ""source_record_id"": null, ""status"": ""observed""}, {""capability"": ""annual_report"", ""evidence_ids"": [], ""freshness_note"": null, ""observed_at"": ""2026-08-10"", ""source_record_id"": null, ""status"": ""not_yet_processed""}, {""capability"": ""fundraising_expenditure"", ""evidence_ids"": [], ""freshness_note"": ""No direct or defensible derived fundraising expenditure was found in selected Phase 2A evidence."", ""observed_at"": ""2026-08-10"", ""source_record_id"": null, ""status"": ""not_available_from_source""}, {""capability"": ""financials"", ""evidence_ids"": [""ev:ais:39645963266:2023""], ""freshness_note"": null, ""observed_at"": ""2026-08-10"", ""source_record_id"": null, ""status"": ""observed""}, {""capability"": ""latest_acnc_ais"", ""evidence_ids"": [""ev:acnc:ais:39645963266:2ffba62c-390c-f111-8407-002248111f49""], ""freshness_note"": ""Latest submitted AIS detail acquired from the public ACNC entity endpoint."", ""observed_at"": ""2026-02-17"", ""source_record_id"": ""src:acnc-ais-detail:39645963266:2ffba62c-390c-f111-8407-002248111f49:cb_d38c5da0434e4170aefe64d805d24ed3"", ""status"": ""observed""}, {""capability"": ""website"", ""evidence_ids"": [], ""freshness_note"": ""Public website locator acquired from the ACNC profile."", ""observed_at"": ""2026-08-13"", ""source_record_id"": null, ""status"": ""observed""}]",www.hopeboxaustralia.com.au,Australian Capital Territory (ACT) | Australia,"HOPEBOX AUSTRALIA LTD is a registered charity based in the Australian Capital Territory that operates in Australia. Registry records associated with the organisation list its legal name, a website address and the Australian Capital Territory as its location, and show it filed an Annual Information Statement covering the year to 31 January 2024. CauseBase does not have sufficient descriptive evidence in this release to independently identify specific activities, programs or beneficiary groups for this organisation. CauseBase could not retrieve content from the organisation’s listed website at the time of capture; the available regulatory extracts provide legal identity and location but do not describe services, target populations or modes of delivery.",,,,8328,0,,,,acnc-register:purpose.social_welfare | acnc-register:beneficiary.regional_remote | causebase:geography.australia | causebase:geography.local_or_regional | causebase:organisation.local,phase2b-2026-08-14-rc4-fundraising-projection-correction
cb_624e1ae15c664c119cf780ca69df71ba,unknown,abn:83624508961,ACC TAS MINISTRIES LTD,ACC TAS MINISTRIES LTD,registered,enriched,"[{""capability"": ""regulatory"", ""evidence_ids"": [""ev:acnc:83624508961""], ""freshness_note"": null, ""observed_at"": ""2026-08-10"", ""source_record_id"": null, ""status"": ""observed""}, {""capability"": ""annual_report"", ""evidence_ids"": [], ""freshness_note"": null, ""observed_at"": ""2026-08-10"", ""source_record_id"": null, ""status"": ""not_yet_processed""}, {""capability"": ""fundraising_expenditure"", ""evidence_ids"": [], ""freshness_note"": ""No direct or defensible derived fundraising expenditure was found in selected Phase 2A evidence."", ""observed_at"": ""2026-08-10"", ""source_record_id"": null, ""status"": ""not_available_from_source""}, {""capability"": ""financials"", ""evidence_ids"": [""ev:ais:83624508961:2023""], ""freshness_note"": null, ""observed_at"": ""2026-08-10"", ""source_record_id"": null, ""status"": ""observed""}, {""capability"": ""latest_acnc_ais"", ""evidence_ids"": [""ev:acnc:ais:83624508961:0930ef35-9790-f111-8076-70a8a5547601""], ""freshness_note"": ""Latest submitted AIS detail acquired from the public ACNC entity endpoint."", ""observed_at"": ""2026-08-05"", ""source_record_id"": ""src:acnc-ais-detail:83624508961:0930ef35-9790-f111-8076-70a8a5547601:cb_624e1ae15c664c119cf780ca69df71ba"", ""status"": ""observed""}, {""capability"": ""website"", ""evidence_ids"": [], ""freshness_note"": ""Public website locator acquired from the ACNC profile."", ""observed_at"": ""2026-08-13"", ""source_record_id"": null, ""status"": ""observed""}]",www.youthalivetas.com.au,Australia,"ACC TAS MINISTRIES LTD (operating as Youth Alive) is an Australian organisation that frames its purpose in religious language, saying it exists so that every young person in Australia “lives their full God purpose.” Its website offers an email sign-up for news and updates and includes a partners section. The organisation is described as operating in Australia. CauseBase does not have detailed descriptive evidence in this release of specific programs, direct service activities, or additional beneficiary groups beyond young people in Australia.",Publishes news and updates via an email subscription form,Young people in Australia,Email subscription for news and updates,88470,82490,,,,acnc-register:purpose.religion | acnc-register:beneficiary.young_people | causebase:geography.australia | causebase:organisation.national,phase2b-2026-08-14-rc4-fundraising-projection-correction
cb_6b2097060d424bdf8858dde71c901dbb,unknown,abn:30091040649,International China Concern (Australia) Ltd,International China Concern (Australia) Ltd,registered,enriched,"[{""capability"": ""regulatory"", ""evidence_ids"": [""ev:acnc:30091040649""], ""freshness_note"": null, ""observed_at"": ""2026-08-10"", ""source_record_id"": null, ""status"": ""observed""}, {""capability"": ""annual_report"", ""evidence_ids"": [], ""freshness_note"": null, ""observed_at"": ""2026-08-10"", ""source_record_id"": null, ""status"": ""not_yet_processed""}, {""capability"": ""fundraising_expenditure"", ""evidence_ids"": [], ""freshness_note"": ""No direct or defensible derived fundraising expenditure was found in selected Phase 2A evidence."", ""observed_at"": ""2026-08-10"", ""source_record_id"": null, ""status"": ""not_available_from_source""}, {""capability"": ""financials"", ""evidence_ids"": [""ev:ais:30091040649:2023""], ""freshness_note"": null, ""observed_at"": ""2026-08-10"", ""source_record_id"": null, ""status"": ""observed""}, {""capability"": ""latest_acnc_ais"", ""evidence_ids"": [""ev:acnc:ais:30091040649:8b28b687-a12b-f011-8c4d-6045bdc24e13""], ""freshness_note"": ""Latest submitted AIS detail acquired from the public ACNC entity endpoint."", ""observed_at"": ""2025-05-08"", ""source_record_id"": ""src:acnc-ais-detail:30091040649:8b28b687-a12b-f011-8c4d-6045bdc24e13:cb_6b2097060d424bdf8858dde71c901dbb"", ""status"": ""observed""}, {""capability"": ""website"", ""evidence_ids"": [], ""freshness_note"": ""Public website locator acquired from the ACNC profile."", ""observed_at"": ""2026-08-13"", ""source_record_id"": null, ""status"": ""observed""}]",chinaconcern.org,"Victoria, Australia","International China Concern (Australia) Ltd is an organisation registered in Victoria, Australia. Available materials include a website with a privacy policy describing collection of IP addresses, use of cookies, SSL encryption for transactions and links to third‑party payment providers, and a complaints policy that applies to members of the public, volunteers, staff and board members. The complaints policy outlines seven handling stages (acknowledgement, assessment, planning, investigation, response, review and systemic follow‑up), refers to biblical principles as guiding principles, and notes volunteers as a stakeholder group. The organisation also references a mission and vision page. CauseBase does not have sufficient descriptive evidence in this release to independently identify specific activities delivered or the intended beneficiary groups.",,,Volunteering (mentioned in complaints policy as a stakeholder group),899398,945189,,,,acnc-register:purpose.health | acnc-register:beneficiary.children | causebase:geography.australia | causebase:geography.local_or_regional | causebase:participation.volunteering,phase2b-2026-08-14-rc4-fundraising-projection-correction
cb_5a2477c3be6941b485a66cf71c5cfb7f,unknown,abn:16055396731,Northern Rivers Animal Services Inc.,Northern Rivers Animal Services Inc.,registered,enriched,"[{""capability"": ""regulatory"", ""evidence_ids"": [""ev:acnc:16055396731""], ""freshness_note"": null, ""observed_at"": ""2026-08-10"", ""source_record_id"": null, ""status"": ""observed""}, {""capability"": ""annual_report"", ""evidence_ids"": [], ""freshness_note"": null, ""observed_at"": ""2026-08-10"", ""source_record_id"": null, ""status"": ""not_yet_processed""}, {""capability"": ""fundraising_expenditure"", ""evidence_ids"": [], ""freshness_note"": ""No direct or defensible derived fundraising expenditure was found in selected Phase 2A evidence."", ""observed_at"": ""2026-08-10"", ""source_record_id"": null, ""status"": ""not_available_from_source""}, {""capability"": ""financials"", ""evidence_ids"": [""ev:ais:16055396731:2023""], ""freshness_note"": null, ""observed_at"": ""2026-08-10"", ""source_record_id"": null, ""status"": ""observed""}, {""capability"": ""latest_acnc_ais"", ""evidence_ids"": [""ev:acnc:ais:16055396731:640b12e7-f6fb-f011-8406-00224891bae2""], ""freshness_note"": ""Latest submitted AIS detail acquired from the public ACNC entity endpoint."", ""observed_at"": ""2026-01-28"", ""source_record_id"": ""src:acnc-ais-detail:16055396731:640b12e7-f6fb-f011-8406-00224891bae2:cb_5a2477c3be6941b485a66cf71c5cfb7f"", ""status"": ""observed""}, {""capability"": ""website"", ""evidence_ids"": [], ""freshness_note"": ""Public website locator acquired from the ACNC profile."", ""observed_at"": ""2026-08-13"", ""source_record_id"": null, ""status"": ""observed""}]",www.nras.org.au,"Northern Rivers region, New South Wales | Ballina, New South Wales","Northern Rivers Animal Services (NRAS) is a self-funded, not-for-profit registered charity based in Ballina that rescues abandoned, abused, lost and unwanted dogs and cats across the Northern Rivers region of New South Wales. NRAS operates a rescue shelter at 61 Piper Drive, Ballina, places animals in foster care and runs monthly Adoption Days (first Saturday, 10:00–13:00) where prospective adopters can meet animals and access services such as microchipping, nail clipping and hydrobathing. Animals are desexed, microchipped, vaccinated and vet-checked prior to adoption. NRAS also runs a subsidised desexing program, operates an op shop in Ballina and stages community events (including Dogs Day Out and a pet calendar competition). Volunteer roles include foster caring, shelter and shop staffing, transport and general maintenance.","Rescue and foster care for abandoned, abused, lost and unwanted dogs and cats | Operating NRAS Rescue Shelter at 61 Piper Drive, Ballina (shelter operations) | Hosting monthly Adoption Days (first Saturday, 10:00–13:00) | Providing microchipping, nail clipping and hydrobathing services at Adoption Days | Desexing, microchipping, vaccination and veterinary checks prior to adoption | Running a subsidised desexing program | Operating an op shop in Ballina | Running community events (Dogs Day Out, pet calendar competition)","Abandoned, abused, lost and unwanted dogs and cats | People seeking to adopt dogs or cats (attendees of Adoption Days)",Foster caring | Volunteering at the shelter | Volunteering at the Ballina op shop | Assisting at community events (event staffing) | Providing animal transport | Tending gardens and general maintenance | Becoming a member (nominal annual fee) | Donating (including gifts in wills); attending Adoption Day public events,328748,350299,,,,acnc-register:purpose.animal_welfare | acnc-register:beneficiary.young_people | causebase:cause.animal_welfare | causebase:activity.direct_service | causebase:activity.events_and_public_programming | causebase:approach.volunteer_enabled | causebase:participation.volunteering | causebase:participation.public_events | causebase:participation.working_bees | causebase:geography.local_or_regional,phase2b-2026-08-14-rc4-fundraising-projection-correction
cb_dfde509267854aa8866f6f904215b7e9,unknown,abn:22007498482,Australian Conservation Foundation Incorporated,Australian Conservation Foundation Incorporated,registered,enriched,"[{""capability"": ""regulatory"", ""evidence_ids"": [""ev:acnc:22007498482""], ""freshness_note"": null, ""observed_at"": ""2026-08-10"", ""source_record_id"": null, ""status"": ""observed""}, {""capability"": ""annual_report"", ""evidence_ids"": [], ""freshness_note"": null, ""observed_at"": ""2026-08-10"", ""source_record_id"": null, ""status"": ""not_yet_processed""}, {""capability"": ""fundraising_expenditure"", ""evidence_ids"": [], ""freshness_note"": ""No direct or defensible derived fundraising expenditure was found in selected Phase 2A evidence."", ""observed_at"": ""2026-08-10"", ""source_record_id"": null, ""status"": ""not_available_from_source""}, {""capability"": ""financials"", ""evidence_ids"": [""ev:ais:22007498482:2023""], ""freshness_note"": null, ""observed_at"": ""2026-08-10"", ""source_record_id"": null, ""status"": ""observed""}, {""capability"": ""latest_acnc_ais"", ""evidence_ids"": [""ev:acnc:ais:22007498482:e6cbd508-8ad5-f011-8544-6045bde73a73""], ""freshness_note"": ""Latest submitted AIS detail acquired from the public ACNC entity endpoint."", ""observed_at"": ""2025-12-10"", ""source_record_id"": ""src:acnc-ais-detail:22007498482:e6cbd508-8ad5-f011-8544-6045bde73a73:cb_dfde509267854aa8866f6f904215b7e9"", ""status"": ""observed""}, {""capability"": ""website"", ""evidence_ids"": [], ""freshness_note"": ""Public website locator acquired from the ACNC profile."", ""observed_at"": ""2026-08-13"", ""source_record_id"": null, ""status"": ""observed""}]",www.acf.org.au,Australia (national campaigning on federal issues) | Victoria (registered location on ACNC),"Australian Conservation Foundation Incorporated is an environmental advocacy organisation registered in Victoria that campaigns nationally across Australia. It runs public campaigns on climate, nature and land-use issues using petitions, open letters and submissions to federal decision-makers. The organisation raises funds to support legal action in environmental cases, organises public programs such as bushwalks and a children’s wildlife art competition, and recruits and supports local volunteer groups. It also promotes targeted corporate and government actions (for example on deforestation and fossil-fuel projects) and solicits signatures for parliamentary and ministerial submissions.","Running petitions and open letters aimed at companies and government | Fundraising to support legal action in environmental cases | Preparing submissions to federal government decision-makers | Organising public events and programs (bushwalks, children’s wildlife art competition) | Recruiting volunteers and supporting local volunteer groups",Wildlife | Communities in Australia,"Volunteering | Public events (bushwalks, art competitions)",18128096,19263764,,,,acnc-register:purpose.environment | acnc-register:beneficiary.general_community | causebase:cause.environment | causebase:beneficiary.wildlife | causebase:activity.advocacy | causebase:activity.events_and_public_programming | causebase:approach.volunteer_enabled | causebase:participation.volunteering | causebase:participation.public_events | causebase:geography.australia,phase2b-2026-08-14-rc4-fundraising-projection-correction
cb_5391b7249cd04c7cb5252cea57d9c3d9,unknown,abn:86674411801,Animal Welfare Cairns Incorporated,Animal Welfare Cairns Incorporated,registered,enriched,"[{""capability"": ""regulatory"", ""evidence_ids"": [""ev:acnc:86674411801""], ""freshness_note"": null, ""observed_at"": ""2026-08-10"", ""source_record_id"": null, ""status"": ""observed""}, {""capability"": ""annual_report"", ""evidence_ids"": [], ""freshness_note"": null, ""observed_at"": ""2026-08-10"", ""source_record_id"": null, ""status"": ""not_yet_processed""}, {""capability"": ""website"", ""evidence_ids"": [], ""freshness_note"": null, ""observed_at"": ""2026-08-10"", ""source_record_id"": null, ""status"": ""not_available_from_source""}, {""capability"": ""fundraising_expenditure"", ""evidence_ids"": [], ""freshness_note"": ""No direct or defensible derived fundraising expenditure was found in selected Phase 2A evidence."", ""observed_at"": ""2026-08-10"", ""source_record_id"": null, ""status"": ""not_available_from_source""}, {""capability"": ""financials"", ""evidence_ids"": [""ev:ais:86674411801:2023""], ""freshness_note"": null, ""observed_at"": ""2026-08-10"", ""source_record_id"": null, ""status"": ""observed""}, {""capability"": ""latest_acnc_ais"", ""evidence_ids"": [""ev:acnc:ais:86674411801:e6a5e8e9-bf28-f111-8342-6045bdc47a8f""], ""freshness_note"": ""Latest submitted AIS detail acquired from the public ACNC entity endpoint."", ""observed_at"": ""2026-03-26"", ""source_record_id"": ""src:acnc-ais-detail:86674411801:e6a5e8e9-bf28-f111-8342-6045bdc47a8f:cb_5391b7249cd04c7cb5252cea57d9c3d9"", ""status"": ""observed""}]",,"Queensland (QLD), Australia","Animal Welfare Cairns Incorporated is an incorporated association based in Queensland, Australia, registered with the Australian Charities and Not-for-profits Commission. Financial reporting is available for the period 01/10/2022 to 30/09/2023. CauseBase does not have sufficient descriptive evidence in this release to independently identify the organisation’s specific activities, services or target beneficiaries.",,,,498644,332217,,,,acnc-register:purpose.other_purpose | acnc-register:beneficiary.young_people | causebase:geography.australia | causebase:geography.local_or_regional | causebase:organisation.local,phase2b-2026-08-14-rc4-fundraising-projection-correction
cb_d760af0d10734d6db5f4c29f5c75227d,unknown,abn:34669915333,ADMINISTRATORS FOR MINISTRIES LIMITED,ADMINISTRATORS FOR MINISTRIES LIMITED,registered,enriched,"[{""capability"": ""regulatory"", ""evidence_ids"": [""ev:acnc:34669915333""], ""freshness_note"": null, ""observed_at"": ""2026-08-10"", ""source_record_id"": null, ""status"": ""observed""}, {""capability"": ""annual_report"", ""evidence_ids"": [], ""freshness_note"": null, ""observed_at"": ""2026-08-10"", ""source_record_id"": null, ""status"": ""not_yet_processed""}, {""capability"": ""website"", ""evidence_ids"": [], ""freshness_note"": null, ""observed_at"": ""2026-08-10"", ""source_record_id"": null, ""status"": ""not_available_from_source""}, {""capability"": ""fundraising_expenditure"", ""evidence_ids"": [], ""freshness_note"": null, ""observed_at"": ""2026-08-10"", ""source_record_id"": null, ""status"": ""not_yet_processed""}, {""capability"": ""financials"", ""evidence_ids"": [], ""freshness_note"": null, ""observed_at"": ""2026-08-10"", ""source_record_id"": null, ""status"": ""not_found_in_source""}, {""capability"": ""latest_acnc_ais"", ""evidence_ids"": [""ev:acnc:ais:34669915333:eb54eb37-da86-f011-b4cc-0022481296ec""], ""freshness_note"": ""Latest submitted AIS detail acquired from the public ACNC entity endpoint."", ""observed_at"": ""2025-09-01"", ""source_record_id"": ""src:acnc-ais-detail:34669915333:eb54eb37-da86-f011-b4cc-0022481296ec:cb_d760af0d10734d6db5f4c29f5c75227d"", ""status"": ""observed""}]",,Queensland (state of registration) | Australia,"Administrators for Ministries Limited is a registered not‑for‑profit entity registered in Queensland, Australia. CauseBase does not have sufficient descriptive evidence in this release to independently identify the organisation’s specific activities, programs, or beneficiary groups. The only available record for this release is an ACNC register extract that shows the organisation’s legal name and state of registration but does not describe services, goals or participation modes.",,,,,,,,,acnc-register:purpose.religion | acnc-register:beneficiary.older_people | causebase:geography.australia | causebase:geography.local_or_regional,phase2b-2026-08-14-rc4-fundraising-projection-correction
cb_5754e5bcbf3c4a2fa8d59bace5e487c9,unknown,abn:49008643927,National Gallery Of Australia Foundation,National Gallery Of Australia Foundation,registered,enriched,"[{""capability"": ""regulatory"", ""evidence_ids"": [""ev:acnc:49008643927""], ""freshness_note"": null, ""observed_at"": ""2026-08-10"", ""source_record_id"": null, ""status"": ""observed""}, {""capability"": ""annual_report"", ""evidence_ids"": [], ""freshness_note"": null, ""observed_at"": ""2026-08-10"", ""source_record_id"": null, ""status"": ""not_yet_processed""}, {""capability"": ""fundraising_expenditure"", ""evidence_ids"": [], ""freshness_note"": ""No direct or defensible derived fundraising expenditure was found in selected Phase 2A evidence."", ""observed_at"": ""2026-08-10"", ""source_record_id"": null, ""status"": ""not_available_from_source""}, {""capability"": ""financials"", ""evidence_ids"": [""ev:ais:49008643927:2023""], ""freshness_note"": null, ""observed_at"": ""2026-08-10"", ""source_record_id"": null, ""status"": ""observed""}, {""capability"": ""latest_acnc_ais"", ""evidence_ids"": [""ev:acnc:ais:49008643927:be2e8fda-7a4a-f111-bec7-7ced8d33fe37""], ""freshness_note"": ""Latest submitted AIS detail acquired from the public ACNC entity endpoint."", ""observed_at"": ""2025-11-27"", ""source_record_id"": ""src:acnc-ais-detail:49008643927:be2e8fda-7a4a-f111-bec7-7ced8d33fe37:cb_5754e5bcbf3c4a2fa8d59bace5e487c9"", ""status"": ""observed""}, {""capability"": ""website"", ""evidence_ids"": [], ""freshness_note"": ""Public website locator acquired from the ACNC profile."", ""observed_at"": ""2026-08-13"", ""source_record_id"": null, ""status"": ""observed""}]",https://www.nga.gov.au,Australian Capital Territory (ACT) | Australia,"National Gallery Of Australia Foundation is a registered foundation based in the Australian Capital Territory, Australia. CauseBase does not have sufficient descriptive evidence in this release to independently identify the Foundation’s specific activities, beneficiaries or programmatic work. The available ACNC register entry and the 2022–23 AIS extract are recorded as source documents for this profile.",,,,5428187,5355927,,,,acnc-register:purpose.other_purpose | acnc-register:beneficiary.general_community | causebase:geography.australia | causebase:geography.local_or_regional | causebase:organisation.local,phase2b-2026-08-14-rc4-fundraising-projection-correction
cb_57b76ad8dc4d4628a4f07e602fbbcb44,unknown,abn:11580238789,DARWIN VOLUNTEER UNIT (NTES) ASSOCIATION INCORPORATION,DARWIN VOLUNTEER UNIT (NTES) ASSOCIATION INCORPORATION,registered,enriched,"[{""capability"": ""regulatory"", ""evidence_ids"": [""ev:acnc:11580238789""], ""freshness_note"": null, ""observed_at"": ""2026-08-10"", ""source_record_id"": null, ""status"": ""observed""}, {""capability"": ""annual_report"", ""evidence_ids"": [], ""freshness_note"": null, ""observed_at"": ""2026-08-10"", ""source_record_id"": null, ""status"": ""not_yet_processed""}, {""capability"": ""fundraising_expenditure"", ""evidence_ids"": [], ""freshness_note"": null, ""observed_at"": ""2026-08-10"", ""source_record_id"": null, ""status"": ""not_yet_processed""}, {""capability"": ""financials"", ""evidence_ids"": [], ""freshness_note"": null, ""observed_at"": ""2026-08-10"", ""source_record_id"": null, ""status"": ""not_found_in_source""}, {""capability"": ""latest_acnc_ais"", ""evidence_ids"": [""ev:acnc:ais:11580238789:ba5452f5-0683-f011-b4cc-000d3ad25630""], ""freshness_note"": ""Latest submitted AIS detail acquired from the public ACNC entity endpoint."", ""observed_at"": ""2025-08-27"", ""source_record_id"": ""src:acnc-ais-detail:11580238789:ba5452f5-0683-f011-b4cc-000d3ad25630:cb_57b76ad8dc4d4628a4f07e602fbbcb44"", ""status"": ""observed""}, {""capability"": ""website"", ""evidence_ids"": [], ""freshness_note"": ""Public website locator acquired from the ACNC profile."", ""observed_at"": ""2026-08-13"", ""source_record_id"": null, ""status"": ""observed""}]",pfes.nt.gov.au/emergency-service,Northern Territory (NT) | Australia,"Darwin Volunteer Unit (NTES) Association Incorporation is the volunteer component of the Northern Territory Emergency Service (NTES), part of NT Police, Fire and Emergency Services, operating across the Northern Territory. NTES maintains a volunteer-led response capability for floods, storms and cyclones, facilitates emergency management planning, and provides public information and community engagement on preparedness and public safety. Volunteers from a range of backgrounds support operational response activities and local community awareness initiatives, and NTES is affiliated with the Australia-wide State Emergency Service. The service publishes flood preparedness advice and practical guidance for residents and promotes community engagement in resilience and preparedness work.","Emergency management planning | Volunteer-led emergency response for floods, storms and cyclones | Public awareness and flood preparedness information | Community engagement activities (community engagement page)",Residents and communities of the Northern Territory,Volunteering through NTES units | Participation in community engagement and public information activities,,,,,,acnc-register:purpose.other_purpose | acnc-register:beneficiary.older_people | causebase:cause.humanitarian_assistance | causebase:cause.community_wellbeing | causebase:beneficiary.general_community | causebase:activity.direct_service | causebase:activity.events_and_public_programming | causebase:approach.volunteer_enabled | causebase:participation.volunteering | causebase:geography.local_or_regional,phase2b-2026-08-14-rc4-fundraising-projection-correction
cb_7b30bb821f1d4696a73b4bb70d701c6c,unknown,abn:99155905829,Australian Philanthropic Services Limited,Australian Philanthropic Services Limited,registered,enriched,"[{""capability"": ""regulatory"", ""evidence_ids"": [""ev:acnc:99155905829""], ""freshness_note"": null, ""observed_at"": ""2026-08-10"", ""source_record_id"": null, ""status"": ""observed""}, {""capability"": ""annual_report"", ""evidence_ids"": [], ""freshness_note"": null, ""observed_at"": ""2026-08-10"", ""source_record_id"": null, ""status"": ""not_yet_processed""}, {""capability"": ""fundraising_expenditure"", ""evidence_ids"": [], ""freshness_note"": ""No direct or defensible derived fundraising expenditure was found in selected Phase 2A evidence."", ""observed_at"": ""2026-08-10"", ""source_record_id"": null, ""status"": ""not_available_from_source""}, {""capability"": ""financials"", ""evidence_ids"": [""ev:ais:99155905829:2023""], ""freshness_note"": null, ""observed_at"": ""2026-08-10"", ""source_record_id"": null, ""status"": ""observed""}, {""capability"": ""latest_acnc_ais"", ""evidence_ids"": [""ev:acnc:ais:99155905829:40f21162-8c85-f111-ab0e-000d3ad27d82""], ""freshness_note"": ""Latest submitted AIS detail acquired from the public ACNC entity endpoint."", ""observed_at"": ""2026-01-28"", ""source_record_id"": ""src:acnc-ais-detail:99155905829:40f21162-8c85-f111-ab0e-000d3ad27d82:cb_7b30bb821f1d4696a73b4bb70d701c6c"", ""status"": ""observed""}, {""capability"": ""website"", ""evidence_ids"": [], ""freshness_note"": ""Public website locator acquired from the ACNC profile."", ""observed_at"": ""2026-08-13"", ""source_record_id"": null, ""status"": ""observed""}]",https://australianphilanthropicservices.com.au,New South Wales | Australia,"Australian Philanthropic Services Limited is a philanthropic services organisation operating in New South Wales and Australia (information current to 2026). It runs client events that have included a Marine Conservation session exploring research, conservation efforts and philanthropic opportunities; it publishes website content aimed at donors and prospective donors comparing giving fund structures with direct giving; and it posts public governance announcements such as board appointments. The organisation’s public material presents donors and prospective donors as an audience for guidance on giving structures and notes marine wildlife as a topic of its conservation-focused event. CauseBase does not use these items to infer broader program delivery beyond these stated activities and communications.",Runs client events on marine conservation and philanthropy | Publishes content comparing giving fund structures and direct giving | Issues governance announcements (board appointments),Donors and prospective donors (audience for giving-structure guidance) | Marine wildlife (topic of marine conservation event),Client events | Information for donors | Public governance announcements,6286742,7542032,,,,acnc-register:purpose.education | acnc-register:beneficiary.general_community | causebase:cause.environment | causebase:beneficiary.wildlife | causebase:activity.events_and_public_programming | causebase:geography.local_or_regional | causebase:geography.australia | causebase:organisation.local,phase2b-2026-08-14-rc4-fundraising-projection-correction
cb_e26f2d8882614c9cbcf906a11734c7e1,unknown,abn:16636320874,Geelong & District Day Nursery Incorporated,Geelong & District Day Nursery Incorporated,registered,enriched,"[{""capability"": ""regulatory"", ""evidence_ids"": [""ev:acnc:16636320874""], ""freshness_note"": null, ""observed_at"": ""2026-08-10"", ""source_record_id"": null, ""status"": ""observed""}, {""capability"": ""annual_report"", ""evidence_ids"": [], ""freshness_note"": null, ""observed_at"": ""2026-08-10"", ""source_record_id"": null, ""status"": ""not_yet_processed""}, {""capability"": ""fundraising_expenditure"", ""evidence_ids"": [], ""freshness_note"": ""No direct or defensible derived fundraising expenditure was found in selected Phase 2A evidence."", ""observed_at"": ""2026-08-10"", ""source_record_id"": null, ""status"": ""not_available_from_source""}, {""capability"": ""financials"", ""evidence_ids"": [""ev:ais:16636320874:2023""], ""freshness_note"": null, ""observed_at"": ""2026-08-10"", ""source_record_id"": null, ""status"": ""observed""}, {""capability"": ""latest_acnc_ais"", ""evidence_ids"": [""ev:acnc:ais:16636320874:05eba594-3ff0-f011-8406-7ced8db173e1""], ""freshness_note"": ""Latest submitted AIS detail acquired from the public ACNC entity endpoint."", ""observed_at"": ""2026-01-13"", ""source_record_id"": ""src:acnc-ais-detail:16636320874:05eba594-3ff0-f011-8406-7ced8db173e1:cb_e26f2d8882614c9cbcf906a11734c7e1"", ""status"": ""observed""}, {""capability"": ""website"", ""evidence_ids"": [], ""freshness_note"": ""Public website locator acquired from the ACNC profile."", ""observed_at"": ""2026-08-13"", ""source_record_id"": null, ""status"": ""observed""}]",www.geelongchildrenscentre.com.au,"Victoria (VIC, Australia)","Geelong & District Day Nursery Incorporated is a local early‑childhood service based in Geelong, Victoria. It operates a day nursery / children’s centre, providing on‑site care and early childhood education for children in the Geelong & district area. Regulatory registration and the organisation’s website and annual information statement identify the organisation, its role as a children’s centre and its location; financial filings are available for the 2022–23 reporting year. CauseBase has evidence that the organisation runs a day nursery in Geelong but does not have sufficient descriptive evidence in this release to identify specific service models, age ranges served, opening hours or eligibility criteria.",Operates as a day nursery / children’s centre,Children,,3936353,3592605,,,,acnc-register:purpose.education | acnc-register:beneficiary.people_with_disability | causebase:geography.local_or_regional | causebase:geography.australia | causebase:organisation.local | causebase:activity.direct_service,phase2b-2026-08-14-rc4-fundraising-projection-correction
cb_14a282ecac4e4ba1a241ceac202aaf5f,unknown,abn:24654346693,BROTHER TO ANOTHER LTD,BROTHER TO ANOTHER LTD,registered,enriched,"[{""capability"": ""regulatory"", ""evidence_ids"": [""ev:acnc:24654346693""], ""freshness_note"": null, ""observed_at"": ""2026-08-10"", ""source_record_id"": null, ""status"": ""observed""}, {""capability"": ""annual_report"", ""evidence_ids"": [], ""freshness_note"": null, ""observed_at"": ""2026-08-10"", ""source_record_id"": null, ""status"": ""not_yet_processed""}, {""capability"": ""website"", ""evidence_ids"": [], ""freshness_note"": null, ""observed_at"": ""2026-08-10"", ""source_record_id"": null, ""status"": ""not_available_from_source""}, {""capability"": ""fundraising_expenditure"", ""evidence_ids"": [], ""freshness_note"": ""No direct or defensible derived fundraising expenditure was found in selected Phase 2A evidence."", ""observed_at"": ""2026-08-10"", ""source_record_id"": null, ""status"": ""not_available_from_source""}, {""capability"": ""financials"", ""evidence_ids"": [""ev:ais:24654346693:2023""], ""freshness_note"": null, ""observed_at"": ""2026-08-10"", ""source_record_id"": null, ""status"": ""observed""}, {""capability"": ""latest_acnc_ais"", ""evidence_ids"": [""ev:acnc:ais:24654346693:9528d62f-5058-ef11-bfe3-002248107d0b""], ""freshness_note"": ""Latest submitted AIS detail acquired from the public ACNC entity endpoint."", ""observed_at"": ""2024-08-12"", ""source_record_id"": ""src:acnc-ais-detail:24654346693:9528d62f-5058-ef11-bfe3-002248107d0b:cb_14a282ecac4e4ba1a241ceac202aaf5f"", ""status"": ""observed""}]",,Northern Territory (NT),"Brother to Another Ltd is an Australian not‑for‑profit company registered with the Australian Charities and Not‑for‑profits Commission and recorded as operating in the Northern Territory. It submitted an Annual Information Statement covering the 2022–23 reporting year to the ACNC. The supplied records include ACNC registration and AIS reporting but do not include a public website, descriptive materials or program-level documentation in this release. CauseBase does not have sufficient descriptive evidence here to independently identify the organisation's specific activities, services, target beneficiaries or modes of participation.",,,,660000,627000,,,,acnc-register:purpose.social_welfare | acnc-register:beneficiary.children | causebase:geography.australia | causebase:geography.local_or_regional,phase2b-2026-08-14-rc4-fundraising-projection-correction
cb_17b5799156f848e2acd03529c3e1b451,unknown,abn:75442934320,Craftsouth: Centre For Contemporary Craft & Design Inc,Craftsouth: Centre For Contemporary Craft & Design Inc,registered,enriched,"[{""capability"": ""regulatory"", ""evidence_ids"": [""ev:acnc:75442934320""], ""freshness_note"": null, ""observed_at"": ""2026-08-10"", ""source_record_id"": null, ""status"": ""observed""}, {""capability"": ""annual_report"", ""evidence_ids"": [], ""freshness_note"": null, ""observed_at"": ""2026-08-10"", ""source_record_id"": null, ""status"": ""not_yet_processed""}, {""capability"": ""fundraising_expenditure"", ""evidence_ids"": [], ""freshness_note"": ""No direct or defensible derived fundraising expenditure was found in selected Phase 2A evidence."", ""observed_at"": ""2026-08-10"", ""source_record_id"": null, ""status"": ""not_available_from_source""}, {""capability"": ""financials"", ""evidence_ids"": [""ev:ais:75442934320:2023""], ""freshness_note"": null, ""observed_at"": ""2026-08-10"", ""source_record_id"": null, ""status"": ""observed""}, {""capability"": ""latest_acnc_ais"", ""evidence_ids"": [""ev:acnc:ais:75442934320:0ee357b9-0654-f111-bec7-6045bde5be38""], ""freshness_note"": ""Latest submitted AIS detail acquired from the public ACNC entity endpoint."", ""observed_at"": ""2026-05-20"", ""source_record_id"": ""src:acnc-ais-detail:75442934320:0ee357b9-0654-f111-bec7-6045bde5be38:cb_17b5799156f848e2acd03529c3e1b451"", ""status"": ""observed""}, {""capability"": ""website"", ""evidence_ids"": [], ""freshness_note"": ""Public website locator acquired from the ACNC profile."", ""observed_at"": ""2026-08-13"", ""source_record_id"": null, ""status"": ""observed""}]",www.guildhouse.org.au,South Australia (SA) | beyond South Australia (extent not specified in available evidence),"Guildhouse (legal name: Craftsouth: Centre For Contemporary Craft & Design Inc) is a South Australian arts organisation supporting visual artists, craft makers and designers. It operates across South Australia and beyond and is supported by the South Australian Government through CreateSA and by the Visual Arts, Craft and Design Partnership Framework. Guildhouse delivers fellowships, peer-to-peer mentorships, direct artist commissions, professional development workshops, studio residencies and tailored professional services; it presents work to public audiences, issues calls for participation and publishes artist toolkits. The organisation also undertakes sector development activities including advocacy and targeted research, and maintains a membership of more than 1,200 practising artists.","fellowships | peer-to-peer mentorships | direct artist commissions | professional development workshops | studio residencies | tailored professional services | presentations and exhibitions | publication of artist toolkits | calls for participation | sector development, advocacy and research",visual artists | craft makers | designers | Guildhouse members,membership | application-based fellowships and residencies | professional development workshops | artist commissions | public presentations and exhibitions | calls/callouts,1464395,1459858,,,,acnc-register:purpose.culture | acnc-register:beneficiary.young_people | causebase:activity.events_and_public_programming | causebase:activity.advocacy | causebase:activity.direct_service | causebase:activity.employment_support | causebase:participation.public_events | causebase:geography.local_or_regional | causebase:organisation.local,phase2b-2026-08-14-rc4-fundraising-projection-correction
cb_d0e0f5a5a57e40efb5b6b892f21e2f6a,unknown,abn:94476522583,AUSTRALIAN RURAL YOUTH FOUNDATION INCORPORATED,AUSTRALIAN RURAL YOUTH FOUNDATION INCORPORATED,registered,enriched,"[{""capability"": ""regulatory"", ""evidence_ids"": [""ev:acnc:94476522583""], ""freshness_note"": null, ""observed_at"": ""2026-08-10"", ""source_record_id"": null, ""status"": ""observed""}, {""capability"": ""annual_report"", ""evidence_ids"": [], ""freshness_note"": null, ""observed_at"": ""2026-08-10"", ""source_record_id"": null, ""status"": ""not_yet_processed""}, {""capability"": ""website"", ""evidence_ids"": [], ""freshness_note"": null, ""observed_at"": ""2026-08-10"", ""source_record_id"": null, ""status"": ""not_available_from_source""}, {""capability"": ""fundraising_expenditure"", ""evidence_ids"": [], ""freshness_note"": null, ""observed_at"": ""2026-08-10"", ""source_record_id"": null, ""status"": ""not_yet_processed""}, {""capability"": ""financials"", ""evidence_ids"": [], ""freshness_note"": null, ""observed_at"": ""2026-08-10"", ""source_record_id"": null, ""status"": ""not_found_in_source""}, {""capability"": ""latest_acnc_ais"", ""evidence_ids"": [], ""freshness_note"": ""No submitted AIS was returned by the public ACNC profile endpoint."", ""observed_at"": ""2026-08-13"", ""source_record_id"": ""src:acnc-public-profile:94476522583:7773328b-f453-f011-bec2-00224893786f:cb_d0e0f5a5a57e40efb5b6b892f21e2f6a"", ""status"": ""not_available_from_source""}]",,Tasmania (TAS),"Australian Rural Youth Foundation Incorporated is an incorporated organisation recorded with a regulatory extract dated 10 August 2026. CauseBase has evidence the organisation is associated with Tasmania (TAS). The available record does not describe the organisation’s stated purposes, the specific activities it undertakes, or the groups it serves. CauseBase does not have sufficient descriptive evidence in this release to independently identify specific activities, beneficiaries or participation modes for this organisation.",,,,,,,,,acnc-register:purpose.other_purpose | acnc-register:beneficiary.young_people,phase2b-2026-08-14-rc4-fundraising-projection-correction
cb_b88ef38552d74cfc9bad7cb97f99f8e9,unknown,abn:92259617291,Greenbushes Community Shed,Greenbushes Community Shed,registered,enriched,"[{""capability"": ""regulatory"", ""evidence_ids"": [""ev:acnc:92259617291""], ""freshness_note"": null, ""observed_at"": ""2026-08-10"", ""source_record_id"": null, ""status"": ""observed""}, {""capability"": ""annual_report"", ""evidence_ids"": [], ""freshness_note"": null, ""observed_at"": ""2026-08-10"", ""source_record_id"": null, ""status"": ""not_yet_processed""}, {""capability"": ""website"", ""evidence_ids"": [], ""freshness_note"": null, ""observed_at"": ""2026-08-10"", ""source_record_id"": null, ""status"": ""not_available_from_source""}, {""capability"": ""fundraising_expenditure"", ""evidence_ids"": [], ""freshness_note"": null, ""observed_at"": ""2026-08-10"", ""source_record_id"": null, ""status"": ""not_yet_processed""}, {""capability"": ""financials"", ""evidence_ids"": [], ""freshness_note"": null, ""observed_at"": ""2026-08-10"", ""source_record_id"": null, ""status"": ""not_found_in_source""}, {""capability"": ""latest_acnc_ais"", ""evidence_ids"": [""ev:acnc:ais:92259617291:337214ff-8fc6-f011-bbd3-000d3ad10b92""], ""freshness_note"": ""Latest submitted AIS detail acquired from the public ACNC entity endpoint."", ""observed_at"": ""2025-11-21"", ""source_record_id"": ""src:acnc-ais-detail:92259617291:337214ff-8fc6-f011-bbd3-000d3ad10b92:cb_b88ef38552d74cfc9bad7cb97f99f8e9"", ""status"": ""observed""}]",,Western Australia,"Greenbushes Community Shed is a charity registered on the Australian Charities and Not‑for‑profits Commission and is recorded as operating in Western Australia. CauseBase does not have sufficient descriptive evidence in this release to independently identify the shed’s specific activities, services, participation modes or intended beneficiaries. No website, annual report or activity descriptions were supplied in the available record; the only cited source for this card is the ACNC Register extract (ev:acnc:92259617291).",,,,,,,,,acnc-register:purpose.social_welfare | acnc-register:beneficiary.people_with_disability | causebase:geography.australia | causebase:geography.local_or_regional,phase2b-2026-08-14-rc4-fundraising-projection-correction
cb_ee393e7118d44a62943869ca31576bc1,unknown,abn:20695710082,VITAL LIFE CHOICE LTD,VITAL LIFE CHOICE LTD,registered,enriched,"[{""capability"": ""regulatory"", ""evidence_ids"": [""ev:acnc:20695710082""], ""freshness_note"": null, ""observed_at"": ""2026-08-10"", ""source_record_id"": null, ""status"": ""observed""}, {""capability"": ""annual_report"", ""evidence_ids"": [], ""freshness_note"": null, ""observed_at"": ""2026-08-10"", ""source_record_id"": null, ""status"": ""not_yet_processed""}, {""capability"": ""fundraising_expenditure"", ""evidence_ids"": [], ""freshness_note"": null, ""observed_at"": ""2026-08-10"", ""source_record_id"": null, ""status"": ""not_yet_processed""}, {""capability"": ""financials"", ""evidence_ids"": [], ""freshness_note"": null, ""observed_at"": ""2026-08-10"", ""source_record_id"": null, ""status"": ""not_found_in_source""}, {""capability"": ""latest_acnc_ais"", ""evidence_ids"": [], ""freshness_note"": ""No submitted AIS was returned by the public ACNC profile endpoint."", ""observed_at"": ""2026-08-13"", ""source_record_id"": ""src:acnc-public-profile:20695710082:356f41fa-db34-f111-88b4-7ced8d33fe37:cb_ee393e7118d44a62943869ca31576bc1"", ""status"": ""not_available_from_source""}, {""capability"": ""website"", ""evidence_ids"": [], ""freshness_note"": ""Public website locator acquired from the ACNC profile."", ""observed_at"": ""2026-08-13"", ""source_record_id"": null, ""status"": ""observed""}]",https://vitallifechoice.org.au,"Adelaide, South Australia (Henley Beach Rd, Lockleys SA 5032) | Darwin, Northern Territory (listed research partner)","Vital Life Choice Ltd is a registered not‑for‑profit charity based in Adelaide, South Australia (Henley Beach Rd, Lockleys), with a listed research partner in Darwin. It delivers community health counselling focused on the prevention and control of diabetes, describing its core activity as a Community Health Centre operation mainly providing counselling. The organisation produces and disseminates educational resources that summarise peer‑reviewed medical and scientific research on Type 2 diabetes, diabetic complications and related conditions, and plans public awareness campaigns using TV, radio, live events and digital media to promote early detection, lifestyle change and effective management strategies. Vital Life Choice invites volunteers and partners and states its materials may be freely shared for non‑commercial disease prevention purposes.","Community health counselling (Community Health Centre Operation; described as mainly counselling) | Dissemination of evidence-based medical and scientific research and educational resources on diabetes | Public awareness campaigns using TV, radio, live events and digital media",People in Adelaide and surrounding communities | Members of the Australian public seeking information about diabetes and related conditions,"Volunteering | Public events and media campaigns (TV, radio, live events, digital media)",,,,,,acnc-register:purpose.health | acnc-register:beneficiary.general_community | causebase:cause.community_wellbeing | causebase:activity.direct_service | causebase:activity.advocacy | causebase:activity.events_and_public_programming | causebase:approach.volunteer_enabled | causebase:participation.volunteering | causebase:participation.public_events | causebase:geography.local_or_regional,phase2b-2026-08-14-rc4-fundraising-projection-correction
cb_469175eaa539491a857a9f75a664cc09,unknown,abn:30797398790,Catholic Missions,Catholic Missions,registered,enriched,"[{""capability"": ""regulatory"", ""evidence_ids"": [""ev:acnc:30797398790""], ""freshness_note"": null, ""observed_at"": ""2026-08-10"", ""source_record_id"": null, ""status"": ""observed""}, {""capability"": ""annual_report"", ""evidence_ids"": [], ""freshness_note"": null, ""observed_at"": ""2026-08-10"", ""source_record_id"": null, ""status"": ""not_yet_processed""}, {""capability"": ""fundraising_expenditure"", ""evidence_ids"": [], ""freshness_note"": ""No direct or defensible derived fundraising expenditure was found in selected Phase 2A evidence."", ""observed_at"": ""2026-08-10"", ""source_record_id"": null, ""status"": ""not_available_from_source""}, {""capability"": ""financials"", ""evidence_ids"": [""ev:ais:30797398790:2023""], ""freshness_note"": null, ""observed_at"": ""2026-08-10"", ""source_record_id"": null, ""status"": ""observed""}, {""capability"": ""latest_acnc_ais"", ""evidence_ids"": [""ev:acnc:ais:30797398790:6432baee-b5fd-f011-8406-0022489549a2""], ""freshness_note"": ""Latest submitted AIS detail acquired from the public ACNC entity endpoint."", ""observed_at"": ""2026-01-30"", ""source_record_id"": ""src:acnc-ais-detail:30797398790:6432baee-b5fd-f011-8406-0022489549a2:cb_469175eaa539491a857a9f75a664cc09"", ""status"": ""observed""}, {""capability"": ""website"", ""evidence_ids"": [], ""freshness_note"": ""Public website locator acquired from the ACNC profile."", ""observed_at"": ""2026-08-13"", ""source_record_id"": null, ""status"": ""observed""}]",https://m.facebook.com/holyfamilykarama/?rf=597906627212090,"Northern Territory (NT), Australia","Catholic Missions is recorded as a charitable organisation operating in the Northern Territory (NT), Australia. CauseBase does not have sufficient descriptive evidence in this release to independently identify the specific activities the organisation undertakes, the people or groups it serves, or how the public can participate. Available records for this release include an ACNC register extract, an ACNC information statement (AIS) for 2023, and a linked Facebook page that was not accessible in the captured snapshot.",,,,0,0,,,,acnc-register:purpose.religion | acnc-register:beneficiary.other_beneficiary | causebase:geography.australia | causebase:geography.local_or_regional | causebase:organisation.local,phase2b-2026-08-14-rc4-fundraising-projection-correction
cb_b2755ba4bf894e7c825199e86ced96d4,unknown,abn:36314845868,Befriend Inc.,Befriend Inc.,registered,enriched,"[{""capability"": ""regulatory"", ""evidence_ids"": [""ev:acnc:36314845868""], ""freshness_note"": null, ""observed_at"": ""2026-08-10"", ""source_record_id"": null, ""status"": ""observed""}, {""capability"": ""annual_report"", ""evidence_ids"": [], ""freshness_note"": null, ""observed_at"": ""2026-08-10"", ""source_record_id"": null, ""status"": ""not_yet_processed""}, {""capability"": ""fundraising_expenditure"", ""evidence_ids"": [], ""freshness_note"": ""No direct or defensible derived fundraising expenditure was found in selected Phase 2A evidence."", ""observed_at"": ""2026-08-10"", ""source_record_id"": null, ""status"": ""not_available_from_source""}, {""capability"": ""financials"", ""evidence_ids"": [""ev:ais:36314845868:2023""], ""freshness_note"": null, ""observed_at"": ""2026-08-10"", ""source_record_id"": null, ""status"": ""observed""}, {""capability"": ""latest_acnc_ais"", ""evidence_ids"": [""ev:acnc:ais:36314845868:2eae36ea-86ce-f011-bbd3-6045bdc2c88b""], ""freshness_note"": ""Latest submitted AIS detail acquired from the public ACNC entity endpoint."", ""observed_at"": ""2025-12-01"", ""source_record_id"": ""src:acnc-ais-detail:36314845868:2eae36ea-86ce-f011-bbd3-6045bdc2c88b:cb_b2755ba4bf894e7c825199e86ced96d4"", ""status"": ""observed""}, {""capability"": ""website"", ""evidence_ids"": [], ""freshness_note"": ""Public website locator acquired from the ACNC profile."", ""observed_at"": ""2026-08-13"", ""source_record_id"": null, ""status"": ""observed""}]",https://befriend.org.au,Western Australia | Greater Perth | Wanneroo and Perth’s northern corridor,"Befriend Inc. is a community organisation operating in Greater Perth, Western Australia, including Wanneroo and Perth’s northern corridor. It describes its purpose as sparking connections and supporting people who want a greater sense of belonging. Befriend runs weekly community groups and gatherings (examples include John’s WingSpan Group and Nat’s Art Circle), delivers workshops and courses, provides guidance and mentoring and runs a multi‑week Possibility Fellowship programme. The organisation organises local projects and public events such as the Swan Repair Café, Burns Beach Sunset Walk and the Neil Hawkins BBQ, and publishes articles, podcasts and a Social Impact Report. Services and activities are presented for people seeking social connection and belonging, people with disability (examples cited include autism and expressive aphasia) and residents of Greater Perth.","Runs weekly community groups and gatherings (e.g. John’s WingSpan Group, Nat’s Art Circle) | Delivers workshops and courses | Provides guidance and mentoring and a Possibility Fellowship programme | Organises local projects and events (e.g. Swan Repair Café, Burns Beach Sunset Walk, Neil Hawkins BBQ) | Publishes articles, podcasts and a Social Impact Report","People seeking social connection and belonging | People with disability | Residents of Greater Perth, including Wanneroo and Perth’s northern corridor","Volunteering (hosts and volunteers) | Attending groups and workshops | Attending public community events (walks, BBQs, repair café) | Participation in a multi‑week Possibility Fellowship programme",895313,976329,,,,acnc-register:purpose.other_purpose | acnc-register:beneficiary.older_people | causebase:activity.direct_service | causebase:activity.events_and_public_programming | causebase:approach.volunteer_enabled | causebase:approach.community_partnership | causebase:participation.volunteering | causebase:participation.public_events | causebase:geography.local_or_regional | causebase:beneficiary.people_experiencing_disadvantage,phase2b-2026-08-14-rc4-fundraising-projection-correction
cb_c98b2e14f66e429aa26c655d3e2ba99b,unknown,abn:24602619634,INNOVATE AUSTRALIA LTD,INNOVATE AUSTRALIA LTD,registered,enriched,"[{""capability"": ""regulatory"", ""evidence_ids"": [""ev:acnc:24602619634""], ""freshness_note"": null, ""observed_at"": ""2026-08-10"", ""source_record_id"": null, ""status"": ""observed""}, {""capability"": ""annual_report"", ""evidence_ids"": [], ""freshness_note"": null, ""observed_at"": ""2026-08-10"", ""source_record_id"": null, ""status"": ""not_yet_processed""}, {""capability"": ""fundraising_expenditure"", ""evidence_ids"": [], ""freshness_note"": null, ""observed_at"": ""2026-08-10"", ""source_record_id"": null, ""status"": ""not_yet_processed""}, {""capability"": ""financials"", ""evidence_ids"": [], ""freshness_note"": null, ""observed_at"": ""2026-08-10"", ""source_record_id"": null, ""status"": ""not_found_in_source""}, {""capability"": ""latest_acnc_ais"", ""evidence_ids"": [], ""freshness_note"": ""No submitted AIS was returned by the public ACNC profile endpoint."", ""observed_at"": ""2026-08-13"", ""source_record_id"": ""src:acnc-public-profile:24602619634:7cffd720-9e2f-f011-8c4d-000d3ad259fb:cb_c98b2e14f66e429aa26c655d3e2ba99b"", ""status"": ""not_available_from_source""}, {""capability"": ""website"", ""evidence_ids"": [], ""freshness_note"": ""Public website locator acquired from the ACNC profile."", ""observed_at"": ""2026-08-13"", ""source_record_id"": null, ""status"": ""observed""}]",https://innovateaustralia.org/,Western Australia | Organisation states it has a wide national footprint across Australia,"Innovate Australia Ltd is a not-for-profit facilitator of Australian innovation, established in 2014 and based in Western Australia; the organisation states it has a wide national footprint across Australia. It works with industry to encourage, assist and promote Australian innovation, develop innovation programs and networks, and showcase innovation through events and sponsorship. Innovate Australia also judges startup competitions and publishes online commentary — a June 9, 2026 post described the organisation’s experience judging AI startups. The organisation describes itself as independent and focused on bringing about and encouraging innovation through industry-facing programs, events and online publishing.","Encouraging, assisting and promoting Australian innovation | Working with industry to develop innovation programs and networks | Showcasing innovation through events and sponsorship | Judging startup competitions and publishing online commentary","Industry participants | Startups, including AI startups",Judging competitions | Sponsoring events | Public events and showcases | Online publishing (blogs and commentary),,,,,,acnc-register:purpose.other_purpose | acnc-register:beneficiary.general_community | causebase:activity.events_and_public_programming | causebase:activity.advocacy | causebase:approach.community_partnership | causebase:participation.public_events | causebase:geography.australia,phase2b-2026-08-14-rc4-fundraising-projection-correction
cb_5483604fd0cc45e298015790e04a3d3a,unknown,abn:24661281465,GLOBAL WILDLIFE FUND LIMITED,GLOBAL WILDLIFE FUND LIMITED,registered,enriched,"[{""capability"": ""regulatory"", ""evidence_ids"": [""ev:acnc:24661281465""], ""freshness_note"": null, ""observed_at"": ""2026-08-10"", ""source_record_id"": null, ""status"": ""observed""}, {""capability"": ""annual_report"", ""evidence_ids"": [], ""freshness_note"": null, ""observed_at"": ""2026-08-10"", ""source_record_id"": null, ""status"": ""not_yet_processed""}, {""capability"": ""fundraising_expenditure"", ""evidence_ids"": [], ""freshness_note"": null, ""observed_at"": ""2026-08-10"", ""source_record_id"": null, ""status"": ""not_yet_processed""}, {""capability"": ""financials"", ""evidence_ids"": [], ""freshness_note"": null, ""observed_at"": ""2026-08-10"", ""source_record_id"": null, ""status"": ""not_found_in_source""}, {""capability"": ""latest_acnc_ais"", ""evidence_ids"": [""ev:acnc:ais:24661281465:416dcac1-5ad5-f011-8544-6045bde61b96""], ""freshness_note"": ""Latest submitted AIS detail acquired from the public ACNC entity endpoint."", ""observed_at"": ""2025-12-09"", ""source_record_id"": ""src:acnc-ais-detail:24661281465:416dcac1-5ad5-f011-8544-6045bde61b96:cb_5483604fd0cc45e298015790e04a3d3a"", ""status"": ""observed""}, {""capability"": ""website"", ""evidence_ids"": [], ""freshness_note"": ""Public website locator acquired from the ACNC profile."", ""observed_at"": ""2026-08-13"", ""source_record_id"": null, ""status"": ""observed""}]",https://globalwildlifefund.org/,"Australia (registered location shown as New South Wales) | Sub‑Saharan Africa (including Matusadona National Park, Zimbabwe) | Andes–Amazon region (Ecuador, Narupa Reserve) | New Guinea and the Pacific (Papua, Vogelkop Peninsula, Indonesia) | Asian biodiversity hotspots","Global Wildlife Fund is an Australian charity that partners with local conservation organisations to support projects to restore wildlife populations and habitats in selected high‑priority areas. It works in Sub‑Saharan Africa (including Matusadona National Park, Zimbabwe), the Andes–Amazon (including Narupa Reserve, Ecuador), New Guinea and the Pacific (Vogelkop Peninsula, Papua, Indonesia) and Asian biodiversity hotspots. The organisation provides funding for wildlife translocations (for example black rhino and sable antelope), helps acquire or expand private non‑profit reserves (for example a 250 ha Narupa Reserve expansion), supports community forest and land‑rights work in Papua, and negotiates project funding agreements while tracking progress and reporting on project outcomes. Directors and founders donate their time to research, assess, support and audit projects, and Australians can make tax‑deductible gifts to support specific projects.","Funding and support for wildlife translocations (e.g. black rhino, sable antelope) | Funding or facilitating acquisition/expansion of private non‑profit reserves (e.g. 250 ha expansion of Narupa Reserve, Ecuador) | Supporting community land‑rights and forest management activities (Papua Community Forest Project) | Negotiating project funding agreements and tracking/reporting project progress","Wildlife species including black rhino, snow leopards, African wild dogs, hummingbirds, macaws, birds of paradise and Papua marsupials | Local communities in project areas (e.g. Papua communities securing customary title) | Habitats and ecosystems including savannas, rainforests and lower montane tropical forest","Australians making tax‑deductible donations to projects | Directors and founders donate their time to research, assess, support and audit projects",,,,,,acnc-register:purpose.environment | acnc-register:beneficiary.environment | causebase:cause.environment | causebase:beneficiary.wildlife | causebase:activity.environmental_restoration | causebase:activity.direct_service | causebase:approach.community_partnership | causebase:approach.volunteer_enabled | causebase:participation.volunteering | causebase:geography.australia,phase2b-2026-08-14-rc4-fundraising-projection-correction
cb_ad96c6cc41e54daf8fd0a0aa3afde6b3,unknown,abn:54001276599,Christian Community Services,Christian Community Services,registered,enriched,"[{""capability"": ""regulatory"", ""evidence_ids"": [""ev:acnc:54001276599""], ""freshness_note"": null, ""observed_at"": ""2026-08-10"", ""source_record_id"": null, ""status"": ""observed""}, {""capability"": ""annual_report"", ""evidence_ids"": [], ""freshness_note"": null, ""observed_at"": ""2026-08-10"", ""source_record_id"": null, ""status"": ""not_yet_processed""}, {""capability"": ""fundraising_expenditure"", ""evidence_ids"": [], ""freshness_note"": ""No direct or defensible derived fundraising expenditure was found in selected Phase 2A evidence."", ""observed_at"": ""2026-08-10"", ""source_record_id"": null, ""status"": ""not_available_from_source""}, {""capability"": ""financials"", ""evidence_ids"": [""ev:ais:54001276599:2023""], ""freshness_note"": null, ""observed_at"": ""2026-08-10"", ""source_record_id"": null, ""status"": ""observed""}, {""capability"": ""latest_acnc_ais"", ""evidence_ids"": [""ev:acnc:ais:54001276599:47eabc57-71b8-f011-bbd3-6045bde67d52""], ""freshness_note"": ""Latest submitted AIS detail acquired from the public ACNC entity endpoint."", ""observed_at"": ""2025-11-03"", ""source_record_id"": ""src:acnc-ais-detail:54001276599:47eabc57-71b8-f011-bbd3-6045bde67d52:cb_ad96c6cc41e54daf8fd0a0aa3afde6b3"", ""status"": ""observed""}, {""capability"": ""website"", ""evidence_ids"": [], ""freshness_note"": ""Public website locator acquired from the ACNC profile."", ""observed_at"": ""2026-08-13"", ""source_record_id"": null, ""status"": ""observed""}]",www.ccs.com.au,Australia | Three local or regional retirement communities,"Christian Community Services is an Australian provider of retirement living and residential aged care. As of the available records it operates three retirement villages and residential care communities, with Carinya House referenced by name. The organisation employs on‑site carers to support residents and runs social activities for residents, for example organised bus outings. Prospective residents can book tours and view online video information about the villages. Christian Community Services states that its approach is shaped by long‑held Christian values and emphasises building personal relationships with residents and families.",Operates three retirement villages | Operates residential aged care or residential care communities (Carinya House referenced) | Provides on-site care services through employed carers | Runs resident social activities such as bus outings | Offers tours and online video information for prospective residents,Residents of retirement villages | People receiving residential aged care | Family members of residents | Older people / seniors,Prospective residents can book tours | Residents attend organised outings (bus outings),30276283,29505018,,,,acnc-register:purpose.health | acnc-register:beneficiary.older_people | causebase:activity.direct_service | causebase:activity.events_and_public_programming | causebase:geography.australia | causebase:geography.local_or_regional | causebase:organisation.local,phase2b-2026-08-14-rc4-fundraising-projection-correction
cb_714e8b04a8e845ee9fe79ca9555c100b,unknown,abn:21602259214,CIRCOBATS INCORPORATED,CIRCOBATS INCORPORATED,registered,enriched,"[{""capability"": ""regulatory"", ""evidence_ids"": [""ev:acnc:21602259214""], ""freshness_note"": null, ""observed_at"": ""2026-08-10"", ""source_record_id"": null, ""status"": ""observed""}, {""capability"": ""annual_report"", ""evidence_ids"": [], ""freshness_note"": null, ""observed_at"": ""2026-08-10"", ""source_record_id"": null, ""status"": ""not_yet_processed""}, {""capability"": ""fundraising_expenditure"", ""evidence_ids"": [], ""freshness_note"": null, ""observed_at"": ""2026-08-10"", ""source_record_id"": null, ""status"": ""not_yet_processed""}, {""capability"": ""financials"", ""evidence_ids"": [], ""freshness_note"": null, ""observed_at"": ""2026-08-10"", ""source_record_id"": null, ""status"": ""not_found_in_source""}, {""capability"": ""latest_acnc_ais"", ""evidence_ids"": [], ""freshness_note"": ""No submitted AIS was returned by the public ACNC profile endpoint."", ""observed_at"": ""2026-08-13"", ""source_record_id"": ""src:acnc-public-profile:21602259214:34718812-1327-f011-8c4d-7c1e52631b2b:cb_714e8b04a8e845ee9fe79ca9555c100b"", ""status"": ""not_available_from_source""}, {""capability"": ""website"", ""evidence_ids"": [], ""freshness_note"": ""Public website locator acquired from the ACNC profile."", ""observed_at"": ""2026-08-13"", ""source_record_id"": null, ""status"": ""observed""}]",https://www.circobats.com/,"Adelaide, South Australia | Australia","CircoBats Incorporated is an Adelaide-based community circus school that, as of 2026, operates a venue called Circobats Community Circus. It runs regular circus classes for children and adults, delivers school-holiday workshops and full-day holiday programs, and stages public circus‑theatre performances through a named CircoBats Performance Troupe (including a Fringe presentation titled 'The Dreamer'). The organisation advertises term timetables, enrolment dates and holiday program schedules for varying age groups and skill levels at its Adelaide venue.",Running regular circus classes for children and adults | Delivering school-holiday workshops and full-day holiday circus programs | Staging public circus-theatre performances via a named Performance Troupe | Operating a venue called Circobats Community Circus,"Children | Adults | People who attend classes, workshops or public performances",Enrolling in classes and holiday programs | Attending public performances (Adelaide Fringe listing) | Attending holiday workshops,,,,,,acnc-register:purpose.education | acnc-register:beneficiary.children | causebase:activity.direct_service | causebase:activity.events_and_public_programming | causebase:beneficiary.general_community | causebase:participation.public_events | causebase:geography.local_or_regional | causebase:geography.australia | causebase:organisation.local,phase2b-2026-08-14-rc4-fundraising-projection-correction
cb_408c113ff48c4b4f91c7697b00b211dd,unknown,abn:49929713439,Defence Force Welfare Association - National Inc,Defence Force Welfare Association - National Inc,registered,enriched,"[{""capability"": ""regulatory"", ""evidence_ids"": [""ev:acnc:49929713439""], ""freshness_note"": null, ""observed_at"": ""2026-08-10"", ""source_record_id"": null, ""status"": ""observed""}, {""capability"": ""annual_report"", ""evidence_ids"": [], ""freshness_note"": null, ""observed_at"": ""2026-08-10"", ""source_record_id"": null, ""status"": ""not_yet_processed""}, {""capability"": ""fundraising_expenditure"", ""evidence_ids"": [], ""freshness_note"": ""No direct or defensible derived fundraising expenditure was found in selected Phase 2A evidence."", ""observed_at"": ""2026-08-10"", ""source_record_id"": null, ""status"": ""not_available_from_source""}, {""capability"": ""financials"", ""evidence_ids"": [""ev:ais:49929713439:2023""], ""freshness_note"": null, ""observed_at"": ""2026-08-10"", ""source_record_id"": null, ""status"": ""observed""}, {""capability"": ""latest_acnc_ais"", ""evidence_ids"": [""ev:acnc:ais:49929713439:79c04e7b-be3a-f111-88b5-002248111f49""], ""freshness_note"": ""Latest submitted AIS detail acquired from the public ACNC entity endpoint."", ""observed_at"": ""2026-04-18"", ""source_record_id"": ""src:acnc-ais-detail:49929713439:79c04e7b-be3a-f111-88b5-002248111f49:cb_408c113ff48c4b4f91c7697b00b211dd"", ""status"": ""observed""}, {""capability"": ""website"", ""evidence_ids"": [], ""freshness_note"": ""Public website locator acquired from the ACNC profile."", ""observed_at"": ""2026-08-13"", ""source_record_id"": null, ""status"": ""observed""}]",https://www.dfwa.org.au/,Australia | Australian Capital Territory (ACT),"As of August 2026, the Defence Force Welfare Association – National Inc (DFWA) describes itself as an independent voice for Australian Defence Force members, veterans and their families. It advocates to government on ADF pay and conditions of service, rehabilitation of injured veterans, compensation for service injuries, retirement and superannuation, service delivery and veteran recognition. DFWA publishes a regular newsletter and the Camaraderie magazine, runs surveys to inform its WRA 2026–29 submission (including pre‑offer and post‑offer surveys), and is funded by branch membership fees and donations. The organisation invites branch membership, newsletter subscriptions and survey participation to help shape its submissions and communications.",Advocacy to government on ADF pay and conditions of service | Advocacy on rehabilitation of injured veterans | Advocacy on compensation for service injuries | Advocacy on retirement and superannuation | Advocacy to improve service delivery and veteran recognition | Conducting and publishing surveys to inform WRA 2026–29 submissions | Publishing a newsletter and the Camaraderie magazine | Raising funds through branch membership fees and donations,Australian Defence Force members | Veterans | Families of Defence Force members,Branch membership | Donations | Newsletter subscription and downloading Camaraderie issues | Responding to online surveys (WRA pre-offer and post-offer surveys),80194,84179,,,,acnc-register:purpose.social_welfare | acnc-register:beneficiary.older_people | causebase:activity.advocacy | causebase:activity.events_and_public_programming | causebase:geography.australia | causebase:organisation.national,phase2b-2026-08-14-rc4-fundraising-projection-correction
cb_21850e61afb54d82b6a821f256034fb5,unknown,abn:99862937528,Brisbane Valley Cat Rescue Inc.,Brisbane Valley Cat Rescue Inc.,registered,enriched,"[{""capability"": ""regulatory"", ""evidence_ids"": [""ev:acnc:99862937528""], ""freshness_note"": null, ""observed_at"": ""2026-08-10"", ""source_record_id"": null, ""status"": ""observed""}, {""capability"": ""annual_report"", ""evidence_ids"": [], ""freshness_note"": null, ""observed_at"": ""2026-08-10"", ""source_record_id"": null, ""status"": ""not_yet_processed""}, {""capability"": ""fundraising_expenditure"", ""evidence_ids"": [], ""freshness_note"": ""No direct or defensible derived fundraising expenditure was found in selected Phase 2A evidence."", ""observed_at"": ""2026-08-10"", ""source_record_id"": null, ""status"": ""not_available_from_source""}, {""capability"": ""financials"", ""evidence_ids"": [""ev:ais:99862937528:2023""], ""freshness_note"": null, ""observed_at"": ""2026-08-10"", ""source_record_id"": null, ""status"": ""observed""}, {""capability"": ""latest_acnc_ais"", ""evidence_ids"": [""ev:acnc:ais:99862937528:b45f3fc7-94f2-f011-8406-6045bdc272f3""], ""freshness_note"": ""Latest submitted AIS detail acquired from the public ACNC entity endpoint."", ""observed_at"": ""2026-01-16"", ""source_record_id"": ""src:acnc-ais-detail:99862937528:b45f3fc7-94f2-f011-8406-6045bdc272f3:cb_21850e61afb54d82b6a821f256034fb5"", ""status"": ""observed""}, {""capability"": ""website"", ""evidence_ids"": [], ""freshness_note"": ""Public website locator acquired from the ACNC profile."", ""observed_at"": ""2026-08-13"", ""source_record_id"": null, ""status"": ""observed""}]",www.brisbanevalleycatrescue.com,"Brisbane Valley, Queensland (appears in legal name) | Queensland, Australia (listed in ACNC structured geography)","Brisbane Valley Cat Rescue Inc. is an incorporated not‑for‑profit registered with the national charity regulator and based in the Brisbane Valley region of Queensland, Australia. CauseBase does not have sufficient descriptive evidence in this release to independently identify the organisation's specific activities or beneficiaries; the legal name includes the phrase “Cat Rescue”, which indicates an animal-focused purpose. ACNC financial reporting is available for the year 1 July 2022 to 30 June 2023.","Legal name contains the phrase 'Cat Rescue' (indicates focus on rescuing cats, as stated in the legal name) | Financial reporting to the ACNC for the year 01/07/2022–30/06/2023 (revenue and expenses recorded)",Cats,,63570,150735,,,,acnc-register:purpose.animal_welfare | acnc-register:beneficiary.children | causebase:cause.animal_welfare | causebase:activity.direct_service | causebase:geography.australia | causebase:geography.local_or_regional | causebase:organisation.local,phase2b-2026-08-14-rc4-fundraising-projection-correction
cb_6610c4efd77042ae8ce10065c1060c2e,unknown,abn:51616914268,Biopixel Oceans Foundation Limited,Biopixel Oceans Foundation Limited,registered,enriched,"[{""capability"": ""regulatory"", ""evidence_ids"": [""ev:acnc:51616914268""], ""freshness_note"": null, ""observed_at"": ""2026-08-10"", ""source_record_id"": null, ""status"": ""observed""}, {""capability"": ""annual_report"", ""evidence_ids"": [], ""freshness_note"": null, ""observed_at"": ""2026-08-10"", ""source_record_id"": null, ""status"": ""not_yet_processed""}, {""capability"": ""fundraising_expenditure"", ""evidence_ids"": [], ""freshness_note"": ""No direct or defensible derived fundraising expenditure was found in selected Phase 2A evidence."", ""observed_at"": ""2026-08-10"", ""source_record_id"": null, ""status"": ""not_available_from_source""}, {""capability"": ""financials"", ""evidence_ids"": [""ev:ais:51616914268:2023""], ""freshness_note"": null, ""observed_at"": ""2026-08-10"", ""source_record_id"": null, ""status"": ""observed""}, {""capability"": ""latest_acnc_ais"", ""evidence_ids"": [""ev:acnc:ais:51616914268:550c12e7-f6fb-f011-8406-00224891bae2""], ""freshness_note"": ""Latest submitted AIS detail acquired from the public ACNC entity endpoint."", ""observed_at"": ""2026-01-28"", ""source_record_id"": ""src:acnc-ais-detail:51616914268:550c12e7-f6fb-f011-8406-00224891bae2:cb_6610c4efd77042ae8ce10065c1060c2e"", ""status"": ""observed""}, {""capability"": ""website"", ""evidence_ids"": [], ""freshness_note"": ""Public website locator acquired from the ACNC profile."", ""observed_at"": ""2026-08-13"", ""source_record_id"": null, ""status"": ""observed""}]",https://biopixeloceans.org/,"Great Barrier Reef, Queensland (Australia)","Biopixel Oceans Foundation Limited is an Australian marine research and education organisation operating on the Great Barrier Reef, Queensland. It tags and tracks marine animals in real time using the BioTracker platform, undertakes applied research on marine megafauna (including shark behaviour) and provides ecological information for fisheries management. The foundation maintains Oceanpedia, a multimedia library of short Great Barrier Reef video clips, produces videos and participates in streamed documentaries and media partnerships, and publishes journal articles and research collaborations. It also offers naming/sponsorship opportunities for individually tagged animals and reports tracking more than 1,000 animals currently being followed.","Tagging and real‑time tracking of marine animals via BioTracker | Applied research on marine megafauna, shark behaviour and fisheries management | Maintaining Oceanpedia multimedia library of Great Barrier Reef video clips | Producing videos and participating in streamed documentaries and media partnerships | Offering naming/sponsorship opportunities for individual tagged animals | Publishing journal articles and research collaborations",Marine animals (tagged and tracked) | Researchers and fisheries managers (recipients of ecological information) | General public and media audiences (users of Oceanpedia and video content),Viewing live animal locations via BioTracker | Accessing Oceanpedia multimedia library and short videos | Sponsoring/naming and following a tagged shark | Watching streamed documentaries and media features that use the organisation’s footage,187807,590064,,,,acnc-register:purpose.environment | acnc-register:beneficiary.general_community | causebase:cause.environment | causebase:beneficiary.wildlife | causebase:activity.direct_service | causebase:activity.events_and_public_programming | causebase:participation.public_events | causebase:geography.local_or_regional,phase2b-2026-08-14-rc4-fundraising-projection-correction
cb_7175160a147a41f4a900ad356bb2905b,unknown,abn:49143249290,Ivory's Rock Foundation,Ivory's Rock Foundation,registered,enriched,"[{""capability"": ""regulatory"", ""evidence_ids"": [""ev:acnc:49143249290""], ""freshness_note"": null, ""observed_at"": ""2026-08-10"", ""source_record_id"": null, ""status"": ""observed""}, {""capability"": ""annual_report"", ""evidence_ids"": [], ""freshness_note"": null, ""observed_at"": ""2026-08-10"", ""source_record_id"": null, ""status"": ""not_yet_processed""}, {""capability"": ""fundraising_expenditure"", ""evidence_ids"": [], ""freshness_note"": ""No direct or defensible derived fundraising expenditure was found in selected Phase 2A evidence."", ""observed_at"": ""2026-08-10"", ""source_record_id"": null, ""status"": ""not_available_from_source""}, {""capability"": ""financials"", ""evidence_ids"": [""ev:ais:49143249290:2023""], ""freshness_note"": null, ""observed_at"": ""2026-08-10"", ""source_record_id"": null, ""status"": ""observed""}, {""capability"": ""latest_acnc_ais"", ""evidence_ids"": [""ev:acnc:ais:49143249290:c62633ab-bc4d-f111-bec6-6045bde523ce""], ""freshness_note"": ""Latest submitted AIS detail acquired from the public ACNC entity endpoint."", ""observed_at"": ""2026-05-12"", ""source_record_id"": ""src:acnc-ais-detail:49143249290:c62633ab-bc4d-f111-bec6-6045bde523ce:cb_7175160a147a41f4a900ad356bb2905b"", ""status"": ""observed""}, {""capability"": ""website"", ""evidence_ids"": [], ""freshness_note"": ""Public website locator acquired from the ACNC profile."", ""observed_at"": ""2026-08-13"", ""source_record_id"": null, ""status"": ""observed""}]",https://ivorysrock.foundation,"Queensland, Australia | Australia","Ivory's Rock Foundation is a Queensland-based foundation that reports activity across Australia, New Zealand and the South Pacific. As of 2026 it supports the Peace Education Program in Australia, New Zealand and the South Pacific and sponsors and hosts peace and wellbeing events in its region. The foundation describes the Peace Education Program as being delivered in high schools, universities, health-care facilities, veterans' groups, police units and correctional facilities. It states that Prem Rawat has been invited as keynote speaker for selected events when his schedule permits and that it supports activities associated with the United Nations International Day of Peace. The foundation also reports conservation and sustainability work at the Ivory's Rock property and records over 160 species, including some threatened or endangered wildlife.","Supports the Peace Education Program in Australia, New Zealand and the South Pacific | Sponsors and hosts peace and wellbeing events in its region | Invites Prem Rawat as keynote speaker for selected events | Supports activities associated with the United Nations International Day of Peace","People from all backgrounds, cultures and religions | Participants in high schools, universities, health care facilities, veteran’s groups, police units and correctional facilities","Attendance at public peace and wellbeing events | Participation in Peace Education Program sessions in schools, universities, health care settings, veterans groups, police units and correctional facilities",3323799,2338875,,,,acnc-register:purpose.education | acnc-register:beneficiary.general_community | causebase:cause.community_wellbeing | causebase:activity.events_and_public_programming | causebase:activity.advocacy | causebase:beneficiary.general_community | causebase:participation.public_events | causebase:geography.australia | causebase:geography.local_or_regional,phase2b-2026-08-14-rc4-fundraising-projection-correction
cb_d0a398e27a3346adbac5939096a18478,unknown,abn:87158627386,Australian Indigenous Governance Institute Limited,Australian Indigenous Governance Institute Limited,registered,enriched,"[{""capability"": ""regulatory"", ""evidence_ids"": [""ev:acnc:87158627386""], ""freshness_note"": null, ""observed_at"": ""2026-08-10"", ""source_record_id"": null, ""status"": ""observed""}, {""capability"": ""annual_report"", ""evidence_ids"": [], ""freshness_note"": null, ""observed_at"": ""2026-08-10"", ""source_record_id"": null, ""status"": ""not_yet_processed""}, {""capability"": ""fundraising_expenditure"", ""evidence_ids"": [], ""freshness_note"": ""No direct or defensible derived fundraising expenditure was found in selected Phase 2A evidence."", ""observed_at"": ""2026-08-10"", ""source_record_id"": null, ""status"": ""not_available_from_source""}, {""capability"": ""financials"", ""evidence_ids"": [""ev:ais:87158627386:2023""], ""freshness_note"": null, ""observed_at"": ""2026-08-10"", ""source_record_id"": null, ""status"": ""observed""}, {""capability"": ""latest_acnc_ais"", ""evidence_ids"": [""ev:acnc:ais:87158627386:6b1142a4-4efb-f011-8406-6045bdc47a8f""], ""freshness_note"": ""Latest submitted AIS detail acquired from the public ACNC entity endpoint."", ""observed_at"": ""2026-01-27"", ""source_record_id"": ""src:acnc-ais-detail:87158627386:6b1142a4-4efb-f011-8406-6045bdc47a8f:cb_d0a398e27a3346adbac5939096a18478"", ""status"": ""observed""}, {""capability"": ""website"", ""evidence_ids"": [], ""freshness_note"": ""Public website locator acquired from the ACNC profile."", ""observed_at"": ""2026-08-13"", ""source_record_id"": null, ""status"": ""observed""}]",www.aigi.org.au,Queensland (registered location) | Australia (stated audience: Indigenous Australians),"Australian Indigenous Governance Institute Limited (AIGI) is an Indigenous-led not-for-profit that supports governance among Indigenous peoples and organisations. Registered in Queensland, AIGI works with Indigenous Australians across the country. Its core activities include maintaining an extensive online library of practical governance resources, running public professional-development events (for example Leading from the Chair and Meeting Management series), designing and delivering tailored training with client organisations, conducting comprehensive governance reviews and advisory engagements, and administering the Indigenous Governance Awards. AIGI describes its approach as working alongside Indigenous peoples to align governance practice with cultural legitimacy and self-determination.",Provision of online governance resources for Indigenous organisations | Delivery of professional development workshops and public events (e.g. Leading from the Chair; Meeting Management series) | Tailored professional development designed and run with client organisations | Comprehensive governance reviews and advisory engagements | Administration of the Indigenous Governance Awards,"Indigenous Australians | Indigenous organisations | Indigenous peoples, communities and nations",Attendance at public professional development events | Access to an online resource library | Tailored training delivered to organisations | Commissioned governance review engagements,1599914,1534271,,,,acnc-register:purpose.human_rights | acnc-register:beneficiary.other_beneficiary | causebase:cause.culture_and_heritage | causebase:activity.events_and_public_programming | causebase:activity.direct_service | causebase:approach.community_partnership | causebase:participation.public_events | causebase:geography.australia | causebase:geography.local_or_regional | causebase:organisation.local,phase2b-2026-08-14-rc4-fundraising-projection-correction
cb_7c7a5f12e1a3464a91a53c4333956d99,unknown,abn:35093562602,Institute of Public Works Engineering Australasia (NSW Division) Ltd,Institute of Public Works Engineering Australasia (NSW Division) Ltd,registered,enriched,"[{""capability"": ""regulatory"", ""evidence_ids"": [""ev:acnc:35093562602""], ""freshness_note"": null, ""observed_at"": ""2026-08-10"", ""source_record_id"": null, ""status"": ""observed""}, {""capability"": ""annual_report"", ""evidence_ids"": [], ""freshness_note"": null, ""observed_at"": ""2026-08-10"", ""source_record_id"": null, ""status"": ""not_yet_processed""}, {""capability"": ""fundraising_expenditure"", ""evidence_ids"": [], ""freshness_note"": ""No direct or defensible derived fundraising expenditure was found in selected Phase 2A evidence."", ""observed_at"": ""2026-08-10"", ""source_record_id"": null, ""status"": ""not_available_from_source""}, {""capability"": ""financials"", ""evidence_ids"": [""ev:ais:35093562602:2023""], ""freshness_note"": null, ""observed_at"": ""2026-08-10"", ""source_record_id"": null, ""status"": ""observed""}, {""capability"": ""latest_acnc_ais"", ""evidence_ids"": [""ev:acnc:ais:35093562602:1554dc4a-97df-f011-8544-7ced8d344e2d""], ""freshness_note"": ""Latest submitted AIS detail acquired from the public ACNC entity endpoint."", ""observed_at"": ""2025-12-23"", ""source_record_id"": ""src:acnc-ais-detail:35093562602:1554dc4a-97df-f011-8544-7ced8d344e2d:cb_7c7a5f12e1a3464a91a53c4333956d99"", ""status"": ""observed""}, {""capability"": ""website"", ""evidence_ids"": [], ""freshness_note"": ""Public website locator acquired from the ACNC profile."", ""observed_at"": ""2026-08-13"", ""source_record_id"": null, ""status"": ""observed""}]",www.ipweansw.org,New South Wales | Australian Capital Territory,"Institute of Public Works Engineering Australasia (NSW Division) Ltd (IPWEA NSW & ACT) is a professional association for public works and local government engineering professionals operating in New South Wales and the Australian Capital Territory. It delivers accredited qualifications, short courses and workshops as a Registered Training Organisation (RTO 90174) and provides NSW Government‑subsidised training via Smart and Skilled (318282). IPWEA NSW & ACT hosts technical events, forums and conferences — including a 2026 Public Works AI Forum and a Development Engineering Forum — and undertakes advocacy and policy activities. Participation options described include joining as a member, registering for and attending events, and enrolling in accredited or short courses. CauseBase does not have sufficient descriptive evidence in this release to identify direct service beneficiaries beyond the members and public works professionals named in the sources.","deliver accredited and short professional development courses and workshops | operate as a Registered Training Organisation (RTO 90174) | offer NSW Government subsidised training through Smart and Skilled (318282) | host forums, technical events and conferences | Advocacy and policy activities",public works professionals | local government engineering professionals | members (IPWEA NSW & ACT),join as a member | register for and attend forums and conferences | enrol in accredited courses and short workshops | access NSW Government subsidised courses (Smart and Skilled),2203114,2485661,,,,acnc-register:purpose.environment | acnc-register:beneficiary.older_people | causebase:activity.direct_service | causebase:activity.events_and_public_programming | causebase:activity.advocacy | causebase:activity.employment_support | causebase:participation.public_events | causebase:geography.local_or_regional | causebase:organisation.local,phase2b-2026-08-14-rc4-fundraising-projection-correction
cb_0f599e9e200445d88c16aa8c0cbf0bd3,unknown,abn:17527786900,CAMPBELLTOWN COMMUNITY CHILDREN'S CENTRE INC,CAMPBELLTOWN COMMUNITY CHILDREN'S CENTRE INC,registered,enriched,"[{""capability"": ""regulatory"", ""evidence_ids"": [""ev:acnc:17527786900""], ""freshness_note"": null, ""observed_at"": ""2026-08-10"", ""source_record_id"": null, ""status"": ""observed""}, {""capability"": ""annual_report"", ""evidence_ids"": [], ""freshness_note"": null, ""observed_at"": ""2026-08-10"", ""source_record_id"": null, ""status"": ""not_yet_processed""}, {""capability"": ""fundraising_expenditure"", ""evidence_ids"": [], ""freshness_note"": ""No direct or defensible derived fundraising expenditure was found in selected Phase 2A evidence."", ""observed_at"": ""2026-08-10"", ""source_record_id"": null, ""status"": ""not_available_from_source""}, {""capability"": ""financials"", ""evidence_ids"": [""ev:ais:17527786900:2023""], ""freshness_note"": null, ""observed_at"": ""2026-08-10"", ""source_record_id"": null, ""status"": ""observed""}, {""capability"": ""latest_acnc_ais"", ""evidence_ids"": [""ev:acnc:ais:17527786900:3aa9dc62-aec9-f011-bbd3-6045bde73edb""], ""freshness_note"": ""Latest submitted AIS detail acquired from the public ACNC entity endpoint."", ""observed_at"": ""2025-11-25"", ""source_record_id"": ""src:acnc-ais-detail:17527786900:3aa9dc62-aec9-f011-bbd3-6045bde73edb:cb_0f599e9e200445d88c16aa8c0cbf0bd3"", ""status"": ""observed""}, {""capability"": ""website"", ""evidence_ids"": [], ""freshness_note"": ""Public website locator acquired from the ACNC profile."", ""observed_at"": ""2026-08-13"", ""source_record_id"": null, ""status"": ""observed""}]",https://www.campbelltownccc.com.au/,South Australia (SA),"Campbelltown Community Children's Centre Inc is registered as a community children's centre that operates in South Australia (Campbelltown). The organisation serves children, families and the local community and is identifiable by its legal name and website. It is registered with the Australian Charities and Not‑for‑profits Commission and lodged an Annual Information Statement covering 01/07/2022–30/06/2023. CauseBase does not have sufficient descriptive evidence in this release to independently identify specific programs, daily service models, client age ranges, participation modes (for example, volunteering or working bees) or other operational details beyond the organisation’s name, location and regulatory filings.",Community children's centre,Children | Families | Local community in South Australia,,2310243,2321451,,,,acnc-register:purpose.social_welfare | acnc-register:beneficiary.other_beneficiary | causebase:activity.direct_service | causebase:geography.australia | causebase:geography.local_or_regional | causebase:organisation.local,phase2b-2026-08-14-rc4-fundraising-projection-correction
cb_4434434d6c6e425faf0dd56cb29ef8bf,unknown,abn:24646643156,APNIC FOUNDATION LIMITED,APNIC FOUNDATION LIMITED,registered,enriched,"[{""capability"": ""regulatory"", ""evidence_ids"": [""ev:acnc:24646643156""], ""freshness_note"": null, ""observed_at"": ""2026-08-10"", ""source_record_id"": null, ""status"": ""observed""}, {""capability"": ""annual_report"", ""evidence_ids"": [""ev:report:24646643156:a2a8898a4f64""], ""freshness_note"": null, ""observed_at"": ""2026-08-10"", ""source_record_id"": null, ""status"": ""observed""}, {""capability"": ""fundraising_expenditure"", ""evidence_ids"": [], ""freshness_note"": ""No direct or defensible derived fundraising expenditure was found in selected Phase 2A evidence."", ""observed_at"": ""2026-08-10"", ""source_record_id"": null, ""status"": ""not_available_from_source""}, {""capability"": ""latest_acnc_ais"", ""evidence_ids"": [""ev:acnc:ais:24646643156:ad0dd2e5-ca72-f111-ab0f-002248954ea6""], ""freshness_note"": ""Latest submitted AIS detail acquired from the public ACNC entity endpoint."", ""observed_at"": ""2026-06-28"", ""source_record_id"": ""src:acnc-ais-detail:24646643156:ad0dd2e5-ca72-f111-ab0f-002248954ea6:cb_4434434d6c6e425faf0dd56cb29ef8bf"", ""status"": ""observed""}, {""capability"": ""website"", ""evidence_ids"": [], ""freshness_note"": ""Public website locator acquired from the ACNC profile."", ""observed_at"": ""2026-08-13"", ""source_record_id"": null, ""status"": ""observed""}, {""capability"": ""financials"", ""evidence_ids"": [""ev:report:24646643156:a2a8898a4f64cead""], ""freshness_note"": ""Financial report processed through the generic report extractor."", ""observed_at"": ""2026-08-13"", ""source_record_id"": ""src:report-extract:24646643156:a2a8898a4f64cead:cb_4434434d6c6e425faf0dd56cb29ef8bf"", ""status"": ""observed""}]",https://apnic.foundation,"Asia Pacific region (report lists 30 economies reached, including Australia) | Queensland, Australia (registered location shown in regulatory record)","APNIC Foundation Limited is an Australia-registered organisation (Queensland) that supports internet and digital development across the Asia Pacific. In 2025 it ran grant programs (including ISIF Asia, Trust Discretionary Fund and Community Assistance), directly implemented projects such as school connectivity and M-root deployments, and delivered training through instructor-led workshops and self-paced APNIC Academy courses. It also convenes events and regional schools (for example SOI Asia and APIE) and works with partner organisations on measurement, infrastructure and techno-policy activities. In 2025 the Foundation reports reaching 30 economies, training 11,533 people, and directly reaching about 196,700 individuals; specific project examples include RISE‑PH connecting 53 school sites (an estimated 80,000–100,000 students) and the Switch! cohort of 150 women and gender-diverse technical practitioners.","grant-making and project funding (ISIF Asia, Trust Discretionary Fund, Community Assistance) | direct project implementation | training and capacity-building (instructor-led workshops, self-paced APNIC Academy courses) | events and public programming (SOI Asia, summits, awards) | techno-policy engagement and influence","people trained (reported 11,533 in 2025) | school students | women and gender-diverse technical practitioners (Switch! cohort of 150) | broader communities across Asia Pacific (reported 196,700 individuals reached) | underserved or special-needs education sites (special education schools in Cebu, Mandaue, Talisay reported)","applying for and receiving grants | attending instructor-led training workshops | completing self-paced online courses (APNIC Academy) | participating in partner projects and deployments | attending public events, summits and regional schools (SOI Asia, APIE)",18533090,18045491,,,,acnc-register:purpose.education | acnc-register:beneficiary.older_people | causebase:activity.direct_service | causebase:activity.events_and_public_programming | causebase:activity.advocacy | causebase:approach.community_partnership | causebase:participation.public_events | causebase:geography.australia | causebase:beneficiary.general_community | causebase:beneficiary.people_experiencing_disadvantage,phase2b-2026-08-14-rc4-fundraising-projection-correction
cb_8756e9d608c846c78e43cd09c57790a4,unknown,abn:94710251744,The Corporation Of The Trustees Of The Order Of The Sisters Of Mercy In Queensland,The Corporation Of The Trustees Of The Order Of The Sisters Of Mercy In Queensland,registered,enriched,"[{""capability"": ""regulatory"", ""evidence_ids"": [""ev:acnc:94710251744""], ""freshness_note"": null, ""observed_at"": ""2026-08-10"", ""source_record_id"": null, ""status"": ""observed""}, {""capability"": ""annual_report"", ""evidence_ids"": [], ""freshness_note"": null, ""observed_at"": ""2026-08-10"", ""source_record_id"": null, ""status"": ""not_yet_processed""}, {""capability"": ""fundraising_expenditure"", ""evidence_ids"": [], ""freshness_note"": ""No direct or defensible derived fundraising expenditure was found in selected Phase 2A evidence."", ""observed_at"": ""2026-08-10"", ""source_record_id"": null, ""status"": ""not_available_from_source""}, {""capability"": ""financials"", ""evidence_ids"": [""ev:ais:94710251744:2023""], ""freshness_note"": null, ""observed_at"": ""2026-08-10"", ""source_record_id"": null, ""status"": ""observed""}, {""capability"": ""latest_acnc_ais"", ""evidence_ids"": [""ev:acnc:ais:94710251744:b4463a81-de62-f111-a826-7ced8d33fdea""], ""freshness_note"": ""Latest submitted AIS detail acquired from the public ACNC entity endpoint."", ""observed_at"": ""2026-06-08"", ""source_record_id"": ""src:acnc-ais-detail:94710251744:b4463a81-de62-f111-a826-7ced8d33fdea:cb_8756e9d608c846c78e43cd09c57790a4"", ""status"": ""observed""}, {""capability"": ""website"", ""evidence_ids"": [], ""freshness_note"": ""Public website locator acquired from the ACNC profile."", ""observed_at"": ""2026-08-13"", ""source_record_id"": null, ""status"": ""observed""}]",www.brisbanemercy.org.au,"Queensland | Brisbane, Queensland | Aubigny, Queensland","The Corporation Of The Trustees Of The Order Of The Sisters Of Mercy In Queensland is the corporate entity for the Sisters of Mercy, Brisbane Congregation. It operates in Queensland, with activity linked to Brisbane and Aubigny. When supported, the organisation publishes news and announcements on its website and organises commemorative gatherings, farewell events and anniversary celebrations for congregation members. Examples recorded include a 70‑year jubilee for Sister Catharine Courtney (Sister Mary Benedict), a farewell to Robyn Rodwell and a 130‑year service commemoration. Recorded modes of participation include attending public gatherings and reading website news. CauseBase does not have sufficient descriptive evidence in this release to identify other service programs, beneficiaries beyond congregation members, or operational details such as staffing or finances.",Publishing news items | Hosting and recording commemorative gatherings and farewell events (examples: Aubigny at Mater; farewell to Robyn Rodwell) | Commemorating milestones (examples: 70‑year anniversary; 130 years of service),"Members of the Sisters of Mercy, Brisbane Congregation",Attendance at commemorative gatherings and events | Reading news and announcements,0,0,,,,acnc-register:purpose.religion | acnc-register:beneficiary.older_people | causebase:activity.events_and_public_programming | causebase:geography.local_or_regional | causebase:geography.australia | causebase:organisation.local | causebase:participation.public_events,phase2b-2026-08-14-rc4-fundraising-projection-correction
cb_6c39def4ef1843d7bf41f579cb971060,unknown,abn:45127505739,Bone Marrow Donor Institute,Bone Marrow Donor Institute,registered,enriched,"[{""capability"": ""regulatory"", ""evidence_ids"": [""ev:acnc:45127505739""], ""freshness_note"": null, ""observed_at"": ""2026-08-10"", ""source_record_id"": null, ""status"": ""observed""}, {""capability"": ""annual_report"", ""evidence_ids"": [""ev:report:45127505739:2b4900457b82""], ""freshness_note"": null, ""observed_at"": ""2026-08-10"", ""source_record_id"": null, ""status"": ""observed""}, {""capability"": ""latest_acnc_ais"", ""evidence_ids"": [""ev:acnc:ais:45127505739:a2a50a4c-e74f-f111-bec7-6045bdc47a8f""], ""freshness_note"": ""Latest submitted AIS detail acquired from the public ACNC entity endpoint."", ""observed_at"": ""2026-05-14"", ""source_record_id"": ""src:acnc-ais-detail:45127505739:a2a50a4c-e74f-f111-bec7-6045bdc47a8f:cb_6c39def4ef1843d7bf41f579cb971060"", ""status"": ""observed""}, {""capability"": ""website"", ""evidence_ids"": [], ""freshness_note"": ""Public website locator acquired from the ACNC profile."", ""observed_at"": ""2026-08-13"", ""source_record_id"": null, ""status"": ""observed""}, {""capability"": ""financials"", ""evidence_ids"": [""ev:report:45127505739:2b4900457b82d674""], ""freshness_note"": ""Financial report processed through the generic report extractor."", ""observed_at"": ""2026-08-13"", ""source_record_id"": ""src:report-extract:45127505739:2b4900457b82d674:cb_6c39def4ef1843d7bf41f579cb971060"", ""status"": ""observed""}, {""capability"": ""fundraising_expenditure"", ""evidence_ids"": [""ev:report:45127505739:2b4900457b82d674""], ""freshness_note"": ""Relevant report pages were processed; no direct fundraising-expenditure amount was recovered."", ""observed_at"": ""2026-08-13"", ""source_record_id"": ""src:report-extract:45127505739:2b4900457b82d674:cb_6c39def4ef1843d7bf41f579cb971060"", ""status"": ""not_available_from_source""}]",www.fightcancer.org.au,Australia | Albury (New South Wales) | North Melbourne / Melbourne (Victoria) | Hobart (Tasmania) | Sydney (New South Wales) | Adelaide (South Australia),"Bone Marrow Donor Institute (trading as Fight Cancer Foundation) is an Australian charity first established in 1989 that provides practical support to people affected by cancer and their families. It operates nationally with services based in Albury, North Melbourne (BMDI Rotary House), Hobart (John Opie House), Sydney and Adelaide. Its concrete work includes a hospital-based education support program for children (Back on Track), short-term accommodation for patients and families who must travel for treatment, ongoing support of the BMDI Cord Blood Bank in Melbourne, research scholarships and funding, and fundraising and public events. The organisation also liaises with hospitals and education departments to coordinate services and deploys volunteers and volunteer directors in program delivery.",education support for children receiving cancer treatment (Back on Track) | short-term accommodation for patients and families who travel for treatment | operation/support of the BMDI Cord Blood Bank (Melbourne) | fundraising and events | research scholarships and research funding | liaison/partnership with hospitals and education departments,people living with cancer | families and carers of people with cancer | children and young learners receiving hospital-based cancer treatment | rural and regional patients who travel for specialist treatment,"volunteering (volunteer directors, volunteers) | public events and fundraising activities",0,0,,,,acnc-register:purpose.education | acnc-register:beneficiary.children | causebase:activity.direct_service | causebase:activity.events_and_public_programming | causebase:approach.volunteer_enabled | causebase:approach.community_partnership | causebase:participation.volunteering | causebase:participation.public_events | causebase:geography.australia | causebase:geography.local_or_regional,phase2b-2026-08-14-rc4-fundraising-projection-correction
cb_d9b82b997407475d8d30e4535bb0375f,unknown,abn:92140312385,Aboriginal And Torres Strait Islander Healing Foundation Limited,Aboriginal And Torres Strait Islander Healing Foundation Limited,registered,enriched,"[{""capability"": ""regulatory"", ""evidence_ids"": [""ev:acnc:92140312385""], ""freshness_note"": null, ""observed_at"": ""2026-08-10"", ""source_record_id"": null, ""status"": ""observed""}, {""capability"": ""annual_report"", ""evidence_ids"": [], ""freshness_note"": null, ""observed_at"": ""2026-08-10"", ""source_record_id"": null, ""status"": ""not_yet_processed""}, {""capability"": ""fundraising_expenditure"", ""evidence_ids"": [], ""freshness_note"": ""No direct or defensible derived fundraising expenditure was found in selected Phase 2A evidence."", ""observed_at"": ""2026-08-10"", ""source_record_id"": null, ""status"": ""not_available_from_source""}, {""capability"": ""financials"", ""evidence_ids"": [""ev:ais:92140312385:2023""], ""freshness_note"": null, ""observed_at"": ""2026-08-10"", ""source_record_id"": null, ""status"": ""observed""}, {""capability"": ""latest_acnc_ais"", ""evidence_ids"": [""ev:acnc:ais:92140312385:73fcc44e-fa11-f111-8406-0022489549a2""], ""freshness_note"": ""Latest submitted AIS detail acquired from the public ACNC entity endpoint."", ""observed_at"": ""2026-01-30"", ""source_record_id"": ""src:acnc-ais-detail:92140312385:73fcc44e-fa11-f111-8406-0022489549a2:cb_d9b82b997407475d8d30e4535bb0375f"", ""status"": ""observed""}, {""capability"": ""website"", ""evidence_ids"": [], ""freshness_note"": ""Public website locator acquired from the ACNC profile."", ""observed_at"": ""2026-08-13"", ""source_record_id"": null, ""status"": ""observed""}]",www.healingfoundation.org.au,Australia (self‑described national reach) | Australian Capital Territory (registered per ACNC),"Aboriginal And Torres Strait Islander Healing Foundation Limited (The Healing Foundation) is a national Aboriginal and Torres Strait Islander organisation registered in the Australian Capital Territory. It works with Stolen Generations survivors, their families and broader Aboriginal and Torres Strait Islander communities to support survivor‑led, community‑led healing and to restore cultural connections. Its activities include community healing projects, a grants program for truth‑telling projects, production and dissemination of resources (fact sheets, reports, toolkits and videos), online events and public forums, and advocacy with government and policy makers about trauma‑aware, healing‑informed practice. The organisation also publishes policy material and maintains a library of resources for practitioners, survivors and other audiences.","Advocacy with government and policymakers | Community‑led and survivor‑led healing projects | Resource production (fact sheets, reports, toolkits, videos) | Grant program for truth‑telling projects | Online events and public forums",Stolen Generations survivors and their families | Aboriginal and Torres Strait Islander communities,Community‑led initiatives and survivor‑led participation | Attending public events and online forums | Applying for small grants / truth‑telling project funding | Using and subscribing to online resources and newsletters,9041707,5783801,,,,acnc-register:purpose.other_purpose | acnc-register:beneficiary.regional_remote | causebase:activity.advocacy | causebase:activity.events_and_public_programming | causebase:activity.direct_service | causebase:approach.community_partnership | causebase:geography.australia | causebase:organisation.national | causebase:beneficiary.people_experiencing_disadvantage | causebase:participation.public_events,phase2b-2026-08-14-rc4-fundraising-projection-correction
cb_e03a0e09e44b4817ae219e80aa55b7dd,unknown,abn:50060192008,Spiritualists National Union Of Wa Inc,Spiritualists National Union Of Wa Inc,registered,enriched,"[{""capability"": ""regulatory"", ""evidence_ids"": [""ev:acnc:50060192008""], ""freshness_note"": null, ""observed_at"": ""2026-08-10"", ""source_record_id"": null, ""status"": ""observed""}, {""capability"": ""annual_report"", ""evidence_ids"": [], ""freshness_note"": null, ""observed_at"": ""2026-08-10"", ""source_record_id"": null, ""status"": ""not_yet_processed""}, {""capability"": ""fundraising_expenditure"", ""evidence_ids"": [], ""freshness_note"": ""No direct or defensible derived fundraising expenditure was found in selected Phase 2A evidence."", ""observed_at"": ""2026-08-10"", ""source_record_id"": null, ""status"": ""not_available_from_source""}, {""capability"": ""financials"", ""evidence_ids"": [""ev:ais:50060192008:2023""], ""freshness_note"": null, ""observed_at"": ""2026-08-10"", ""source_record_id"": null, ""status"": ""observed""}, {""capability"": ""latest_acnc_ais"", ""evidence_ids"": [""ev:acnc:ais:50060192008:dd89b4cf-42fd-f011-8406-6045bdc47b11""], ""freshness_note"": ""Latest submitted AIS detail acquired from the public ACNC entity endpoint."", ""observed_at"": ""2026-01-29"", ""source_record_id"": ""src:acnc-ais-detail:50060192008:dd89b4cf-42fd-f011-8406-6045bdc47b11:cb_e03a0e09e44b4817ae219e80aa55b7dd"", ""status"": ""observed""}, {""capability"": ""website"", ""evidence_ids"": [], ""freshness_note"": ""Public website locator acquired from the ACNC profile."", ""observed_at"": ""2026-08-13"", ""source_record_id"": null, ""status"": ""observed""}]",www.snuwa.org.au,Western Australia (WA),"Spiritualists National Union Of WA Inc is a spiritualist centre based in Western Australia. As of August 2026 it publishes a mediums schedule for regular services, runs a learning programme that includes spiritualism and mediumship training, and hosts gatherings where people share life experiences and explore spiritual growth. The organisation describes its attendees as ""like-minded people"" and invites contact for information or locations of its church. The available records identify these programmatic activities and participation routes (attendance at scheduled services and medium events, and participation in the learning programme) but do not provide detailed breakdowns of service locations or participant numbers in this release.",publishes a mediums schedule for services and mediums | runs a learning programme in spiritualism and mediumship training | hosts gatherings for people to share life experiences and spiritual growth,people who attend the centre,attending scheduled services and medium events | participating in the learning programme | contacting the organisation for information or location of the church,22323,17592,,,,acnc-register:purpose.religion | acnc-register:beneficiary.animals | causebase:activity.events_and_public_programming | causebase:participation.public_events | causebase:beneficiary.general_community | causebase:geography.local_or_regional | causebase:organisation.local,phase2b-2026-08-14-rc4-fundraising-projection-correction
cb_0f4825a00e9a462d950b16089f1845d5,unknown,abn:19242782512,Habitat for Humanity Australia SA,Habitat for Humanity Australia SA,registered,enriched,"[{""capability"": ""regulatory"", ""evidence_ids"": [""ev:acnc:19242782512""], ""freshness_note"": null, ""observed_at"": ""2026-08-10"", ""source_record_id"": null, ""status"": ""observed""}, {""capability"": ""annual_report"", ""evidence_ids"": [], ""freshness_note"": null, ""observed_at"": ""2026-08-10"", ""source_record_id"": null, ""status"": ""not_yet_processed""}, {""capability"": ""fundraising_expenditure"", ""evidence_ids"": [], ""freshness_note"": ""No direct or defensible derived fundraising expenditure was found in selected Phase 2A evidence."", ""observed_at"": ""2026-08-10"", ""source_record_id"": null, ""status"": ""not_available_from_source""}, {""capability"": ""financials"", ""evidence_ids"": [""ev:ais:19242782512:2023""], ""freshness_note"": null, ""observed_at"": ""2026-08-10"", ""source_record_id"": null, ""status"": ""observed""}, {""capability"": ""latest_acnc_ais"", ""evidence_ids"": [""ev:acnc:ais:19242782512:b595ba00-8ffd-f011-8406-7ced8d33fe37""], ""freshness_note"": ""Latest submitted AIS detail acquired from the public ACNC entity endpoint."", ""observed_at"": ""2026-01-30"", ""source_record_id"": ""src:acnc-ais-detail:19242782512:b595ba00-8ffd-f011-8406-7ced8d33fe37:cb_0f4825a00e9a462d950b16089f1845d5"", ""status"": ""observed""}, {""capability"": ""website"", ""evidence_ids"": [], ""freshness_note"": ""Public website locator acquired from the ACNC profile."", ""observed_at"": ""2026-08-13"", ""source_record_id"": null, ""status"": ""observed""}]",https://www.habitat.org.au/sa,South Australia (SA) | Australia,"Habitat for Humanity Australia SA is an ACNC-registered charity operating in South Australia. The supplied 2022–23 AIS filing (reporting period 1 July 2022 to 30 June 2023) and ACNC register extract identify the entity and its geographic coverage but do not describe specific programs, services, target beneficiaries or participation modes. CauseBase does not have sufficient descriptive evidence in this release to independently identify the concrete activities the organisation undertakes, the groups it serves, or how it engages volunteers or the public. Additional descriptive sources such as a current website, program descriptions or an annual report would be needed to summarise its work in more detail.",,,,509336,424031,,,,acnc-register:purpose.other_purpose | acnc-register:beneficiary.regional_remote,phase2b-2026-08-14-rc4-fundraising-projection-correction
cb_e57f362b02e948eaabec081eeba40d83,unknown,abn:23103213929,Ewin Early Learning Centre Inc,Ewin Early Learning Centre Inc,registered,enriched,"[{""capability"": ""regulatory"", ""evidence_ids"": [""ev:acnc:23103213929""], ""freshness_note"": null, ""observed_at"": ""2026-08-10"", ""source_record_id"": null, ""status"": ""observed""}, {""capability"": ""annual_report"", ""evidence_ids"": [], ""freshness_note"": null, ""observed_at"": ""2026-08-10"", ""source_record_id"": null, ""status"": ""not_yet_processed""}, {""capability"": ""fundraising_expenditure"", ""evidence_ids"": [], ""freshness_note"": ""No direct or defensible derived fundraising expenditure was found in selected Phase 2A evidence."", ""observed_at"": ""2026-08-10"", ""source_record_id"": null, ""status"": ""not_available_from_source""}, {""capability"": ""financials"", ""evidence_ids"": [""ev:ais:23103213929:2023""], ""freshness_note"": null, ""observed_at"": ""2026-08-10"", ""source_record_id"": null, ""status"": ""observed""}, {""capability"": ""latest_acnc_ais"", ""evidence_ids"": [""ev:acnc:ais:23103213929:cad32d8f-dfde-ef11-a731-000d3a6af31d""], ""freshness_note"": ""Latest submitted AIS detail acquired from the public ACNC entity endpoint."", ""observed_at"": ""2025-01-30"", ""source_record_id"": ""src:acnc-ais-detail:23103213929:cad32d8f-dfde-ef11-a731-000d3a6af31d:cb_e57f362b02e948eaabec081eeba40d83"", ""status"": ""observed""}, {""capability"": ""website"", ""evidence_ids"": [], ""freshness_note"": ""Public website locator acquired from the ACNC profile."", ""observed_at"": ""2026-08-13"", ""source_record_id"": null, ""status"": ""observed""}]",www.ewinelc.org.au,Western Australia,"Ewin Early Learning Centre Inc is an incorporated entity registered in Western Australia. It is listed on the ACNC register and filed an Annual Information Statement for the year ending 30 June 2023. CauseBase does not have sufficient descriptive evidence in this release to independently identify the organisation’s specific activities, services or beneficiary groups.",,,,1626520,1871637,,,,acnc-register:purpose.education | acnc-register:beneficiary.regional_remote | causebase:geography.australia,phase2b-2026-08-14-rc4-fundraising-projection-correction
cb_a2d89c0e74cc496ab0070a9adbe7df19,unknown,abn:65152955667,Regional Australia Institute Ltd,Regional Australia Institute Ltd,registered,enriched,"[{""capability"": ""regulatory"", ""evidence_ids"": [""ev:acnc:65152955667""], ""freshness_note"": null, ""observed_at"": ""2026-08-10"", ""source_record_id"": null, ""status"": ""observed""}, {""capability"": ""annual_report"", ""evidence_ids"": [], ""freshness_note"": null, ""observed_at"": ""2026-08-10"", ""source_record_id"": null, ""status"": ""not_yet_processed""}, {""capability"": ""fundraising_expenditure"", ""evidence_ids"": [], ""freshness_note"": ""No direct or defensible derived fundraising expenditure was found in selected Phase 2A evidence."", ""observed_at"": ""2026-08-10"", ""source_record_id"": null, ""status"": ""not_available_from_source""}, {""capability"": ""financials"", ""evidence_ids"": [""ev:ais:65152955667:2023""], ""freshness_note"": null, ""observed_at"": ""2026-08-10"", ""source_record_id"": null, ""status"": ""observed""}, {""capability"": ""latest_acnc_ais"", ""evidence_ids"": [""ev:acnc:ais:65152955667:a1771ede-4cf6-f011-8406-002248111f49""], ""freshness_note"": ""Latest submitted AIS detail acquired from the public ACNC entity endpoint."", ""observed_at"": ""2026-01-20"", ""source_record_id"": ""src:acnc-ais-detail:65152955667:a1771ede-4cf6-f011-8406-002248111f49:cb_a2d89c0e74cc496ab0070a9adbe7df19"", ""status"": ""observed""}, {""capability"": ""website"", ""evidence_ids"": [], ""freshness_note"": ""Public website locator acquired from the ACNC profile."", ""observed_at"": ""2026-08-13"", ""source_record_id"": null, ""status"": ""observed""}]",www.regionalaustralia.org.au,"Regional Australia (national focus) | Perth, Western Australia (Regions Rising WA event) | Australian Capital Territory (office/registered location indicated in records)","Regional Australia Institute (RAI) is a national think tank focused on issues affecting regional Australia. As of August 2026, RAI produces research and data products (for example the Regional Movers Index developed with the Commonwealth Bank, the Regional Labour Markets Update, and the Regionalisation Ambition 2032 progress reports), develops policy and advocacy material (Policy Pulse), and runs events and public programming including the Regions Rising National Summit, Regions Rising WA and member-only Dialogue Day. RAI also offers an executive education Masterclass program for CEOs and executives and delivers partnership projects with external organisations. Its activities are aimed at residents of regional Australia, community, industry and government leaders who use its research and attend its events, and CEOs and executives who enrol in its education programs. (Sources: RAI website; ACNC AIS 2023; ACNC register.)",Research and data production (Regional Movers Index; Regional Labour Markets Update) | Policy development and advocacy (Policy Pulse; advocating for change) | Events and public programming (Regions Rising National Summit; Regions Rising WA; Dialogue Day) | Education and training (Masterclass Program for CEOs and Executives) | Partnership projects with external organisations (Regional Movers Index with CBA),"Residents of regional Australia | Community, industry and government leaders who attend events and use research | CEOs and executives who attend Masterclass programs",Attending public events and summits | Participating in research and using published reports | Joining membership and member-only events | Enrolling in Masterclass education programs,6214413,5424456,,,,acnc-register:purpose.social_welfare | acnc-register:beneficiary.regional_remote | causebase:cause.community_wellbeing | causebase:activity.advocacy | causebase:activity.events_and_public_programming | causebase:approach.community_partnership | causebase:participation.public_events | causebase:geography.australia | causebase:geography.local_or_regional | causebase:organisation.national,phase2b-2026-08-14-rc4-fundraising-projection-correction
cb_ce5fa7858d2f47ffaf33a8015e933ba8,unknown,abn:33674759123,AUSTRALIAN LGBTQ BOARD AND EXECUTIVE INCLUSION FORUM LIMITED,AUSTRALIAN LGBTQ BOARD AND EXECUTIVE INCLUSION FORUM LIMITED,registered,enriched,"[{""capability"": ""regulatory"", ""evidence_ids"": [""ev:acnc:33674759123""], ""freshness_note"": null, ""observed_at"": ""2026-08-10"", ""source_record_id"": null, ""status"": ""observed""}, {""capability"": ""annual_report"", ""evidence_ids"": [], ""freshness_note"": null, ""observed_at"": ""2026-08-10"", ""source_record_id"": null, ""status"": ""not_yet_processed""}, {""capability"": ""fundraising_expenditure"", ""evidence_ids"": [], ""freshness_note"": null, ""observed_at"": ""2026-08-10"", ""source_record_id"": null, ""status"": ""not_yet_processed""}, {""capability"": ""financials"", ""evidence_ids"": [], ""freshness_note"": null, ""observed_at"": ""2026-08-10"", ""source_record_id"": null, ""status"": ""not_found_in_source""}, {""capability"": ""latest_acnc_ais"", ""evidence_ids"": [], ""freshness_note"": ""No submitted AIS was returned by the public ACNC profile endpoint."", ""observed_at"": ""2026-08-13"", ""source_record_id"": ""src:acnc-public-profile:33674759123:f5d45d3a-46e7-ef11-be20-0022489758db:cb_ce5fa7858d2f47ffaf33a8015e933ba8"", ""status"": ""not_available_from_source""}, {""capability"": ""website"", ""evidence_ids"": [], ""freshness_note"": ""Public website locator acquired from the ACNC profile."", ""observed_at"": ""2026-08-13"", ""source_record_id"": null, ""status"": ""observed""}]",https://www.albei.org,New South Wales (NSW),"Australian LGBTQ Board and Executive Inclusion Forum Limited is a New South Wales-based organisation that promotes diversity and inclusion in corporate boardrooms. It fosters discussions between company board members, nominations committees, executive search firms, industry governance bodies and interested individuals. ALBEI organises and promotes events, maintains a subscription list and website communications, and identifies a set of priority projects related to boardroom inclusion. The organisation invites people to subscribe for event updates, send questions, offer help and attend ALBEI events. Activities described focus on convening conversations and project work around boardroom inclusion rather than direct service provision to individual clients.","Hosting events about diversity and inclusion in boardrooms | Fostering discussions between company board members, nominations committees, executive search firms and industry governance bodies | Running projects described as priority areas related to boardroom inclusion | Maintaining a subscription list and communications",Company board members | Nominations committees | Executive search firms | Industry governance bodies | Individuals interested in boardroom diversity and inclusion,Subscribing to event updates | Sending questions to the organisation | Offering help or assistance | Attending ALBEI events,,,,,,acnc-register:purpose.other_purpose | acnc-register:beneficiary.other_beneficiary | causebase:activity.events_and_public_programming | causebase:activity.advocacy | causebase:approach.community_partnership | causebase:approach.volunteer_enabled | causebase:participation.public_events | causebase:participation.volunteering | causebase:geography.local_or_regional | causebase:organisation.local,phase2b-2026-08-14-rc4-fundraising-projection-correction
cb_6f183b80a2e54c17a2453bf0cb0281c5,unknown,abn:97442336082,Celebrate Health Care Limited,Celebrate Health Care Limited,registered,enriched,"[{""capability"": ""regulatory"", ""evidence_ids"": [""ev:acnc:97442336082""], ""freshness_note"": null, ""observed_at"": ""2026-08-10"", ""source_record_id"": null, ""status"": ""observed""}, {""capability"": ""annual_report"", ""evidence_ids"": [], ""freshness_note"": null, ""observed_at"": ""2026-08-10"", ""source_record_id"": null, ""status"": ""not_yet_processed""}, {""capability"": ""fundraising_expenditure"", ""evidence_ids"": [], ""freshness_note"": ""No direct or defensible derived fundraising expenditure was found in selected Phase 2A evidence."", ""observed_at"": ""2026-08-10"", ""source_record_id"": null, ""status"": ""not_available_from_source""}, {""capability"": ""financials"", ""evidence_ids"": [""ev:ais:97442336082:2023""], ""freshness_note"": null, ""observed_at"": ""2026-08-10"", ""source_record_id"": null, ""status"": ""observed""}, {""capability"": ""latest_acnc_ais"", ""evidence_ids"": [""ev:acnc:ais:97442336082:34af82b3-4aa9-f011-bbd2-000d3ad208e6""], ""freshness_note"": ""Latest submitted AIS detail acquired from the public ACNC entity endpoint."", ""observed_at"": ""2025-10-14"", ""source_record_id"": ""src:acnc-ais-detail:97442336082:34af82b3-4aa9-f011-bbd2-000d3ad208e6:cb_6f183b80a2e54c17a2453bf0cb0281c5"", ""status"": ""observed""}, {""capability"": ""website"", ""evidence_ids"": [], ""freshness_note"": ""Public website locator acquired from the ACNC profile."", ""observed_at"": ""2026-08-13"", ""source_record_id"": null, ""status"": ""observed""}]",https://www.celebrate.org.au,"Tasmania | Glamorgan Spring Bay region | Dorset region | Break O’Day region | Scottsdale (Northeast Tasmania) | Swansea (East Coast, Tasmania)","Celebrate Health Care Limited is an aged care provider operating in rural northeast and east‑coast Tasmania, serving communities in the Glamorgan Spring Bay, Dorset and Break O’Day regions. It operates two residential aged care homes in Scottsdale and Swansea (branded May Shaw and Aminya) and offers short‑term respite stays at those sites. The organisation also delivers personalised in‑home aged care support and manages Consumer Directed Care (CDC) packages. Website material and client testimonials describe organised activities and bus tours for residents. These services are presented as local, community‑facing aged care and support across the named Tasmanian regions.",Residential aged care at two sites (Scottsdale and Swansea) | Respite care at Scottsdale and Swansea | Personalised in‑home aged care support | Consumer Directed Care (CDC) packages | Organised activities and bus tours for residents,"Residents of the organisation's residential aged care sites | People using short‑term respite stays | People receiving in‑home aged care support | People living in Glamorgan Spring Bay, Dorset and Break O’Day regions",In‑person residential stays | Short‑term respite stays | In‑home care visits | Consumer‑directed care planning,17168860,17192602,,,,acnc-register:purpose.health | acnc-register:beneficiary.older_people,phase2b-2026-08-14-rc4-fundraising-projection-correction
cb_8af509eea8fe44a494ae643080e40cf3,unknown,abn:40105898173,Calvary Retirement Community Ryde Limited,Calvary Retirement Community Ryde Limited,registered,enriched,"[{""capability"": ""regulatory"", ""evidence_ids"": [""ev:acnc:40105898173""], ""freshness_note"": null, ""observed_at"": ""2026-08-10"", ""source_record_id"": null, ""status"": ""observed""}, {""capability"": ""annual_report"", ""evidence_ids"": [], ""freshness_note"": null, ""observed_at"": ""2026-08-10"", ""source_record_id"": null, ""status"": ""not_yet_processed""}, {""capability"": ""fundraising_expenditure"", ""evidence_ids"": [], ""freshness_note"": null, ""observed_at"": ""2026-08-10"", ""source_record_id"": null, ""status"": ""not_yet_processed""}, {""capability"": ""financials"", ""evidence_ids"": [], ""freshness_note"": null, ""observed_at"": ""2026-08-10"", ""source_record_id"": null, ""status"": ""not_found_in_source""}, {""capability"": ""latest_acnc_ais"", ""evidence_ids"": [""ev:acnc:ais:40105898173:6a2ffd66-45c8-e811-a964-000d3ad24077""], ""freshness_note"": ""Latest submitted AIS detail acquired from the public ACNC entity endpoint."", ""observed_at"": ""2013-11-20"", ""source_record_id"": ""src:acnc-ais-detail:40105898173:6a2ffd66-45c8-e811-a964-000d3ad24077:cb_8af509eea8fe44a494ae643080e40cf3"", ""status"": ""observed""}, {""capability"": ""website"", ""evidence_ids"": [], ""freshness_note"": ""Public website locator acquired from the ACNC profile."", ""observed_at"": ""2026-08-13"", ""source_record_id"": null, ""status"": ""observed""}]",https://www.calvarycare.org.au,"Ryde, New South Wales | Australia","Calvary Retirement Community Ryde Limited is a Calvary Health Care provider based in Ryde, New South Wales (evidence current to 2026). It operates health and aged‑care services in the locality, including hospitals, residential aged care, retirement living and home care. The organisation publishes clinical safety and quality data and maintains careers and recruitment information. It supports volunteer programmes and auxiliaries and runs public events for residents, including the Calvary Residential Aged Care Games. Its stated mission includes providing healthcare to vulnerable people, including those reaching the end of life.",Operates hospitals | Provides residential aged care services | Provides retirement living and home care services | Publishes annual clinical safety and quality data | Supports volunteer programmes and auxiliaries | Hosts public events including residential aged care games | Maintains careers and recruitment information,People receiving hospital care (patients) | Residents of aged care and retirement living services | People nearing end of life or described as vulnerable | Volunteers and auxiliary members involved in fundraising and support,Volunteering (volunteers and auxiliaries) | Public events (including games and community events) | Auxiliary-led fundraising and donations,,,,,,acnc-register:purpose.other_purpose | acnc-register:beneficiary.older_people | causebase:activity.direct_service | causebase:activity.events_and_public_programming | causebase:participation.volunteering | causebase:participation.public_events | causebase:approach.volunteer_enabled | causebase:geography.local_or_regional | causebase:geography.australia | causebase:beneficiary.people_experiencing_disadvantage,phase2b-2026-08-14-rc4-fundraising-projection-correction
cb_702846f4dd1d418db5fbc98d68647cf9,unknown,abn:40920336423,East Fremantle Child Development Centre Inc,East Fremantle Child Development Centre Inc,registered,enriched,"[{""capability"": ""regulatory"", ""evidence_ids"": [""ev:acnc:40920336423""], ""freshness_note"": null, ""observed_at"": ""2026-08-10"", ""source_record_id"": null, ""status"": ""observed""}, {""capability"": ""annual_report"", ""evidence_ids"": [], ""freshness_note"": null, ""observed_at"": ""2026-08-10"", ""source_record_id"": null, ""status"": ""not_yet_processed""}, {""capability"": ""fundraising_expenditure"", ""evidence_ids"": [], ""freshness_note"": ""No direct or defensible derived fundraising expenditure was found in selected Phase 2A evidence."", ""observed_at"": ""2026-08-10"", ""source_record_id"": null, ""status"": ""not_available_from_source""}, {""capability"": ""financials"", ""evidence_ids"": [""ev:ais:40920336423:2023""], ""freshness_note"": null, ""observed_at"": ""2026-08-10"", ""source_record_id"": null, ""status"": ""observed""}, {""capability"": ""latest_acnc_ais"", ""evidence_ids"": [""ev:acnc:ais:40920336423:b865ea3e-305b-f111-bec7-6045bde5b710""], ""freshness_note"": ""Latest submitted AIS detail acquired from the public ACNC entity endpoint."", ""observed_at"": ""2026-05-29"", ""source_record_id"": ""src:acnc-ais-detail:40920336423:b865ea3e-305b-f111-bec7-6045bde5b710:cb_702846f4dd1d418db5fbc98d68647cf9"", ""status"": ""observed""}, {""capability"": ""website"", ""evidence_ids"": [], ""freshness_note"": ""Public website locator acquired from the ACNC profile."", ""observed_at"": ""2026-08-13"", ""source_record_id"": null, ""status"": ""observed""}]",http://www.steppingstonescdc.com.au,WA,"East Fremantle Child Development Centre Inc is a registered not-for-profit organisation based in Western Australia. CauseBase does not have sufficient descriptive evidence in this release to identify the centre's specific programs, services or beneficiary groups. The organisation is listed on the ACNC Register and lodged an Annual Information Statement covering 1 January–31 December 2023, which provides the primary documentary record for this entry.",,,,702998,674216,,,,acnc-register:purpose.education | acnc-register:beneficiary.other_beneficiary | causebase:geography.local_or_regional | causebase:organisation.local,phase2b-2026-08-14-rc4-fundraising-projection-correction
cb_51c98d3295fb4a8fbcfeb8cece6b8412,unknown,abn:21697650652,Aussie Vets PTSD Group Incorporated,Aussie Vets PTSD Group Incorporated,registered,enriched,"[{""capability"": ""regulatory"", ""evidence_ids"": [""ev:acnc:21697650652""], ""freshness_note"": null, ""observed_at"": ""2026-08-10"", ""source_record_id"": null, ""status"": ""observed""}, {""capability"": ""annual_report"", ""evidence_ids"": [], ""freshness_note"": null, ""observed_at"": ""2026-08-10"", ""source_record_id"": null, ""status"": ""not_yet_processed""}, {""capability"": ""website"", ""evidence_ids"": [], ""freshness_note"": null, ""observed_at"": ""2026-08-10"", ""source_record_id"": null, ""status"": ""not_available_from_source""}, {""capability"": ""fundraising_expenditure"", ""evidence_ids"": [], ""freshness_note"": ""No direct or defensible derived fundraising expenditure was found in selected Phase 2A evidence."", ""observed_at"": ""2026-08-10"", ""source_record_id"": null, ""status"": ""not_available_from_source""}, {""capability"": ""financials"", ""evidence_ids"": [""ev:ais:21697650652:2023""], ""freshness_note"": null, ""observed_at"": ""2026-08-10"", ""source_record_id"": null, ""status"": ""observed""}, {""capability"": ""latest_acnc_ais"", ""evidence_ids"": [""ev:acnc:ais:21697650652:3af25f58-46b1-f011-bbd3-7ced8d34ef5a""], ""freshness_note"": ""Latest submitted AIS detail acquired from the public ACNC entity endpoint."", ""observed_at"": ""2025-10-25"", ""source_record_id"": ""src:acnc-ais-detail:21697650652:3af25f58-46b1-f011-bbd3-7ced8d34ef5a:cb_51c98d3295fb4a8fbcfeb8cece6b8412"", ""status"": ""observed""}]",,Australian Capital Territory (ACT),"Aussie Vets PTSD Group Incorporated is an incorporated charity registered in the Australian Capital Territory. It appears on the Australian Charities and Not-for-profits Commission (ACNC) register and lodged an ACNC Annual Information Statement covering 1 July 2022 to 30 June 2023. CauseBase does not have sufficient descriptive evidence in this release to independently identify the organisation’s specific activities, programs or beneficiary groups. No website, program descriptions or other public materials were supplied in the selected evidence, so this card does not assert direct service delivery, advocacy, events or other work beyond its registration and filing activity.",,,,3753,3000,,,,acnc-register:purpose.social_welfare | acnc-register:beneficiary.other_beneficiary,phase2b-2026-08-14-rc4-fundraising-projection-correction
cb_6c11b73558144c61b51d004ca5e5bef9,unknown,abn:55631266601,5D CLINICS FOUNDATION LTD,5D CLINICS FOUNDATION LTD,registered,enriched,"[{""capability"": ""regulatory"", ""evidence_ids"": [""ev:acnc:55631266601""], ""freshness_note"": null, ""observed_at"": ""2026-08-10"", ""source_record_id"": null, ""status"": ""observed""}, {""capability"": ""annual_report"", ""evidence_ids"": [], ""freshness_note"": null, ""observed_at"": ""2026-08-10"", ""source_record_id"": null, ""status"": ""not_yet_processed""}, {""capability"": ""fundraising_expenditure"", ""evidence_ids"": [], ""freshness_note"": ""No direct or defensible derived fundraising expenditure was found in selected Phase 2A evidence."", ""observed_at"": ""2026-08-10"", ""source_record_id"": null, ""status"": ""not_available_from_source""}, {""capability"": ""financials"", ""evidence_ids"": [""ev:ais:55631266601:2023""], ""freshness_note"": null, ""observed_at"": ""2026-08-10"", ""source_record_id"": null, ""status"": ""observed""}, {""capability"": ""latest_acnc_ais"", ""evidence_ids"": [""ev:acnc:ais:55631266601:9bc74342-1acf-f011-8543-6045bde71f7e""], ""freshness_note"": ""Latest submitted AIS detail acquired from the public ACNC entity endpoint."", ""observed_at"": ""2025-12-02"", ""source_record_id"": ""src:acnc-ais-detail:55631266601:9bc74342-1acf-f011-8543-6045bde71f7e:cb_6c11b73558144c61b51d004ca5e5bef9"", ""status"": ""observed""}, {""capability"": ""website"", ""evidence_ids"": [], ""freshness_note"": ""Public website locator acquired from the ACNC profile."", ""observed_at"": ""2026-08-13"", ""source_record_id"": null, ""status"": ""observed""}]",https://5dclinics.com.au/5dclinics-foundation/,Western Australia,"5D Clinics Foundation Ltd is a Western Australia–based foundation that aims to provide access to cancer treatment for everyone. It describes two core activities: consulting with clinical experts to identify treatment options tailored to individual patients, and providing financial assistance to help patients access those treatments. The foundation states a mission to move patients beyond fear of the unknown and closer to confidence when diagnosed with cancer. Stated beneficiaries are people diagnosed with cancer (patients).",Financial assistance to patients for cancer treatment | Consultation with clinical experts to identify appropriate treatment options,People diagnosed with cancer (patients),,220477,217456,,,,acnc-register:purpose.health | acnc-register:beneficiary.other_beneficiary | causebase:activity.direct_service | causebase:approach.community_partnership | causebase:geography.local_or_regional | causebase:organisation.local,phase2b-2026-08-14-rc4-fundraising-projection-correction
cb_1690dc79be8b4fb4b11c51db5c6f497c,unknown,abn:16734386980,Dieback Working Group Inc,Dieback Working Group Inc,registered,enriched,"[{""capability"": ""regulatory"", ""evidence_ids"": [""ev:acnc:16734386980""], ""freshness_note"": null, ""observed_at"": ""2026-08-10"", ""source_record_id"": null, ""status"": ""observed""}, {""capability"": ""annual_report"", ""evidence_ids"": [], ""freshness_note"": null, ""observed_at"": ""2026-08-10"", ""source_record_id"": null, ""status"": ""not_yet_processed""}, {""capability"": ""fundraising_expenditure"", ""evidence_ids"": [], ""freshness_note"": ""No direct or defensible derived fundraising expenditure was found in selected Phase 2A evidence."", ""observed_at"": ""2026-08-10"", ""source_record_id"": null, ""status"": ""not_available_from_source""}, {""capability"": ""financials"", ""evidence_ids"": [""ev:ais:16734386980:2023""], ""freshness_note"": null, ""observed_at"": ""2026-08-10"", ""source_record_id"": null, ""status"": ""observed""}, {""capability"": ""latest_acnc_ais"", ""evidence_ids"": [""ev:acnc:ais:16734386980:1c540d55-aff2-f011-8407-7ced8d34ef5a""], ""freshness_note"": ""Latest submitted AIS detail acquired from the public ACNC entity endpoint."", ""observed_at"": ""2026-01-16"", ""source_record_id"": ""src:acnc-ais-detail:16734386980:1c540d55-aff2-f011-8407-7ced8d34ef5a:cb_1690dc79be8b4fb4b11c51db5c6f497c"", ""status"": ""observed""}, {""capability"": ""website"", ""evidence_ids"": [], ""freshness_note"": ""Public website locator acquired from the ACNC profile."", ""observed_at"": ""2026-08-13"", ""source_record_id"": null, ""status"": ""observed""}]",dwg.org.au,Western Australia | southern Western Australia,"Dieback Working Group Inc is an organisation operating in southern Western Australia that focuses on managing Phytophthora Dieback, a plant disease caused by Phytophthora cinnamomi. It delivers biosecurity awareness training (Green Card Training) recognised by WA government authorities, runs a public conference series (DIG) and other public events, and promotes an ‘Arrive Clean – Leave Clean’ public education campaign. The group publishes guidance and information (Managing Dieback Best Practice Guideline, Treatment News, FAQs) and operates an information referral service (Find an Expert). Its stated stakeholders include government and industry agencies, landholders and land managers, community groups and outdoor recreation users; its work also relates to native plants and regional biodiversity in southern Western Australia. Evidence for these activities comes from the organisation’s website and its 2023 ACNC information statement.","Biosecurity awareness training (Green Card Training) | Public conferences and events (DIG conference) | Public education and awareness campaign (“Arrive Clean – Leave Clean”) | Publication of guidance and information (Managing Dieback Best Practice Guideline, Treatment News, FAQs) | Information referral service (Find an Expert)",Government agencies and industry stakeholders | Landholders and land managers | Community groups and outdoor recreation users | Native plants and regional biodiversity,Attending public events and conferences | Attending training courses (Green Card Training),276556,90061,,,,acnc-register:purpose.environment | acnc-register:beneficiary.regional_remote | causebase:cause.environment | causebase:activity.direct_service | causebase:activity.events_and_public_programming | causebase:activity.advocacy | causebase:participation.public_events | causebase:geography.local_or_regional | causebase:organisation.local | causebase:beneficiary.general_community,phase2b-2026-08-14-rc4-fundraising-projection-correction
cb_3bbf4f13d74a432ab0ca1eb74741adae,unknown,abn:51419209376,The Trustee For The Newman College Foundation,The Trustee For The Newman College Foundation,registered,enriched,"[{""capability"": ""regulatory"", ""evidence_ids"": [""ev:acnc:51419209376""], ""freshness_note"": null, ""observed_at"": ""2026-08-10"", ""source_record_id"": null, ""status"": ""observed""}, {""capability"": ""annual_report"", ""evidence_ids"": [], ""freshness_note"": null, ""observed_at"": ""2026-08-10"", ""source_record_id"": null, ""status"": ""not_yet_processed""}, {""capability"": ""fundraising_expenditure"", ""evidence_ids"": [], ""freshness_note"": ""No direct or defensible derived fundraising expenditure was found in selected Phase 2A evidence."", ""observed_at"": ""2026-08-10"", ""source_record_id"": null, ""status"": ""not_available_from_source""}, {""capability"": ""financials"", ""evidence_ids"": [""ev:ais:51419209376:2023""], ""freshness_note"": null, ""observed_at"": ""2026-08-10"", ""source_record_id"": null, ""status"": ""observed""}, {""capability"": ""latest_acnc_ais"", ""evidence_ids"": [""ev:acnc:ais:51419209376:0ef0a241-816f-f111-ab0c-00224894cb3a""], ""freshness_note"": ""Latest submitted AIS detail acquired from the public ACNC entity endpoint."", ""observed_at"": ""2026-06-24"", ""source_record_id"": ""src:acnc-ais-detail:51419209376:0ef0a241-816f-f111-ab0c-00224894cb3a:cb_3bbf4f13d74a432ab0ca1eb74741adae"", ""status"": ""observed""}, {""capability"": ""website"", ""evidence_ids"": [], ""freshness_note"": ""Public website locator acquired from the ACNC profile."", ""observed_at"": ""2026-08-13"", ""source_record_id"": null, ""status"": ""observed""}]",https://newman.unimelb.edu.au,"887 Swanston Street, Parkville, Melbourne, Victoria (Australia)","Newman College is a co‑educational residential college affiliated with the University of Melbourne, located at 887 Swanston Street, Parkville, Victoria. It primarily accepts students enrolled at the University of Melbourne and holds limited places for students in select courses at ACU, Monash and RMIT. The College provides residential accommodation and runs an academic tutorial programme and mentoring (tutorials delivered weekly), administers scholarships and bursaries, and operates a student community service and outreach programme. It also supports sporting teams and inter‑collegiate competitions, music, drama and arts productions and concerts, guest speakers and Scholar’s Presentations, and student retreats (including Camino retreats). Published site metrics include counts for community membership, scholarships and weekly tutorials.","residential accommodation for university students | tutorial programme and academic mentoring (tutorials delivered weekly) | scholarships and bursaries administration | student community service and outreach programme | sporting teams and inter‑collegiate competitions | music, drama, art productions and concerts | guest speakers and Scholar’s Presentations | student retreats (Camino retreat)",students studying at the University of Melbourne (primary) | limited places for students at Australian Catholic University (ACU) | limited places for students at Monash University | limited places for students at RMIT,"living in residential college accommodation | attending tutorials and academic mentoring | participating in sports, music, drama and arts events | engaging in community service and outreach (volunteering) | attending public talks and Scholar’s Presentations",282179,193332,,,,acnc-register:purpose.education | acnc-register:beneficiary.environment | causebase:activity.direct_service | causebase:activity.events_and_public_programming | causebase:participation.public_events | causebase:participation.volunteering | causebase:geography.local_or_regional | causebase:organisation.local,phase2b-2026-08-14-rc4-fundraising-projection-correction
cb_8a89059f7be44ccba04cb181f8abf127,unknown,abn:11566496319,Australian National Capital Artists Inc,Australian National Capital Artists Inc,registered,enriched,"[{""capability"": ""regulatory"", ""evidence_ids"": [""ev:acnc:11566496319""], ""freshness_note"": null, ""observed_at"": ""2026-08-10"", ""source_record_id"": null, ""status"": ""observed""}, {""capability"": ""annual_report"", ""evidence_ids"": [], ""freshness_note"": null, ""observed_at"": ""2026-08-10"", ""source_record_id"": null, ""status"": ""not_yet_processed""}, {""capability"": ""fundraising_expenditure"", ""evidence_ids"": [], ""freshness_note"": ""No direct or defensible derived fundraising expenditure was found in selected Phase 2A evidence."", ""observed_at"": ""2026-08-10"", ""source_record_id"": null, ""status"": ""not_available_from_source""}, {""capability"": ""financials"", ""evidence_ids"": [""ev:ais:11566496319:2023""], ""freshness_note"": null, ""observed_at"": ""2026-08-10"", ""source_record_id"": null, ""status"": ""observed""}, {""capability"": ""latest_acnc_ais"", ""evidence_ids"": [""ev:acnc:ais:11566496319:7680a362-936f-f111-ab0d-7ced8d33fe37""], ""freshness_note"": ""Latest submitted AIS detail acquired from the public ACNC entity endpoint."", ""observed_at"": ""2026-06-24"", ""source_record_id"": ""src:acnc-ais-detail:11566496319:7680a362-936f-f111-ab0d-7ced8d33fe37:cb_8a89059f7be44ccba04cb181f8abf127"", ""status"": ""observed""}, {""capability"": ""website"", ""evidence_ids"": [], ""freshness_note"": ""Public website locator acquired from the ACNC profile."", ""observed_at"": ""2026-08-13"", ""source_record_id"": null, ""status"": ""observed""}]",https://www.anca.net.au/,"Dickson, Australian Capital Territory (ACT) | Australian Capital Territory (ACT)","Australian National Capital Artists Inc (ANCA) is an artist-run gallery organisation based at 1 Rosevear Place, Dickson, Australian Capital Territory. As of mid-2026 it operates a physical gallery with posted public hours (Fri–Sun 11–4pm, Thursdays by appointment) and contact details, runs scheduled exhibitions with opening events, and publishes exhibition details and artist statements on its website. Recent programming listed an exhibition titled Everyday. Reverence (3–26 July) that named seven exhibiting artists and described individual works. Stated beneficiaries include the named exhibiting artists and people who attend or visit listed exhibitions (gallery visitors).",Running a public gallery with scheduled exhibitions and exhibition opening events | Publishing exhibition details and artist statements | Operating a physical gallery site with posted opening hours and contact information,"Named exhibiting artists (e.g. Heidi Smith, Monika McInerney, Michele England) | People who attend or visit listed exhibitions (gallery visitors)",Attending exhibition openings and public viewing during posted gallery hours | Contacting the gallery by email or telephone,301076,338206,,,,acnc-register:purpose.other_purpose | acnc-register:beneficiary.older_people | causebase:cause.culture_and_heritage | causebase:activity.events_and_public_programming | causebase:participation.public_events | causebase:geography.local_or_regional | causebase:organisation.local | causebase:beneficiary.general_community,phase2b-2026-08-14-rc4-fundraising-projection-correction
cb_c895804e211a4d7a96f992b80bcac6de,unknown,abn:60669466326,NHILL KAREN COMMUNITY LTD,NHILL KAREN COMMUNITY LTD,registered,enriched,"[{""capability"": ""regulatory"", ""evidence_ids"": [""ev:acnc:60669466326""], ""freshness_note"": null, ""observed_at"": ""2026-08-10"", ""source_record_id"": null, ""status"": ""observed""}, {""capability"": ""annual_report"", ""evidence_ids"": [], ""freshness_note"": null, ""observed_at"": ""2026-08-10"", ""source_record_id"": null, ""status"": ""not_yet_processed""}, {""capability"": ""website"", ""evidence_ids"": [], ""freshness_note"": null, ""observed_at"": ""2026-08-10"", ""source_record_id"": null, ""status"": ""not_available_from_source""}, {""capability"": ""fundraising_expenditure"", ""evidence_ids"": [], ""freshness_note"": null, ""observed_at"": ""2026-08-10"", ""source_record_id"": null, ""status"": ""not_yet_processed""}, {""capability"": ""financials"", ""evidence_ids"": [], ""freshness_note"": null, ""observed_at"": ""2026-08-10"", ""source_record_id"": null, ""status"": ""not_found_in_source""}, {""capability"": ""latest_acnc_ais"", ""evidence_ids"": [], ""freshness_note"": ""No submitted AIS was returned by the public ACNC profile endpoint."", ""observed_at"": ""2026-08-13"", ""source_record_id"": ""src:acnc-public-profile:60669466326:9fa35b92-2542-ee11-bdf4-00224893b304:cb_c895804e211a4d7a96f992b80bcac6de"", ""status"": ""not_available_from_source""}]",,,"NHILL KAREN COMMUNITY LTD is an organisation recorded in CauseBase's ACNC register extract. CauseBase does not have sufficient descriptive evidence in this release to independently identify the organisation's specific activities, beneficiaries, location of operations or how people participate. No website, public program descriptions or financial details were available in the supplied evidence to describe the group's work or target populations.",,,,,,,,,acnc-register:purpose.social_welfare | acnc-register:beneficiary.migrants_refugees,phase2b-2026-08-14-rc4-fundraising-projection-correction
cb_56748025b6a94a74bfce6d2b12c1f74c,unknown,abn:11955042908,Bundi Yamatji Aboriginal Corporation,Bundi Yamatji Aboriginal Corporation,registered,enriched,"[{""capability"": ""regulatory"", ""evidence_ids"": [""ev:acnc:11955042908""], ""freshness_note"": null, ""observed_at"": ""2026-08-10"", ""source_record_id"": null, ""status"": ""observed""}, {""capability"": ""annual_report"", ""evidence_ids"": [], ""freshness_note"": null, ""observed_at"": ""2026-08-10"", ""source_record_id"": null, ""status"": ""not_yet_processed""}, {""capability"": ""website"", ""evidence_ids"": [], ""freshness_note"": null, ""observed_at"": ""2026-08-10"", ""source_record_id"": null, ""status"": ""not_available_from_source""}, {""capability"": ""fundraising_expenditure"", ""evidence_ids"": [], ""freshness_note"": null, ""observed_at"": ""2026-08-10"", ""source_record_id"": null, ""status"": ""not_yet_processed""}, {""capability"": ""financials"", ""evidence_ids"": [], ""freshness_note"": null, ""observed_at"": ""2026-08-10"", ""source_record_id"": null, ""status"": ""not_found_in_source""}, {""capability"": ""latest_acnc_ais"", ""evidence_ids"": [""ev:acnc:ais:11955042908:82d0dfcf-b487-ec11-8d20-000d3ad22323""], ""freshness_note"": ""Latest submitted AIS detail acquired from the public ACNC entity endpoint."", ""observed_at"": ""2022-02-07"", ""source_record_id"": ""src:acnc-ais-detail:11955042908:82d0dfcf-b487-ec11-8d20-000d3ad22323:cb_56748025b6a94a74bfce6d2b12c1f74c"", ""status"": ""observed""}]",,Western Australia,"Bundi Yamatji Aboriginal Corporation is a registered organisation listed in Western Australia. CauseBase does not have sufficient descriptive evidence in this release to independently identify the organisation’s specific activities, beneficiaries or operating model. The available record is an ACNC register extract that provides the entity name and state of registration but does not describe programs, services or target groups.",,,,,,,,,acnc-register:purpose.environment | acnc-register:beneficiary.other_beneficiary,phase2b-2026-08-14-rc4-fundraising-projection-correction
cb_1ed4d44d34e949098005cf9c6ca1885c,unknown,abn:56147787276,MULTICULTURAL SENIOR DIGITAL SUPPORT QLD INC,MULTICULTURAL SENIOR DIGITAL SUPPORT QLD INC,registered,enriched,"[{""capability"": ""regulatory"", ""evidence_ids"": [""ev:acnc:56147787276""], ""freshness_note"": null, ""observed_at"": ""2026-08-10"", ""source_record_id"": null, ""status"": ""observed""}, {""capability"": ""annual_report"", ""evidence_ids"": [], ""freshness_note"": null, ""observed_at"": ""2026-08-10"", ""source_record_id"": null, ""status"": ""not_yet_processed""}, {""capability"": ""fundraising_expenditure"", ""evidence_ids"": [], ""freshness_note"": null, ""observed_at"": ""2026-08-10"", ""source_record_id"": null, ""status"": ""not_yet_processed""}, {""capability"": ""financials"", ""evidence_ids"": [], ""freshness_note"": null, ""observed_at"": ""2026-08-10"", ""source_record_id"": null, ""status"": ""not_found_in_source""}, {""capability"": ""latest_acnc_ais"", ""evidence_ids"": [], ""freshness_note"": ""No submitted AIS was returned by the public ACNC profile endpoint."", ""observed_at"": ""2026-08-13"", ""source_record_id"": ""src:acnc-public-profile:56147787276:4d5512d5-0f42-f111-88b5-6045bde5b920:cb_1ed4d44d34e949098005cf9c6ca1885c"", ""status"": ""not_available_from_source""}, {""capability"": ""website"", ""evidence_ids"": [], ""freshness_note"": ""Public website locator acquired from the ACNC profile."", ""observed_at"": ""2026-08-13"", ""source_record_id"": null, ""status"": ""observed""}]",https://lifelong.org.au,QLD,"MULTICULTURAL SENIOR DIGITAL SUPPORT QLD INC is a registered charity based in Queensland, Australia. CauseBase has the organisation’s ACNC registration and a listed website (lifelong.org.au) on record. CauseBase does not have sufficient descriptive evidence in this release to independently identify the specific activities the organisation carries out, the populations it serves, or the locations within Queensland where it operates.",,,,,,,,,acnc-register:purpose.education | acnc-register:beneficiary.older_people,phase2b-2026-08-14-rc4-fundraising-projection-correction
cb_59f17ed26a2647a688571b530e39e400,unknown,abn:36661209143,Ariah Park Show Society Inc,Ariah Park Show Society Inc,registered,enriched,"[{""capability"": ""regulatory"", ""evidence_ids"": [""ev:acnc:36661209143""], ""freshness_note"": null, ""observed_at"": ""2026-08-10"", ""source_record_id"": null, ""status"": ""observed""}, {""capability"": ""annual_report"", ""evidence_ids"": [], ""freshness_note"": null, ""observed_at"": ""2026-08-10"", ""source_record_id"": null, ""status"": ""not_yet_processed""}, {""capability"": ""website"", ""evidence_ids"": [], ""freshness_note"": null, ""observed_at"": ""2026-08-10"", ""source_record_id"": null, ""status"": ""not_available_from_source""}, {""capability"": ""fundraising_expenditure"", ""evidence_ids"": [], ""freshness_note"": ""No direct or defensible derived fundraising expenditure was found in selected Phase 2A evidence."", ""observed_at"": ""2026-08-10"", ""source_record_id"": null, ""status"": ""not_available_from_source""}, {""capability"": ""financials"", ""evidence_ids"": [""ev:ais:36661209143:2023""], ""freshness_note"": null, ""observed_at"": ""2026-08-10"", ""source_record_id"": null, ""status"": ""observed""}, {""capability"": ""latest_acnc_ais"", ""evidence_ids"": [""ev:acnc:ais:36661209143:397b8f31-75b7-f011-bbd3-6045bde67d52""], ""freshness_note"": ""Latest submitted AIS detail acquired from the public ACNC entity endpoint."", ""observed_at"": ""2025-11-01"", ""source_record_id"": ""src:acnc-ais-detail:36661209143:397b8f31-75b7-f011-bbd3-6045bde67d52:cb_59f17ed26a2647a688571b530e39e400"", ""status"": ""observed""}]",,New South Wales (NSW),"Ariah Park Show Society Inc is an incorporated community organisation registered with the Australian Charities and Not-for-profits Commission and located in New South Wales (NSW). The organisation filed an Annual Information Statement covering 01/07/2022 to 30/06/2023. CauseBase does not have sufficient descriptive evidence in this release to independently identify the society's specific activities, programs, participation modes or intended beneficiaries.",,,,18799,44870,,,,acnc-register:purpose.other_purpose | acnc-register:beneficiary.regional_remote | causebase:geography.local_or_regional | causebase:organisation.local,phase2b-2026-08-14-rc4-fundraising-projection-correction
cb_dce5af58ad1d4be6b0ef83cc20366184,unknown,abn:94196952697,BEECHFORD RESIDENTS AND PROPERTY OWNERS ASSOCIATION INC,BEECHFORD RESIDENTS AND PROPERTY OWNERS ASSOCIATION INC,registered,enriched,"[{""capability"": ""regulatory"", ""evidence_ids"": [""ev:acnc:94196952697""], ""freshness_note"": null, ""observed_at"": ""2026-08-10"", ""source_record_id"": null, ""status"": ""observed""}, {""capability"": ""annual_report"", ""evidence_ids"": [], ""freshness_note"": null, ""observed_at"": ""2026-08-10"", ""source_record_id"": null, ""status"": ""not_yet_processed""}, {""capability"": ""website"", ""evidence_ids"": [], ""freshness_note"": null, ""observed_at"": ""2026-08-10"", ""source_record_id"": null, ""status"": ""not_available_from_source""}, {""capability"": ""fundraising_expenditure"", ""evidence_ids"": [], ""freshness_note"": ""No direct or defensible derived fundraising expenditure was found in selected Phase 2A evidence."", ""observed_at"": ""2026-08-10"", ""source_record_id"": null, ""status"": ""not_available_from_source""}, {""capability"": ""financials"", ""evidence_ids"": [""ev:ais:94196952697:2023""], ""freshness_note"": null, ""observed_at"": ""2026-08-10"", ""source_record_id"": null, ""status"": ""observed""}, {""capability"": ""latest_acnc_ais"", ""evidence_ids"": [""ev:acnc:ais:94196952697:1e9b16ae-d3de-f011-8544-6045bde61b96""], ""freshness_note"": ""Latest submitted AIS detail acquired from the public ACNC entity endpoint."", ""observed_at"": ""2025-12-22"", ""source_record_id"": ""src:acnc-ais-detail:94196952697:1e9b16ae-d3de-f011-8544-6045bde61b96:cb_dce5af58ad1d4be6b0ef83cc20366184"", ""status"": ""observed""}]",,Tasmania | Australia,"Beechford Residents and Property Owners Association Inc is an incorporated association linked with Tasmania, Australia. It appears on the ACNC register and submitted an Annual Information Statement covering 1 July 2022 to 30 June 2023. CauseBase does not have sufficient descriptive evidence in this release to independently identify the organisation’s specific activities, services or beneficiary groups. No website, program descriptions or activity listings were available in the supplied regulatory extracts to allow a more detailed operational summary.",,,,3120,0,,,,acnc-register:purpose.other_purpose | acnc-register:beneficiary.regional_remote | causebase:geography.australia | causebase:geography.local_or_regional,phase2b-2026-08-14-rc4-fundraising-projection-correction
cb_7e95b7d2c01d4908bec99f30b02c119e,unknown,abn:20151472221,Steps Staffing Solutions Ltd,Steps Staffing Solutions Ltd,registered,enriched,"[{""capability"": ""regulatory"", ""evidence_ids"": [""ev:acnc:20151472221""], ""freshness_note"": null, ""observed_at"": ""2026-08-10"", ""source_record_id"": null, ""status"": ""observed""}, {""capability"": ""annual_report"", ""evidence_ids"": [], ""freshness_note"": null, ""observed_at"": ""2026-08-10"", ""source_record_id"": null, ""status"": ""not_yet_processed""}, {""capability"": ""fundraising_expenditure"", ""evidence_ids"": [], ""freshness_note"": ""No direct or defensible derived fundraising expenditure was found in selected Phase 2A evidence."", ""observed_at"": ""2026-08-10"", ""source_record_id"": null, ""status"": ""not_available_from_source""}, {""capability"": ""financials"", ""evidence_ids"": [""ev:ais:20151472221:2023""], ""freshness_note"": null, ""observed_at"": ""2026-08-10"", ""source_record_id"": null, ""status"": ""observed""}, {""capability"": ""latest_acnc_ais"", ""evidence_ids"": [""ev:acnc:ais:20151472221:57919566-74d9-f011-8544-6045bde61b96""], ""freshness_note"": ""Latest submitted AIS detail acquired from the public ACNC entity endpoint."", ""observed_at"": ""2025-12-15"", ""source_record_id"": ""src:acnc-ais-detail:20151472221:57919566-74d9-f011-8544-6045bde61b96:cb_7e95b7d2c01d4908bec99f30b02c119e"", ""status"": ""observed""}, {""capability"": ""website"", ""evidence_ids"": [], ""freshness_note"": ""Public website locator acquired from the ACNC profile."", ""observed_at"": ""2026-08-13"", ""source_record_id"": null, ""status"": ""observed""}]",https://www.stepsstaffingsolutions.com.au,,"Steps Staffing Solutions Ltd is an Australian entity registered with the Australian Charities and Not-for-profits Commission. The organisation lodged an ACNC Annual Information Statement covering 1 July 2022 to 30 June 2023. CauseBase does not have sufficient descriptive evidence in this release to independently identify the organisation’s specific activities, services or intended beneficiaries.",,,,5176925,5027845,,,,acnc-register:purpose.other_purpose | acnc-register:beneficiary.people_with_disability,phase2b-2026-08-14-rc4-fundraising-projection-correction
cb_ce144deb00ca4531b5695e5cd02ae72c,unknown,abn:29041947678,A F E Common Equity Rental Housing Co-operative Limited,A F E Common Equity Rental Housing Co-operative Limited,registered,enriched,"[{""capability"": ""regulatory"", ""evidence_ids"": [""ev:acnc:29041947678""], ""freshness_note"": null, ""observed_at"": ""2026-08-10"", ""source_record_id"": null, ""status"": ""observed""}, {""capability"": ""annual_report"", ""evidence_ids"": [], ""freshness_note"": null, ""observed_at"": ""2026-08-10"", ""source_record_id"": null, ""status"": ""not_yet_processed""}, {""capability"": ""website"", ""evidence_ids"": [], ""freshness_note"": null, ""observed_at"": ""2026-08-10"", ""source_record_id"": null, ""status"": ""not_available_from_source""}, {""capability"": ""fundraising_expenditure"", ""evidence_ids"": [], ""freshness_note"": ""No direct or defensible derived fundraising expenditure was found in selected Phase 2A evidence."", ""observed_at"": ""2026-08-10"", ""source_record_id"": null, ""status"": ""not_available_from_source""}, {""capability"": ""financials"", ""evidence_ids"": [""ev:ais:29041947678:2023""], ""freshness_note"": null, ""observed_at"": ""2026-08-10"", ""source_record_id"": null, ""status"": ""observed""}, {""capability"": ""latest_acnc_ais"", ""evidence_ids"": [""ev:acnc:ais:29041947678:e1477300-0707-f111-8406-6045bde5be38""], ""freshness_note"": ""Latest submitted AIS detail acquired from the public ACNC entity endpoint."", ""observed_at"": ""2026-01-29"", ""source_record_id"": ""src:acnc-ais-detail:29041947678:e1477300-0707-f111-8406-6045bde5be38:cb_ce144deb00ca4531b5695e5cd02ae72c"", ""status"": ""observed""}]",,"Victoria, Australia","A F E Common Equity Rental Housing Co-operative Limited is an incorporated co-operative located in Victoria, Australia. The record includes regulatory filings for the 2022–23 reporting year (ACNC AIS for 01/07/2022–30/06/2023). CauseBase does not have sufficient descriptive evidence in this release to independently identify the co-operative’s specific activities, services or intended beneficiaries.",,,,176523,171661,,,,acnc-register:purpose.social_welfare | acnc-register:beneficiary.general_community,phase2b-2026-08-14-rc4-fundraising-projection-correction
cb_e0f83d5305ed4544a95e72a97c8c424a,unknown,abn:32590616129,Angel Gowns Australia Incorporated,Angel Gowns Australia Incorporated,registered,enriched,"[{""capability"": ""regulatory"", ""evidence_ids"": [""ev:acnc:32590616129""], ""freshness_note"": null, ""observed_at"": ""2026-08-10"", ""source_record_id"": null, ""status"": ""observed""}, {""capability"": ""financials"", ""evidence_ids"": [""ev:ais:32590616129:2023""], ""freshness_note"": null, ""observed_at"": ""2026-08-10"", ""source_record_id"": null, ""status"": ""observed""}, {""capability"": ""latest_acnc_ais"", ""evidence_ids"": [""ev:acnc:ais:32590616129:15636c5f-6aa2-f011-bbd2-7ced8d32de18""], ""freshness_note"": ""Latest submitted AIS detail acquired from the public ACNC entity endpoint."", ""observed_at"": ""2025-10-06"", ""source_record_id"": ""src:acnc-ais-detail:32590616129:15636c5f-6aa2-f011-bbd2-7ced8d32de18:cb_e0f83d5305ed4544a95e72a97c8c424a"", ""status"": ""observed""}, {""capability"": ""website"", ""evidence_ids"": [], ""freshness_note"": ""Public website locator acquired from the ACNC profile."", ""observed_at"": ""2026-08-13"", ""source_record_id"": null, ""status"": ""observed""}, {""capability"": ""annual_report"", ""evidence_ids"": [""ev:report:32590616129:3a9518409a8d9937""], ""freshness_note"": ""Annual report processed through the generic report extractor."", ""observed_at"": ""2026-08-13"", ""source_record_id"": ""src:report-extract:32590616129:3a9518409a8d9937:cb_e0f83d5305ed4544a95e72a97c8c424a"", ""status"": ""observed""}, {""capability"": ""fundraising_expenditure"", ""evidence_ids"": [""ev:report:32590616129:3a9518409a8d9937""], ""freshness_note"": ""Relevant report pages were processed; no direct fundraising-expenditure amount was recovered."", ""observed_at"": ""2026-08-13"", ""source_record_id"": ""src:report-extract:32590616129:3a9518409a8d9937:cb_e0f83d5305ed4544a95e72a97c8c424a"", ""status"": ""not_available_from_source""}]",https://www.angelgownsaustralia.org.au,Services and volunteers across Australia | National coverage (reports service to 211 hospitals and 102 funeral homes across Australia),"Angel Gowns Australia Incorporated is a volunteer-run Australian not-for-profit that handcrafts and distributes garments made from donated wedding dresses. It supplies Angel Gown garments and smaller micro-gowns, tutus made from salvaged tulle, and Early Loss Pouches to hospitals, funeral homes and directly to families. Volunteers act as seamstresses, tutu makers, de‑constructors and coordinators; the charity also manages logistics, storage, special garment requests and a database to coordinate supply. Angel Gowns Australia reports nationwide activity and volunteer membership, and its 2020–21 annual report states it was servicing 211 hospitals and 102 funeral homes across Australia.","Handcrafting Angel Gown garments and micro-gowns from donated wedding dresses and donating them to hospitals, funeral homes and families | Making tutus from salvaged tulle and gifting them to hospitals and children’s services | Producing Early Loss Pouches designed for babies under 20 weeks and supplying emergency departments | Accepting and processing special garment requests from families | Managing logistics, storage and distribution of donated dresses and finished garments | Fundraising through online auctions, an online shop, craft shows and donation pages | Maintaining a database and coordinating supply with hospitals and funeral homes",Bereaved families who experienced stillbirth or neonatal death | Families with babies in Neonatal Intensive Care or with life-limiting conditions | Children in hospital who receive tutus and dress-up items | Hospitals and funeral homes that hold and distribute garments to families,"Volunteering as seamstresses, tutu makers, de-constructors and coordinators | Donating wedding dresses and fabric for repurposing | Participation in public events and craft shows and online fundraising | Submitting special requests for garments",14107,23383,,,,acnc-register:purpose.health | acnc-register:beneficiary.children | causebase:activity.direct_service | causebase:activity.events_and_public_programming | causebase:approach.volunteer_enabled | causebase:approach.community_partnership | causebase:participation.volunteering | causebase:participation.public_events | causebase:geography.australia | causebase:organisation.national,phase2b-2026-08-14-rc4-fundraising-projection-correction
cb_2669573b14e34eafa671c4d2bdcdedcd,unknown,abn:32588253381,North East Men's Shed (Winnaleah) Inc.,North East Men's Shed (Winnaleah) Inc.,registered,enriched,"[{""capability"": ""regulatory"", ""evidence_ids"": [""ev:acnc:32588253381""], ""freshness_note"": null, ""observed_at"": ""2026-08-10"", ""source_record_id"": null, ""status"": ""observed""}, {""capability"": ""annual_report"", ""evidence_ids"": [], ""freshness_note"": null, ""observed_at"": ""2026-08-10"", ""source_record_id"": null, ""status"": ""not_yet_processed""}, {""capability"": ""website"", ""evidence_ids"": [], ""freshness_note"": null, ""observed_at"": ""2026-08-10"", ""source_record_id"": null, ""status"": ""not_available_from_source""}, {""capability"": ""fundraising_expenditure"", ""evidence_ids"": [], ""freshness_note"": null, ""observed_at"": ""2026-08-10"", ""source_record_id"": null, ""status"": ""not_yet_processed""}, {""capability"": ""financials"", ""evidence_ids"": [], ""freshness_note"": null, ""observed_at"": ""2026-08-10"", ""source_record_id"": null, ""status"": ""not_found_in_source""}, {""capability"": ""latest_acnc_ais"", ""evidence_ids"": [""ev:acnc:ais:32588253381:b5e30541-b3c9-f011-bbd3-6045bde73edb""], ""freshness_note"": ""Latest submitted AIS detail acquired from the public ACNC entity endpoint."", ""observed_at"": ""2025-11-25"", ""source_record_id"": ""src:acnc-ais-detail:32588253381:b5e30541-b3c9-f011-bbd3-6045bde73edb:cb_2669573b14e34eafa671c4d2bdcdedcd"", ""status"": ""observed""}]",,Tasmania,"North East Men's Shed (Winnaleah) Inc. is an incorporated not-for-profit organisation recorded as operating in Tasmania. CauseBase does not have sufficient descriptive evidence in this release to independently identify the organisation’s stated activities, programs or beneficiary groups. The supplied evidence set contains only a regulatory register extract and does not include a website, annual report or other descriptive materials, so CauseBase cannot describe participation modes, specific services or operating locations beyond the Tasmanian jurisdiction shown.",,,,,,,,,acnc-register:purpose.health | acnc-register:beneficiary.regional_remote,phase2b-2026-08-14-rc4-fundraising-projection-correction
cb_5d5459e58dac4e49a042f717e395ebec,unknown,abn:31128981902,Akademeia Limited,Akademeia Limited,registered,enriched,"[{""capability"": ""regulatory"", ""evidence_ids"": [""ev:acnc:31128981902""], ""freshness_note"": null, ""observed_at"": ""2026-08-10"", ""source_record_id"": null, ""status"": ""observed""}, {""capability"": ""annual_report"", ""evidence_ids"": [], ""freshness_note"": null, ""observed_at"": ""2026-08-10"", ""source_record_id"": null, ""status"": ""not_yet_processed""}, {""capability"": ""fundraising_expenditure"", ""evidence_ids"": [], ""freshness_note"": null, ""observed_at"": ""2026-08-10"", ""source_record_id"": null, ""status"": ""not_yet_processed""}, {""capability"": ""financials"", ""evidence_ids"": [], ""freshness_note"": null, ""observed_at"": ""2026-08-10"", ""source_record_id"": null, ""status"": ""not_found_in_source""}, {""capability"": ""latest_acnc_ais"", ""evidence_ids"": [""ev:acnc:ais:31128981902:4fb6fd94-386d-f111-ab0d-0022489549a2""], ""freshness_note"": ""Latest submitted AIS detail acquired from the public ACNC entity endpoint."", ""observed_at"": ""2026-06-21"", ""source_record_id"": ""src:acnc-ais-detail:31128981902:4fb6fd94-386d-f111-ab0d-0022489549a2:cb_5d5459e58dac4e49a042f717e395ebec"", ""status"": ""observed""}, {""capability"": ""website"", ""evidence_ids"": [], ""freshness_note"": ""Public website locator acquired from the ACNC profile."", ""observed_at"": ""2026-08-13"", ""source_record_id"": null, ""status"": ""observed""}]",pinnacleacademiccollege.com.au,"Kallangur, Queensland | Australia","Akademeia Limited (trading as Pinnacle Academic College) operates an on‑site campus in Kallangur, Queensland and provides distance and blended primary education for Years 1–6. It offers a fully online Bronze package, Silver and Gold blended packages that combine online study with scheduled on‑campus days, workshops, excursions and on‑campus activities, and a full‑time on‑campus option (currently full, with a waitlist). The Gold package lists an intensive swimming program. The organisation states it supports families across Australia and provides learning support and educational resources. Enrolment options include fully online, blended attendance with on‑campus days, or full‑time on‑site study; prospective families are invited to book a tour or submit an enquiry to receive fees and enrolment information.","On‑campus education at Kallangur campus (Years 1–6 full‑time option) | Distance education / online lessons | Blended packages combining online study with on‑site days (Silver, Gold) | Workshops, excursions and on‑campus activities | Learning support and provision of educational resources | Intensive swimming program (listed in Gold package)",Students in Years 1–6 | Families across Australia,"Fully online enrolment (Bronze package) | Blended enrolment with scheduled on‑campus days (Silver, Gold packages) | On‑campus full‑time enrolment (currently full; waitlist available) | Participation in excursions, incursions and on‑campus activities | Book a tour or online chat; submit an enquiry to request fees & enrolment information",,,,,,acnc-register:purpose.education | acnc-register:beneficiary.children | causebase:activity.direct_service | causebase:activity.events_and_public_programming | causebase:participation.public_events | causebase:geography.australia | causebase:geography.local_or_regional | causebase:organisation.national | causebase:beneficiary.general_community,phase2b-2026-08-14-rc4-fundraising-projection-correction
cb_9b0604e86cb24d31bbda5d23a6e22235,unknown,abn:39410139423,Ann Street Presbyterian Church,Ann Street Presbyterian Church,registered,enriched,"[{""capability"": ""regulatory"", ""evidence_ids"": [""ev:acnc:39410139423""], ""freshness_note"": null, ""observed_at"": ""2026-08-10"", ""source_record_id"": null, ""status"": ""observed""}, {""capability"": ""annual_report"", ""evidence_ids"": [], ""freshness_note"": null, ""observed_at"": ""2026-08-10"", ""source_record_id"": null, ""status"": ""not_yet_processed""}, {""capability"": ""fundraising_expenditure"", ""evidence_ids"": [], ""freshness_note"": ""No direct or defensible derived fundraising expenditure was found in selected Phase 2A evidence."", ""observed_at"": ""2026-08-10"", ""source_record_id"": null, ""status"": ""not_available_from_source""}, {""capability"": ""financials"", ""evidence_ids"": [""ev:ais:39410139423:2023""], ""freshness_note"": null, ""observed_at"": ""2026-08-10"", ""source_record_id"": null, ""status"": ""observed""}, {""capability"": ""latest_acnc_ais"", ""evidence_ids"": [""ev:acnc:ais:39410139423:cbdf4869-d175-f111-ab0e-7ced8da2764f""], ""freshness_note"": ""Latest submitted AIS detail acquired from the public ACNC entity endpoint."", ""observed_at"": ""2026-06-29"", ""source_record_id"": ""src:acnc-ais-detail:39410139423:cbdf4869-d175-f111-ab0e-7ced8da2764f:cb_9b0604e86cb24d31bbda5d23a6e22235"", ""status"": ""observed""}, {""capability"": ""website"", ""evidence_ids"": [], ""freshness_note"": ""Public website locator acquired from the ACNC profile."", ""observed_at"": ""2026-08-13"", ""source_record_id"": null, ""status"": ""observed""}]",www.pcq.org.au,Queensland (Australia),"Ann Street Presbyterian Church is a Presbyterian congregation in Queensland, Australia. Materials associated with the Presbyterian Church of Queensland indicate congregations in the state are supported through Christian education programming, hospital chaplaincy, ministry resourcing for individual congregations, women’s ministries, youth and children’s ministry, the PIM Gap Year programme, and PCQ events and public programming. The congregation has pathways for people to attend PCQ events, enrol in ministry programmes and access congregational resources and training materials.",Christian education programming | Hospital chaplaincy (listed as a ministry) | Ministry resourcing and support for individual congregations | Women’s ministries | Youth and children’s ministry | PIM Gap Year programme | PCQ events and public programming,Individual congregations and churches in Queensland | Church members and participants | Children and youth involved in youth and children’s ministry | Women involved in women’s ministries | People who receive hospital chaplaincy services,Attending PCQ events and public programming | Enrolling in ministry programmes (for example PIM Gap Year) | Accessing congregational resources and training materials,0,0,,,,acnc-register:purpose.religion | acnc-register:beneficiary.general_community | causebase:activity.direct_service | causebase:activity.events_and_public_programming | causebase:approach.community_partnership | causebase:participation.public_events | causebase:participation.volunteering | causebase:geography.local_or_regional | causebase:organisation.local,phase2b-2026-08-14-rc4-fundraising-projection-correction
cb_2d4516e0be8b4c4a9d2508cbd7999687,unknown,abn:38177188057,The Water Well Project Limited,The Water Well Project Limited,registered,enriched,"[{""capability"": ""regulatory"", ""evidence_ids"": [""ev:acnc:38177188057""], ""freshness_note"": null, ""observed_at"": ""2026-08-10"", ""source_record_id"": null, ""status"": ""observed""}, {""capability"": ""annual_report"", ""evidence_ids"": [], ""freshness_note"": null, ""observed_at"": ""2026-08-10"", ""source_record_id"": null, ""status"": ""not_yet_processed""}, {""capability"": ""fundraising_expenditure"", ""evidence_ids"": [], ""freshness_note"": ""No direct or defensible derived fundraising expenditure was found in selected Phase 2A evidence."", ""observed_at"": ""2026-08-10"", ""source_record_id"": null, ""status"": ""not_available_from_source""}, {""capability"": ""financials"", ""evidence_ids"": [""ev:ais:38177188057:2023""], ""freshness_note"": null, ""observed_at"": ""2026-08-10"", ""source_record_id"": null, ""status"": ""observed""}, {""capability"": ""latest_acnc_ais"", ""evidence_ids"": [""ev:acnc:ais:38177188057:7db67a67-8cfe-f011-8407-7ced8d33fe37""], ""freshness_note"": ""Latest submitted AIS detail acquired from the public ACNC entity endpoint."", ""observed_at"": ""2026-01-31"", ""source_record_id"": ""src:acnc-ais-detail:38177188057:7db67a67-8cfe-f011-8407-7ced8d33fe37:cb_2d4516e0be8b4c4a9d2508cbd7999687"", ""status"": ""observed""}, {""capability"": ""website"", ""evidence_ids"": [], ""freshness_note"": ""Public website locator acquired from the ACNC profile."", ""observed_at"": ""2026-08-13"", ""source_record_id"": null, ""status"": ""observed""}]",www.thewaterwellproject.org,Australia,"The Water Well Project Limited is an Australian community organisation that runs health education sessions for people from migrant and refugee backgrounds and broader community groups. It delivers in-school sessions for students, public or community sessions on navigating the Australian healthcare system, preventative health and healthy eating, and recruits volunteer healthcare professionals to support delivery. Community representatives and participants quoted by the organisation say the sessions “have improved health literacy and built confidence in navigating the Australian healthcare system” and report learning about preventative care and affordable ambulance cover. Volunteer healthcare professionals describe the experience as improving their understanding of the health needs of people from migrant and refugee backgrounds. (Sources: organisation website and regulatory filings.)",Community health education sessions about navigating the Australian healthcare system | Sessions on preventative health and healthy eating | School-based sessions with student engagement | Recruitment and involvement of volunteer healthcare professionals,People from migrant and refugee backgrounds | Students (school participants) | Community participants and community representatives,Volunteering | Public or community sessions/events,327452,399752,,,,acnc-register:purpose.health | acnc-register:beneficiary.migrants_refugees | causebase:activity.direct_service | causebase:activity.events_and_public_programming | causebase:approach.volunteer_enabled | causebase:participation.volunteering | causebase:participation.public_events | causebase:beneficiary.people_experiencing_disadvantage | causebase:beneficiary.general_community | causebase:geography.australia,phase2b-2026-08-14-rc4-fundraising-projection-correction
cb_d44bbd714bbc48daa9e1b734fb404cea,unknown,abn:13103345213,The Russian Imperial Order of Saint Michael Archangel,The Russian Imperial Order of Saint Michael Archangel,registered,enriched,"[{""capability"": ""regulatory"", ""evidence_ids"": [""ev:acnc:13103345213""], ""freshness_note"": null, ""observed_at"": ""2026-08-10"", ""source_record_id"": null, ""status"": ""observed""}, {""capability"": ""annual_report"", ""evidence_ids"": [], ""freshness_note"": null, ""observed_at"": ""2026-08-10"", ""source_record_id"": null, ""status"": ""not_yet_processed""}, {""capability"": ""fundraising_expenditure"", ""evidence_ids"": [], ""freshness_note"": ""No direct or defensible derived fundraising expenditure was found in selected Phase 2A evidence."", ""observed_at"": ""2026-08-10"", ""source_record_id"": null, ""status"": ""not_available_from_source""}, {""capability"": ""financials"", ""evidence_ids"": [""ev:ais:13103345213:2023""], ""freshness_note"": null, ""observed_at"": ""2026-08-10"", ""source_record_id"": null, ""status"": ""observed""}, {""capability"": ""latest_acnc_ais"", ""evidence_ids"": [""ev:acnc:ais:13103345213:0c391b90-d0fb-f011-8406-7ced8d33fdea""], ""freshness_note"": ""Latest submitted AIS detail acquired from the public ACNC entity endpoint."", ""observed_at"": ""2026-01-27"", ""source_record_id"": ""src:acnc-ais-detail:13103345213:0c391b90-d0fb-f011-8406-7ced8d33fdea:cb_d44bbd714bbc48daa9e1b734fb404cea"", ""status"": ""observed""}, {""capability"": ""website"", ""evidence_ids"": [], ""freshness_note"": ""Public website locator acquired from the ACNC profile."", ""observed_at"": ""2026-08-13"", ""source_record_id"": null, ""status"": ""observed""}]",russianimperialorder.com,Australia | Victoria (registered location on ACNC extract),"The Russian Imperial Order of Saint Michael Archangel is a dynastic order that operates an Australian Division with a registered location in Victoria. It collects membership contributions—identified on its site as a Foundation Contribution, an Annual Oblation and branch collections—to fund the Order's running costs and to support ‘humanitarian activities’ and charitable works designated by Her Imperial Highness through the Australian Division Office. Branches may keep funds for local operating expenses and local charity support, with 25% of branch collections remitted to the Australian Division Office. The organisation maintains governance documents and an Australian Division office, and holds investiture ceremonies that include an Orthodox moleben (liturgical service). It offers membership sign-up and public investiture services.","Collecting membership contributions and branch collections to support ‘humanitarian activities’ and designated charitable works | Holding investiture ceremonies with an Orthodox moleben (liturgical service) | Maintaining governance documents (constitution, statute) and an Australian Division office",,Membership sign-up | Public investiture services and ceremonies,0,0,,,,acnc-register:purpose.other_purpose | acnc-register:beneficiary.migrants_refugees | causebase:cause.humanitarian_assistance | causebase:activity.events_and_public_programming | causebase:geography.australia | causebase:geography.local_or_regional | causebase:participation.public_events,phase2b-2026-08-14-rc4-fundraising-projection-correction
cb_0efc3a5d9f844ddda1a19832eb00d6ee,unknown,abn:98052960862,Seniors Rights Service,Seniors Rights Service,registered,enriched,"[{""capability"": ""regulatory"", ""evidence_ids"": [""ev:acnc:98052960862""], ""freshness_note"": null, ""observed_at"": ""2026-08-10"", ""source_record_id"": null, ""status"": ""observed""}, {""capability"": ""annual_report"", ""evidence_ids"": [], ""freshness_note"": null, ""observed_at"": ""2026-08-10"", ""source_record_id"": null, ""status"": ""not_yet_processed""}, {""capability"": ""fundraising_expenditure"", ""evidence_ids"": [], ""freshness_note"": ""No direct or defensible derived fundraising expenditure was found in selected Phase 2A evidence."", ""observed_at"": ""2026-08-10"", ""source_record_id"": null, ""status"": ""not_available_from_source""}, {""capability"": ""financials"", ""evidence_ids"": [""ev:ais:98052960862:2023""], ""freshness_note"": null, ""observed_at"": ""2026-08-10"", ""source_record_id"": null, ""status"": ""observed""}, {""capability"": ""latest_acnc_ais"", ""evidence_ids"": [""ev:acnc:ais:98052960862:59778e94-56f6-f011-8406-6045bdc47b11""], ""freshness_note"": ""Latest submitted AIS detail acquired from the public ACNC entity endpoint."", ""observed_at"": ""2026-01-20"", ""source_record_id"": ""src:acnc-ais-detail:98052960862:59778e94-56f6-f011-8406-6045bdc47b11:cb_0efc3a5d9f844ddda1a19832eb00d6ee"", ""status"": ""observed""}, {""capability"": ""website"", ""evidence_ids"": [], ""freshness_note"": ""Public website locator acquired from the ACNC profile."", ""observed_at"": ""2026-08-13"", ""source_record_id"": null, ""status"": ""observed""}]",www.seniorsrightsservice.org.au,"New South Wales (statewide service activity described) | Surry Hills, NSW (office address listed)","Seniors Rights Service is a community legal and advocacy organisation based in Surry Hills that operates across New South Wales. It provides free, confidential legal advice and services for older people (including matters relating to strata, retirement villages, boarding houses and advance legal documents), aged care advocacy for recipients of Commonwealth-funded aged care services, targeted rights-based information and education (brochures, fact sheets and information sessions), community development including public seminars and events, and telephone advice and referral lines. The service offers dedicated support for First Nations older people, LGBTQ+ older people and older people from linguistically diverse backgrounds and lists multilingual access and referral options.","Free and confidential legal advice and legal services (general, strata, retirement village, boarding house, future legal documents) | Aged care advocacy for recipients of Commonwealth-funded aged care services across NSW | Provision of targeted rights-based information and education (brochures, fact sheets, information sessions) | Community development activities including public seminars and events | Operating telephone advice and referral lines",Older people in New South Wales | Recipients of Commonwealth-funded aged care services | First Nations older people (listed support) | LGBTQ+ older people (listed support) | Older people from linguistically diverse backgrounds (multilingual support),Telephone advice and referrals via published contact numbers | Attending public events and information sessions listed on the organisation’s calendar | Requesting information sessions or referrals,8520046,8649082,,,,acnc-register:purpose.human_rights | acnc-register:beneficiary.older_people | causebase:cause.community_wellbeing | causebase:beneficiary.general_community | causebase:activity.direct_service | causebase:activity.advocacy | causebase:activity.events_and_public_programming | causebase:participation.public_events | causebase:geography.local_or_regional | causebase:organisation.local,phase2b-2026-08-14-rc4-fundraising-projection-correction
cb_125a0a275b7a4f8d873c143b616d0bf8,unknown,abn:32668161279,JUUKAN GORGE LEGACY FOUNDATION LTD,JUUKAN GORGE LEGACY FOUNDATION LTD,registered,enriched,"[{""capability"": ""regulatory"", ""evidence_ids"": [""ev:acnc:32668161279""], ""freshness_note"": null, ""observed_at"": ""2026-08-10"", ""source_record_id"": null, ""status"": ""observed""}, {""capability"": ""annual_report"", ""evidence_ids"": [], ""freshness_note"": null, ""observed_at"": ""2026-08-10"", ""source_record_id"": null, ""status"": ""not_yet_processed""}, {""capability"": ""website"", ""evidence_ids"": [], ""freshness_note"": null, ""observed_at"": ""2026-08-10"", ""source_record_id"": null, ""status"": ""not_available_from_source""}, {""capability"": ""fundraising_expenditure"", ""evidence_ids"": [], ""freshness_note"": null, ""observed_at"": ""2026-08-10"", ""source_record_id"": null, ""status"": ""not_yet_processed""}, {""capability"": ""financials"", ""evidence_ids"": [], ""freshness_note"": null, ""observed_at"": ""2026-08-10"", ""source_record_id"": null, ""status"": ""not_found_in_source""}, {""capability"": ""latest_acnc_ais"", ""evidence_ids"": [], ""freshness_note"": ""No submitted AIS was returned by the public ACNC profile endpoint."", ""observed_at"": ""2026-08-13"", ""source_record_id"": ""src:acnc-public-profile:32668161279:97f39a84-7303-ee11-8f6e-00224893bfad:cb_125a0a275b7a4f8d873c143b616d0bf8"", ""status"": ""not_available_from_source""}]",,Western Australia (WA),"Juukan Gorge Legacy Foundation Ltd is an incorporated organisation recorded on the Australian Charities and Not-for-profits Commission register with a listed location of Western Australia. The only evidence in this release is the ACNC register entry observed 10 August 2026. CauseBase does not have sufficient descriptive evidence in this release to independently identify the organisation's specific activities, beneficiaries or modes of participation.",,,,,,,,,acnc-register:purpose.social_welfare | acnc-register:beneficiary.other_beneficiary | causebase:geography.local_or_regional | causebase:geography.australia,phase2b-2026-08-14-rc4-fundraising-projection-correction
cb_c735514eb0024f26a30ff6eb4df3237e,unknown,abn:18083027276,Australian Christian Channel Pty Ltd,Australian Christian Channel Pty Ltd,registered,enriched,"[{""capability"": ""regulatory"", ""evidence_ids"": [""ev:acnc:18083027276""], ""freshness_note"": null, ""observed_at"": ""2026-08-10"", ""source_record_id"": null, ""status"": ""observed""}, {""capability"": ""annual_report"", ""evidence_ids"": [], ""freshness_note"": null, ""observed_at"": ""2026-08-10"", ""source_record_id"": null, ""status"": ""not_yet_processed""}, {""capability"": ""fundraising_expenditure"", ""evidence_ids"": [], ""freshness_note"": null, ""observed_at"": ""2026-08-10"", ""source_record_id"": null, ""status"": ""not_yet_processed""}, {""capability"": ""financials"", ""evidence_ids"": [], ""freshness_note"": null, ""observed_at"": ""2026-08-10"", ""source_record_id"": null, ""status"": ""not_found_in_source""}, {""capability"": ""latest_acnc_ais"", ""evidence_ids"": [], ""freshness_note"": ""No submitted AIS was returned by the public ACNC profile endpoint."", ""observed_at"": ""2026-08-13"", ""source_record_id"": ""src:acnc-public-profile:18083027276:0f33f233-39af-e811-a95e-000d3ad24c60:cb_c735514eb0024f26a30ff6eb4df3237e"", ""status"": ""not_available_from_source""}, {""capability"": ""website"", ""evidence_ids"": [], ""freshness_note"": ""Public website locator acquired from the ACNC profile."", ""observed_at"": ""2026-08-13"", ""source_record_id"": null, ""status"": ""observed""}]",https://watchgood.com,Queensland,"Australian Christian Channel Pty Ltd operates the streaming television and on‑demand service branded as GOOD from Queensland and online. GOOD provides a downloadable app for iOS and Android and is available via web and a range of connected TV platforms; the service publishes programme listings and short articles organised into categories such as Faith and Culture, Entertainment & The Arts, Lifestyle, Families and Health and Wellness. The organisation offers a newsletter sign‑up for programme updates and news. The primary user group is people who access or view the GOOD streaming service and its website content, including families identified as a content category.","Operating and promoting a streaming television and on‑demand service called GOOD | Publishing program listings and short articles in categories such as Faith and Culture, Entertainment & The Arts, Lifestyle, Families and Health and Wellness | Offering a newsletter sign-up for program updates and news",People who access or view GOOD streaming-service content | Families,Downloading and streaming the GOOD app on mobile or tablet | Accessing GOOD via web or connected-TV platforms | Signing up to the newsletter for program news,,,,,,acnc-register:purpose.religion | acnc-register:beneficiary.general_community | causebase:cause.culture_and_heritage | causebase:beneficiary.general_community | causebase:activity.events_and_public_programming | causebase:geography.local_or_regional | causebase:organisation.local,phase2b-2026-08-14-rc4-fundraising-projection-correction
cb_15bd5a8d5281481fb7bee938cde4fc4c,unknown,abn:34204136113,Alice Springs Child Centre Inc,Alice Springs Child Centre Inc,registered,enriched,"[{""capability"": ""regulatory"", ""evidence_ids"": [""ev:acnc:34204136113""], ""freshness_note"": null, ""observed_at"": ""2026-08-10"", ""source_record_id"": null, ""status"": ""observed""}, {""capability"": ""annual_report"", ""evidence_ids"": [], ""freshness_note"": null, ""observed_at"": ""2026-08-10"", ""source_record_id"": null, ""status"": ""not_yet_processed""}, {""capability"": ""website"", ""evidence_ids"": [], ""freshness_note"": null, ""observed_at"": ""2026-08-10"", ""source_record_id"": null, ""status"": ""not_available_from_source""}, {""capability"": ""fundraising_expenditure"", ""evidence_ids"": [], ""freshness_note"": ""No direct or defensible derived fundraising expenditure was found in selected Phase 2A evidence."", ""observed_at"": ""2026-08-10"", ""source_record_id"": null, ""status"": ""not_available_from_source""}, {""capability"": ""financials"", ""evidence_ids"": [""ev:ais:34204136113:2023""], ""freshness_note"": null, ""observed_at"": ""2026-08-10"", ""source_record_id"": null, ""status"": ""observed""}, {""capability"": ""latest_acnc_ais"", ""evidence_ids"": [""ev:acnc:ais:34204136113:c5e4a42e-2753-f111-bec7-002248111f49""], ""freshness_note"": ""Latest submitted AIS detail acquired from the public ACNC entity endpoint."", ""observed_at"": ""2026-05-19"", ""source_record_id"": ""src:acnc-ais-detail:34204136113:c5e4a42e-2753-f111-bec7-002248111f49:cb_15bd5a8d5281481fb7bee938cde4fc4c"", ""status"": ""observed""}]",,Northern Territory | Australia,"Alice Springs Child Centre Inc is a registered charitable entity operating in the Northern Territory, Australia. CauseBase holds its ACNC registration record and an Annual Information Statement covering 1 July 2022 to 30 June 2023. This release does not include a website, a self-description of purpose, or documents that describe specific programs, services or target groups. CauseBase does not have sufficient descriptive evidence in this release to independently identify specific activities or beneficiaries for Alice Springs Child Centre Inc. Financial reporting items are present in the 2022–23 AIS record but are not summarised here. Additional descriptive sources would be required to state what services the organisation delivers, who they serve, or how people can participate.",,,,1042528,1066873,,,,acnc-register:purpose.education | acnc-register:beneficiary.regional_remote | causebase:geography.australia | causebase:geography.local_or_regional,phase2b-2026-08-14-rc4-fundraising-projection-correction
cb_915e3bda1d544eba861cfc8d6368cf12,unknown,abn:43245526192,The Australian Law Librarians' Association (Australian Capital Territory) Incorporated,The Australian Law Librarians' Association (Australian Capital Territory) Incorporated,registered,enriched,"[{""capability"": ""regulatory"", ""evidence_ids"": [""ev:acnc:43245526192""], ""freshness_note"": null, ""observed_at"": ""2026-08-10"", ""source_record_id"": null, ""status"": ""observed""}, {""capability"": ""annual_report"", ""evidence_ids"": [], ""freshness_note"": null, ""observed_at"": ""2026-08-10"", ""source_record_id"": null, ""status"": ""not_yet_processed""}, {""capability"": ""website"", ""evidence_ids"": [], ""freshness_note"": null, ""observed_at"": ""2026-08-10"", ""source_record_id"": null, ""status"": ""not_available_from_source""}, {""capability"": ""fundraising_expenditure"", ""evidence_ids"": [], ""freshness_note"": ""No direct or defensible derived fundraising expenditure was found in selected Phase 2A evidence."", ""observed_at"": ""2026-08-10"", ""source_record_id"": null, ""status"": ""not_available_from_source""}, {""capability"": ""financials"", ""evidence_ids"": [""ev:ais:43245526192:2023""], ""freshness_note"": null, ""observed_at"": ""2026-08-10"", ""source_record_id"": null, ""status"": ""observed""}, {""capability"": ""latest_acnc_ais"", ""evidence_ids"": [""ev:acnc:ais:43245526192:54ed5238-6ad6-f011-8543-000d3ad20411""], ""freshness_note"": ""Latest submitted AIS detail acquired from the public ACNC entity endpoint."", ""observed_at"": ""2025-12-11"", ""source_record_id"": ""src:acnc-ais-detail:43245526192:54ed5238-6ad6-f011-8543-000d3ad20411:cb_915e3bda1d544eba861cfc8d6368cf12"", ""status"": ""observed""}]",,Australian Capital Territory (ACT),"The Australian Law Librarians' Association (Australian Capital Territory) Incorporated is an incorporated association registered in the Australian Capital Territory. CauseBase holds ACNC register and annual information statement extracts (including the 2022–23 AIS) for this entity. CauseBase does not have sufficient descriptive evidence in this release to independently identify the organisation’s specific activities, programs or beneficiary groups.",,,,1592,618,,,,acnc-register:purpose.education | acnc-register:beneficiary.regional_remote | causebase:geography.australia | causebase:geography.local_or_regional,phase2b-2026-08-14-rc4-fundraising-projection-correction
cb_c4b9f95b7a08480781a470f5e1ce6eb8,unknown,abn:67679688638,ACTIVE FRIENDS LIMITED,ACTIVE FRIENDS LIMITED,registered,enriched,"[{""capability"": ""regulatory"", ""evidence_ids"": [""ev:acnc:67679688638""], ""freshness_note"": null, ""observed_at"": ""2026-08-10"", ""source_record_id"": null, ""status"": ""observed""}, {""capability"": ""annual_report"", ""evidence_ids"": [], ""freshness_note"": null, ""observed_at"": ""2026-08-10"", ""source_record_id"": null, ""status"": ""not_yet_processed""}, {""capability"": ""fundraising_expenditure"", ""evidence_ids"": [], ""freshness_note"": null, ""observed_at"": ""2026-08-10"", ""source_record_id"": null, ""status"": ""not_yet_processed""}, {""capability"": ""financials"", ""evidence_ids"": [], ""freshness_note"": null, ""observed_at"": ""2026-08-10"", ""source_record_id"": null, ""status"": ""not_found_in_source""}, {""capability"": ""latest_acnc_ais"", ""evidence_ids"": [], ""freshness_note"": ""No submitted AIS was returned by the public ACNC profile endpoint."", ""observed_at"": ""2026-08-13"", ""source_record_id"": ""src:acnc-public-profile:67679688638:2c0833b0-4c44-f011-877a-002248112f30:cb_c4b9f95b7a08480781a470f5e1ce6eb8"", ""status"": ""not_available_from_source""}, {""capability"": ""website"", ""evidence_ids"": [], ""freshness_note"": ""Public website locator acquired from the ACNC profile."", ""observed_at"": ""2026-08-13"", ""source_record_id"": null, ""status"": ""observed""}]",activefriends.com.au,Western Australia,"Active Friends Limited is an organisation registered in Western Australia. As of 10 August 2026 its website homepage displays the tagline “Active Friends - Discover Connection, Confidence, and a Healthier You.” CauseBase does not have sufficient descriptive evidence in this release to independently identify the organisation’s specific activities, service model or beneficiaries.",,,,,,,,,acnc-register:purpose.health | acnc-register:beneficiary.older_people,phase2b-2026-08-14-rc4-fundraising-projection-correction
cb_5d5f8d975a03485ba5dc07dab3855629,unknown,abn:30913308861,Italian Australian Welfare Assn (Granite Belt) Inc,Italian Australian Welfare Assn (Granite Belt) Inc,registered,enriched,"[{""capability"": ""regulatory"", ""evidence_ids"": [""ev:acnc:30913308861""], ""freshness_note"": null, ""observed_at"": ""2026-08-10"", ""source_record_id"": null, ""status"": ""observed""}, {""capability"": ""annual_report"", ""evidence_ids"": [], ""freshness_note"": null, ""observed_at"": ""2026-08-10"", ""source_record_id"": null, ""status"": ""not_yet_processed""}, {""capability"": ""fundraising_expenditure"", ""evidence_ids"": [], ""freshness_note"": ""No direct or defensible derived fundraising expenditure was found in selected Phase 2A evidence."", ""observed_at"": ""2026-08-10"", ""source_record_id"": null, ""status"": ""not_available_from_source""}, {""capability"": ""financials"", ""evidence_ids"": [""ev:ais:30913308861:2023""], ""freshness_note"": null, ""observed_at"": ""2026-08-10"", ""source_record_id"": null, ""status"": ""observed""}, {""capability"": ""latest_acnc_ais"", ""evidence_ids"": [""ev:acnc:ais:30913308861:0fe97a75-42c4-f011-bbd3-7ced8da2a128""], ""freshness_note"": ""Latest submitted AIS detail acquired from the public ACNC entity endpoint."", ""observed_at"": ""2025-11-18"", ""source_record_id"": ""src:acnc-ais-detail:30913308861:0fe97a75-42c4-f011-bbd3-7ced8da2a128:cb_5d5f8d975a03485ba5dc07dab3855629"", ""status"": ""observed""}, {""capability"": ""website"", ""evidence_ids"": [], ""freshness_note"": ""Public website locator acquired from the ACNC profile."", ""observed_at"": ""2026-08-13"", ""source_record_id"": null, ""status"": ""observed""}]",https://www.iawa.org.au,"Stanthorpe and the Granite Belt region, Queensland | Australia","Italian Australian Welfare Association (Granite Belt) Inc, trading as IAWA Home Care, is a registered aged care provider serving Stanthorpe and the Granite Belt region in Queensland (information current to 2026). It accepts referrals for Support at Home Packages through My Aged Care and provides services under the Commonwealth Home Support Program. The organisation operates a Granite Belt Ethnic Health Liaison Service (noted as government-funded) and describes itself as a grassroots, community-based not-for-profit that historically focused on Italian-born people and people of Italian descent and on people from non-English-speaking backgrounds, while now providing services to residents of the Granite Belt irrespective of background. IAWA also publishes and sells a cookbook and maintains a whistleblower/protected-disclosure contact for home care concerns.",Registered Aged Care Provider delivering in‑home support services in the Stanthorpe and Granite Belt region | Accepting referrals for Support at Home Packages via My Aged Care | Delivering services under the Commonwealth Home Support Program | Operating a Granite Belt Ethnic Health Liaison Service (stated as government-funded) | Publishing and selling an IAWA Cookbook & authentic recipes,Older people in Stanthorpe and the Granite Belt region who require home care supports | Italian‑born people and people of Italian descent | People from non‑English speaking backgrounds | Residents of the Granite Belt irrespective of cultural background,Referrals via My Aged Care | Accessing Commonwealth Home Support Program services | Purchasing the IAWA Cookbook | Making protected disclosures to the IAWA Home Care Delegate (whistleblower mechanism),1148626,1018436,,,,acnc-register:purpose.culture | acnc-register:beneficiary.older_people | causebase:activity.direct_service | causebase:beneficiary.people_experiencing_disadvantage | causebase:beneficiary.general_community | causebase:approach.community_partnership | causebase:geography.australia | causebase:geography.local_or_regional | causebase:organisation.local,phase2b-2026-08-14-rc4-fundraising-projection-correction
cb_e2cd8f20b7be45b6a9f44ca27eaa4c53,unknown,abn:15969822381,Ananda Marga Pracaraka Samgha Ltd Preschool,Ananda Marga Pracaraka Samgha Ltd Preschool,registered,enriched,"[{""capability"": ""regulatory"", ""evidence_ids"": [""ev:acnc:15969822381""], ""freshness_note"": null, ""observed_at"": ""2026-08-10"", ""source_record_id"": null, ""status"": ""observed""}, {""capability"": ""annual_report"", ""evidence_ids"": [], ""freshness_note"": null, ""observed_at"": ""2026-08-10"", ""source_record_id"": null, ""status"": ""not_yet_processed""}, {""capability"": ""fundraising_expenditure"", ""evidence_ids"": [], ""freshness_note"": ""No direct or defensible derived fundraising expenditure was found in selected Phase 2A evidence."", ""observed_at"": ""2026-08-10"", ""source_record_id"": null, ""status"": ""not_available_from_source""}, {""capability"": ""financials"", ""evidence_ids"": [""ev:ais:15969822381:2023""], ""freshness_note"": null, ""observed_at"": ""2026-08-10"", ""source_record_id"": null, ""status"": ""observed""}, {""capability"": ""latest_acnc_ais"", ""evidence_ids"": [""ev:acnc:ais:15969822381:0efba02c-6966-f111-a826-6045bde523ce""], ""freshness_note"": ""Latest submitted AIS detail acquired from the public ACNC entity endpoint."", ""observed_at"": ""2026-06-12"", ""source_record_id"": ""src:acnc-ais-detail:15969822381:0efba02c-6966-f111-a826-6045bde523ce:cb_e2cd8f20b7be45b6a9f44ca27eaa4c53"", ""status"": ""observed""}, {""capability"": ""website"", ""evidence_ids"": [], ""freshness_note"": ""Public website locator acquired from the ACNC profile."", ""observed_at"": ""2026-08-13"", ""source_record_id"": null, ""status"": ""observed""}]",http://www.sunrisepreschool.vic.edu.au/fitzroy-north/,"Fitzroy North, Victoria, Australia","Ananda Marga Pracaraka Samgha Ltd Preschool is a registered charity that operates a preschool in Fitzroy North, Victoria. In the 2023 reporting period the organisation provided preschool services (early childhood care and education) to children attending its program. The entity is recorded on the Australian Charities and Not-for-profits Commission register and submitted the 2023 Annual Information Statement. CauseBase identifies the organisation’s concrete work as delivering early childhood care and education at its Fitzroy North location; the available records do not provide detailed information about program scope, age ranges beyond ‘children’, or participation arrangements in this release.",Preschool services (early childhood care and education) | Reporting to ACNC (registered charity),Children using preschool services,,738678,712354,,,,acnc-register:purpose.education | acnc-register:beneficiary.other_beneficiary | causebase:activity.direct_service | causebase:organisation.local | causebase:geography.australia | causebase:geography.local_or_regional,phase2b-2026-08-14-rc4-fundraising-projection-correction
cb_9ae595625d3c46319ff285c62f2cab4a,unknown,abn:68056806311,Enfield Baptist Church Inc,Enfield Baptist Church Inc,registered,enriched,"[{""capability"": ""regulatory"", ""evidence_ids"": [""ev:acnc:68056806311""], ""freshness_note"": null, ""observed_at"": ""2026-08-10"", ""source_record_id"": null, ""status"": ""observed""}, {""capability"": ""annual_report"", ""evidence_ids"": [], ""freshness_note"": null, ""observed_at"": ""2026-08-10"", ""source_record_id"": null, ""status"": ""not_yet_processed""}, {""capability"": ""fundraising_expenditure"", ""evidence_ids"": [], ""freshness_note"": ""No direct or defensible derived fundraising expenditure was found in selected Phase 2A evidence."", ""observed_at"": ""2026-08-10"", ""source_record_id"": null, ""status"": ""not_available_from_source""}, {""capability"": ""financials"", ""evidence_ids"": [""ev:ais:68056806311:2023""], ""freshness_note"": null, ""observed_at"": ""2026-08-10"", ""source_record_id"": null, ""status"": ""observed""}, {""capability"": ""latest_acnc_ais"", ""evidence_ids"": [""ev:acnc:ais:68056806311:02005fc9-33d6-f011-8544-6045bde61b96""], ""freshness_note"": ""Latest submitted AIS detail acquired from the public ACNC entity endpoint."", ""observed_at"": ""2025-12-11"", ""source_record_id"": ""src:acnc-ais-detail:68056806311:02005fc9-33d6-f011-8544-6045bde61b96:cb_9ae595625d3c46319ff285c62f2cab4a"", ""status"": ""observed""}, {""capability"": ""website"", ""evidence_ids"": [], ""freshness_note"": ""Public website locator acquired from the ACNC profile."", ""observed_at"": ""2026-08-13"", ""source_record_id"": null, ""status"": ""observed""}]",www.enfieldbaptist.com.au,"Broadview, South Australia (1 Francis Ave) | Australia (local/regional)","Enfield Baptist Church Inc is a local Baptist church based at 1 Francis Ave, Broadview, South Australia. It holds Sunday services in person and online (Sunday 10:00am) and maintains an online archive of recorded sermons. The church lists a named Aged Care Volunteer Visitors Scheme and a program called Lifewell Ministries, and publishes upcoming public events and connection information for congregation and visitors. Volunteers participate in the aged-care visiting program; members of the public and congregation may attend services and events. Contact details and directions are provided on the church website.",Sunday church services (in-person and online) | Online sermon archive / recorded sermons | Aged Care Volunteer Visitors Scheme (named volunteer program) | Lifewell Ministries (named program) | Public events and upcoming event programming | Contact and congregation connection activities,People who attend church services and events | People in aged care (via the Volunteer Visitors Scheme),Volunteering (Volunteer Visitors Scheme) | Attending public events and services (in-person or online),892389,821437,,,,acnc-register:purpose.religion | acnc-register:beneficiary.people_with_disability | causebase:cause.community_wellbeing | causebase:activity.direct_service | causebase:activity.events_and_public_programming | causebase:approach.volunteer_enabled | causebase:participation.volunteering | causebase:participation.public_events | causebase:geography.local_or_regional | causebase:beneficiary.general_community,phase2b-2026-08-14-rc4-fundraising-projection-correction
cb_b98aa616e57b4e90aef7abf3bfb2eed9,unknown,abn:65996383887,Ara Irititja Aboriginal Corporation,Ara Irititja Aboriginal Corporation,registered,enriched,"[{""capability"": ""regulatory"", ""evidence_ids"": [""ev:acnc:65996383887""], ""freshness_note"": null, ""observed_at"": ""2026-08-10"", ""source_record_id"": null, ""status"": ""observed""}, {""capability"": ""annual_report"", ""evidence_ids"": [], ""freshness_note"": null, ""observed_at"": ""2026-08-10"", ""source_record_id"": null, ""status"": ""not_yet_processed""}, {""capability"": ""website"", ""evidence_ids"": [], ""freshness_note"": null, ""observed_at"": ""2026-08-10"", ""source_record_id"": null, ""status"": ""not_available_from_source""}, {""capability"": ""fundraising_expenditure"", ""evidence_ids"": [], ""freshness_note"": null, ""observed_at"": ""2026-08-10"", ""source_record_id"": null, ""status"": ""not_yet_processed""}, {""capability"": ""financials"", ""evidence_ids"": [], ""freshness_note"": null, ""observed_at"": ""2026-08-10"", ""source_record_id"": null, ""status"": ""not_found_in_source""}, {""capability"": ""latest_acnc_ais"", ""evidence_ids"": [], ""freshness_note"": ""No submitted AIS was returned by the public ACNC profile endpoint."", ""observed_at"": ""2026-08-13"", ""source_record_id"": ""src:acnc-public-profile:65996383887:8872388d-3aaf-e811-a963-000d3ad244fd:cb_b98aa616e57b4e90aef7abf3bfb2eed9"", ""status"": ""not_available_from_source""}]",,South Australia,"Ara Irititja Aboriginal Corporation is an incorporated Aboriginal corporation associated with South Australia. CauseBase has only a regulatory extract recording the organisation’s legal name and its association with South Australia and does not have sufficient descriptive evidence in this release to identify specific activities, programs, beneficiaries or participation modes. No website, annual report or program descriptions were available in the supplied records, so this card is limited to the organisation’s name and geographic association.",,,,,,,,,acnc-register:purpose.social_welfare | acnc-register:beneficiary.other_beneficiary,phase2b-2026-08-14-rc4-fundraising-projection-correction
cb_24bd80e16e6d44dbbcf15482bc82ed93,unknown,abn:57623367117,DEMOCRACY IN COLOUR LIMITED,DEMOCRACY IN COLOUR LIMITED,registered,enriched,"[{""capability"": ""regulatory"", ""evidence_ids"": [""ev:acnc:57623367117""], ""freshness_note"": null, ""observed_at"": ""2026-08-10"", ""source_record_id"": null, ""status"": ""observed""}, {""capability"": ""annual_report"", ""evidence_ids"": [], ""freshness_note"": null, ""observed_at"": ""2026-08-10"", ""source_record_id"": null, ""status"": ""not_yet_processed""}, {""capability"": ""fundraising_expenditure"", ""evidence_ids"": [], ""freshness_note"": ""No direct or defensible derived fundraising expenditure was found in selected Phase 2A evidence."", ""observed_at"": ""2026-08-10"", ""source_record_id"": null, ""status"": ""not_available_from_source""}, {""capability"": ""financials"", ""evidence_ids"": [""ev:ais:57623367117:2023""], ""freshness_note"": null, ""observed_at"": ""2026-08-10"", ""source_record_id"": null, ""status"": ""observed""}, {""capability"": ""latest_acnc_ais"", ""evidence_ids"": [""ev:acnc:ais:57623367117:522fd0d4-edfb-f011-8406-002248111f49""], ""freshness_note"": ""Latest submitted AIS detail acquired from the public ACNC entity endpoint."", ""observed_at"": ""2026-01-28"", ""source_record_id"": ""src:acnc-ais-detail:57623367117:522fd0d4-edfb-f011-8406-002248111f49:cb_24bd80e16e6d44dbbcf15482bc82ed93"", ""status"": ""observed""}, {""capability"": ""website"", ""evidence_ids"": [], ""freshness_note"": ""Public website locator acquired from the ACNC profile."", ""observed_at"": ""2026-08-13"", ""source_record_id"": null, ""status"": ""observed""}]",https://democracyincolour.org/,Victoria,"Democracy in Colour Limited is an organisation based in Victoria that runs campaigns, training and youth programs focused on racial justice and related issues. Its work includes a Climate Justice Program, anti‑racism training (including workplace training), the Thriving in Colour youth leadership and campaigning program for People of Colour (POC) youth, and the Racism Out This campaign (started with Racism Out Of Politics and Racism Out Of Media). The organisation issues media statements and public communications and describes partnering with other civil society organisations. Its stated theory of change emphasises building movement power, advocating for policy reform and working in partnership to challenge discriminatory systems affecting Black, Indigenous and People of Colour (BIPOCs).","Climate Justice Program | Anti‑racism training, including anti‑racism workplace training | Thriving in Colour youth program (POC youth leadership and campaigning) | Racism Out This campaign (campaigns focused on racism in institutions) | Media statements and public communications","People of Colour (POC) youth (named in youth program) | Black, Indigenous and People of Colour (BIPOCs)",Training attendance (anti‑racism training) | Campaign participation (Racism Out This and related campaigns) | Partnerships with other civil society organisations,901276,728081,,,,acnc-register:purpose.human_rights | acnc-register:beneficiary.young_people | causebase:activity.advocacy | causebase:activity.events_and_public_programming | causebase:activity.direct_service | causebase:approach.community_partnership | causebase:participation.public_events | causebase:beneficiary.people_experiencing_disadvantage | causebase:geography.local_or_regional | causebase:organisation.local,phase2b-2026-08-14-rc4-fundraising-projection-correction
cb_4bedfcf11ee24200bd97278aa08ab305,unknown,abn:77967703375,FORM Building a State of Creativity Limited,FORM Building a State of Creativity Limited,registered,enriched,"[{""capability"": ""regulatory"", ""evidence_ids"": [""ev:acnc:77967703375""], ""freshness_note"": null, ""observed_at"": ""2026-08-10"", ""source_record_id"": null, ""status"": ""observed""}, {""capability"": ""annual_report"", ""evidence_ids"": [], ""freshness_note"": null, ""observed_at"": ""2026-08-10"", ""source_record_id"": null, ""status"": ""not_yet_processed""}, {""capability"": ""fundraising_expenditure"", ""evidence_ids"": [], ""freshness_note"": ""No direct or defensible derived fundraising expenditure was found in selected Phase 2A evidence."", ""observed_at"": ""2026-08-10"", ""source_record_id"": null, ""status"": ""not_available_from_source""}, {""capability"": ""financials"", ""evidence_ids"": [""ev:ais:77967703375:2023""], ""freshness_note"": null, ""observed_at"": ""2026-08-10"", ""source_record_id"": null, ""status"": ""observed""}, {""capability"": ""latest_acnc_ais"", ""evidence_ids"": [""ev:acnc:ais:77967703375:e0636fc8-2bc1-f011-bbd3-6045bde679a9""], ""freshness_note"": ""Latest submitted AIS detail acquired from the public ACNC entity endpoint."", ""observed_at"": ""2025-11-14"", ""source_record_id"": ""src:acnc-ais-detail:77967703375:e0636fc8-2bc1-f011-bbd3-6045bde679a9:cb_4bedfcf11ee24200bd97278aa08ab305"", ""status"": ""observed""}, {""capability"": ""website"", ""evidence_ids"": [], ""freshness_note"": ""Public website locator acquired from the ACNC profile."", ""observed_at"": ""2026-08-13"", ""source_record_id"": null, ""status"": ""observed""}]",www.form.net.au,Western Australia | Perth | Port Hedland (Pilbara),"FORM Building a State of Creativity Limited (FORM) is an arts organisation based in Perth that works across Western Australia, including activity in Port Hedland (Pilbara). As of 2026 it undertakes public art and public-space projects, runs FORM Gallery exhibitions and Spinifex Hill Studio activities, delivers creative learning programmes and cultural tourism experiences, and offers arts and cultural consultancy. FORM also stages events, artist callouts and public exhibitions and describes partnerships with Aboriginal and Torres Strait Islander organisations. Its stated mission is to develop a vibrant creative economy for the benefit and wellbeing of Western Australian communities.","public art and public-space projects | arts and cultural consultancy | cultural tourism experiences | FORM Gallery exhibitions | Spinifex Hill Studio activities | creative learning programmes | events, exhibitions and artist callouts | partnerships with Aboriginal and Islander organisations",Western Australian communities | Aboriginal and Torres Strait Islander communities | public spaces,public events and exhibitions | artist callouts / expressions of interest,2691949,2876757,,,,acnc-register:purpose.culture | acnc-register:beneficiary.children | causebase:activity.events_and_public_programming | causebase:activity.direct_service | causebase:approach.community_partnership | causebase:participation.public_events | causebase:geography.local_or_regional | causebase:organisation.local | causebase:beneficiary.general_community,phase2b-2026-08-14-rc4-fundraising-projection-correction
cb_f1a207947b60442c97280736618ac5b8,unknown,abn:26687611356,ROLDA LTD,ROLDA LTD,registered,enriched,"[{""capability"": ""regulatory"", ""evidence_ids"": [""ev:acnc:26687611356""], ""freshness_note"": null, ""observed_at"": ""2026-08-10"", ""source_record_id"": null, ""status"": ""observed""}, {""capability"": ""annual_report"", ""evidence_ids"": [], ""freshness_note"": null, ""observed_at"": ""2026-08-10"", ""source_record_id"": null, ""status"": ""not_yet_processed""}, {""capability"": ""fundraising_expenditure"", ""evidence_ids"": [], ""freshness_note"": null, ""observed_at"": ""2026-08-10"", ""source_record_id"": null, ""status"": ""not_yet_processed""}, {""capability"": ""financials"", ""evidence_ids"": [], ""freshness_note"": null, ""observed_at"": ""2026-08-10"", ""source_record_id"": null, ""status"": ""not_found_in_source""}, {""capability"": ""latest_acnc_ais"", ""evidence_ids"": [], ""freshness_note"": ""No submitted AIS was returned by the public ACNC profile endpoint."", ""observed_at"": ""2026-08-13"", ""source_record_id"": ""src:acnc-public-profile:26687611356:8e571924-2769-f011-bec3-7c1e522b1d9f:cb_f1a207947b60442c97280736618ac5b8"", ""status"": ""not_available_from_source""}, {""capability"": ""website"", ""evidence_ids"": [], ""freshness_note"": ""Public website locator acquired from the ACNC profile."", ""observed_at"": ""2026-08-13"", ""source_record_id"": null, ""status"": ""observed""}]",https://rolda.org.au/,"NSW, Australia | Romania (Galati and local shelters) | Ukraine (evacuations, treatment and support in conflict areas) | Venezuela (emergency aid after earthquake) | Bethlehem, Palestine (support for a local shelter) | Europe (rehoming of dogs in Europe) | Middle East (emergency aid described)","ROLDA Ltd is an Australian-registered animal welfare organisation that raises funds in NSW and channels support to rescue work in Romania and other countries. It rescues and shelters dogs and cats from streets, puppy mills and disaster or conflict zones; provides food, shelter, urgent veterinary treatment and rehabilitation; evacuates animals from war and disaster areas; and rehomes animals in Europe or places them in foster care. ROLDA also buys and develops shelter land (including a cage-free sanctuary project), supports independent local rescue teams, and runs community education and early-intervention programmes that help vulnerable pet owners keep animals with their families.","Rescue dogs and cats from streets, puppy mills and disaster/conflict zones | Provide shelter, food, warmth and urgent veterinary treatment | Rehabilitate animals and place them in foster care or rehome in Europe | Evacuate animals from conflict zones and disaster sites | Buy and develop land and shelter facilities (e.g. renovations near Galaţi, Little Haven sanctuary project) | Provide community education programmes about humane treatment and responsible ownership | Provide support (food and medical assistance) to vulnerable pet owners to prevent abandonment | Support independent local rescue teams ('ROLDA Heroes')","Dogs and cats rescued from streets, puppy mills and disaster/conflict zones | Vulnerable pet owners and disadvantaged community members who receive food or medical assistance for pets",Donating to fundraising appeals | Joining public fundraising challenges (e.g. 20th anniversary #GiveHope challenge) | Fostering animals in temporary care | Supporting or working with local rescuers and independent rescue teams,,,,,,acnc-register:purpose.animal_welfare | acnc-register:beneficiary.animals | causebase:cause.animal_welfare | causebase:activity.direct_service | causebase:activity.advocacy | causebase:activity.events_and_public_programming | causebase:approach.community_partnership | causebase:approach.volunteer_enabled | causebase:participation.volunteering | causebase:geography.australia,phase2b-2026-08-14-rc4-fundraising-projection-correction
cb_bab735ab9e484cf7ae872ff040fada63,unknown,abn:27983821157,Settlement Council Of Australia,Settlement Council Of Australia,registered,enriched,"[{""capability"": ""regulatory"", ""evidence_ids"": [""ev:acnc:27983821157""], ""freshness_note"": null, ""observed_at"": ""2026-08-10"", ""source_record_id"": null, ""status"": ""observed""}, {""capability"": ""annual_report"", ""evidence_ids"": [], ""freshness_note"": null, ""observed_at"": ""2026-08-10"", ""source_record_id"": null, ""status"": ""not_yet_processed""}, {""capability"": ""fundraising_expenditure"", ""evidence_ids"": [], ""freshness_note"": ""No direct or defensible derived fundraising expenditure was found in selected Phase 2A evidence."", ""observed_at"": ""2026-08-10"", ""source_record_id"": null, ""status"": ""not_available_from_source""}, {""capability"": ""financials"", ""evidence_ids"": [""ev:ais:27983821157:2023""], ""freshness_note"": null, ""observed_at"": ""2026-08-10"", ""source_record_id"": null, ""status"": ""observed""}, {""capability"": ""latest_acnc_ais"", ""evidence_ids"": [""ev:acnc:ais:27983821157:0ed71dd2-b3fd-f011-8406-7ced8d33fe37""], ""freshness_note"": ""Latest submitted AIS detail acquired from the public ACNC entity endpoint."", ""observed_at"": ""2026-01-30"", ""source_record_id"": ""src:acnc-ais-detail:27983821157:0ed71dd2-b3fd-f011-8406-7ced8d33fe37:cb_bab735ab9e484cf7ae872ff040fada63"", ""status"": ""observed""}, {""capability"": ""website"", ""evidence_ids"": [], ""freshness_note"": ""Public website locator acquired from the ACNC profile."", ""observed_at"": ""2026-08-13"", ""source_record_id"": null, ""status"": ""observed""}]",www.scoa.org.au,Australia | Australian Capital Territory (ACT) (structured geography in records / ACNC extract observed),"Settlement Council of Australia (SCoA) is a national peak body based in Australia (registered presence in the Australian Capital Territory). As of records observed on 10 August 2026, SCoA operates a membership programme for settlement agencies, publishes the National Settlement Outcome Standards that set out outcomes for refugees and migrants to be considered ‘settled’, and maintains a Reconciliation Action Plan. The organisation’s work is presented as supporting settlement agencies and the process of settlement for people arriving in Australia. Evidence cited for this summary includes the organisation’s website and regulatory filings/current information listed to 2023 and 2026.",Publishing National Settlement Outcome Standards for refugees and migrants | Maintaining a Reconciliation Action Plan,Migrants settling in Australia | Refugees settling in Australia | Settlement agencies,Membership of settlement agencies,1340626,1245694,,,,acnc-register:purpose.social_welfare | acnc-register:beneficiary.migrants_refugees | causebase:cause.community_wellbeing | causebase:activity.advocacy | causebase:approach.community_partnership | causebase:organisation.national | causebase:geography.australia | causebase:beneficiary.people_experiencing_disadvantage,phase2b-2026-08-14-rc4-fundraising-projection-correction
cb_60600e080fb34f60a611ba5ad021e13a,unknown,abn:42002037881,Australian Design Centre,Australian Design Centre,registered,enriched,"[{""capability"": ""regulatory"", ""evidence_ids"": [""ev:acnc:42002037881""], ""freshness_note"": null, ""observed_at"": ""2026-08-10"", ""source_record_id"": null, ""status"": ""observed""}, {""capability"": ""annual_report"", ""evidence_ids"": [], ""freshness_note"": null, ""observed_at"": ""2026-08-10"", ""source_record_id"": null, ""status"": ""not_yet_processed""}, {""capability"": ""fundraising_expenditure"", ""evidence_ids"": [], ""freshness_note"": ""No direct or defensible derived fundraising expenditure was found in selected Phase 2A evidence."", ""observed_at"": ""2026-08-10"", ""source_record_id"": null, ""status"": ""not_available_from_source""}, {""capability"": ""financials"", ""evidence_ids"": [""ev:ais:42002037881:2023""], ""freshness_note"": null, ""observed_at"": ""2026-08-10"", ""source_record_id"": null, ""status"": ""observed""}, {""capability"": ""latest_acnc_ais"", ""evidence_ids"": [""ev:acnc:ais:42002037881:50fe431f-2553-f111-bec7-002248111f49""], ""freshness_note"": ""Latest submitted AIS detail acquired from the public ACNC entity endpoint."", ""observed_at"": ""2026-05-19"", ""source_record_id"": ""src:acnc-ais-detail:42002037881:50fe431f-2553-f111-bec7-002248111f49:cb_60600e080fb34f60a611ba5ad021e13a"", ""status"": ""observed""}, {""capability"": ""website"", ""evidence_ids"": [], ""freshness_note"": ""Public website locator acquired from the ACNC profile."", ""observed_at"": ""2026-08-13"", ""source_record_id"": null, ""status"": ""observed""}]",www.australiandesigncentre.com,"Sydney, New South Wales | National touring across Australia | Regional Australia","Australian Design Centre is a Sydney-based organisation that curates and presents design exhibitions and related programs. It operates a Williams Street window gallery called Object Space, runs an Object Shop retail outlet that supports more than 150 Australian designer makers, and operates ADC On Tour travelling exhibitions that it says have toured nationally since the 1970s to provide regional Australia with access. ADC publishes Object Digital research into object and design disciplines and commissions engagement research, including a 2025 feedback survey about the impact of ADC closing. Over the last decade the centre reports it presented more than 175 exhibitions in Sydney featuring 13,200+ artists; since 2017 Object Space staged 53 exhibitions with 104 artists. People can attend exhibitions and tours, visit the shop, exhibit in Object Space, attend events and workshops, or subscribe to ADC communications.","Curating and presenting exhibitions in Sydney (ADC exhibitions) | Operating ADC On Tour travelling exhibitions | Operating Object Space Williams Street window-gallery exhibitions | Operating an Object Shop retail outlet supporting designer makers | Producing Object Digital research into object, furniture and design disciplines | Commissioning and publishing engagement/feedback surveys and reports (2025 survey reported)",Australian designer makers | Artists | Regional Australia audiences,Attending exhibitions and touring exhibitions | Visiting Object Shop retail outlet | Exhibiting in Object Space window gallery | Attending events and workshops | Subscribing to ADC communications and resources,1403560,1364655,,,,acnc-register:purpose.culture | acnc-register:beneficiary.general_community | causebase:cause.culture_and_heritage | causebase:activity.events_and_public_programming | causebase:approach.community_partnership | causebase:participation.public_events | causebase:geography.australia | causebase:geography.local_or_regional | causebase:organisation.national,phase2b-2026-08-14-rc4-fundraising-projection-correction
cb_a3fde5bf7e6d46f890ec8cbaf9b0280f,unknown,abn:47683036106,ADELAIDE MOSQUE ISLAMIC SOCIETY LTD,ADELAIDE MOSQUE ISLAMIC SOCIETY LTD,registered,enriched,"[{""capability"": ""regulatory"", ""evidence_ids"": [""ev:acnc:47683036106""], ""freshness_note"": null, ""observed_at"": ""2026-08-10"", ""source_record_id"": null, ""status"": ""observed""}, {""capability"": ""annual_report"", ""evidence_ids"": [], ""freshness_note"": null, ""observed_at"": ""2026-08-10"", ""source_record_id"": null, ""status"": ""not_yet_processed""}, {""capability"": ""fundraising_expenditure"", ""evidence_ids"": [], ""freshness_note"": null, ""observed_at"": ""2026-08-10"", ""source_record_id"": null, ""status"": ""not_yet_processed""}, {""capability"": ""financials"", ""evidence_ids"": [], ""freshness_note"": null, ""observed_at"": ""2026-08-10"", ""source_record_id"": null, ""status"": ""not_found_in_source""}, {""capability"": ""latest_acnc_ais"", ""evidence_ids"": [], ""freshness_note"": ""No submitted AIS was returned by the public ACNC profile endpoint."", ""observed_at"": ""2026-08-13"", ""source_record_id"": ""src:acnc-public-profile:47683036106:2ceb9578-032a-f011-8c4d-0022489511f7:cb_a3fde5bf7e6d46f890ec8cbaf9b0280f"", ""status"": ""not_available_from_source""}, {""capability"": ""website"", ""evidence_ids"": [], ""freshness_note"": ""Public website locator acquired from the ACNC profile."", ""observed_at"": ""2026-08-13"", ""source_record_id"": null, ""status"": ""observed""}]",https://adelaidecitymosque.org.au/,"Adelaide, South Australia | South Australia, Australia","Adelaide Mosque Islamic Society Ltd operates the Adelaide City Mosque in Adelaide, South Australia. Described on its website as Australia’s oldest functioning mosque (built 1886–88), the society offers five daily prayers and Friday (Juma) services, funeral services and halal certification. It runs religious programmes and events (including Ramadan, Mawlid‑un‑Nabi and Shab e Miraj) and community activities such as a children’s school and a Sister’s Morning Tea. The organisation maintains membership (AMISSA) and accepts donations via PayPal, card and direct deposit to support mosque and wider community activities. Services are presented as directed to the Muslim community in Adelaide and to the wider community.","Providing five daily prayers and Friday (Juma) prayer services | Operating Prayers/Salah services | Providing funeral services | Providing halal certification | Running religious programs and events (Ramadan, Mawlid‑un‑Nabi, Shab e Miraj) | Operating community programs (children’s school, Sister’s Morning Tea) | Fundraising and accepting donations via PayPal, card and direct deposit | Maintaining membership",Muslim community in Adelaide | Children who attend the mosque’s children’s school | Women who attend the Sister’s Morning Tea | Wider community,"Attendance at five daily prayers and Friday Juma | Participation in religious events (Ramadan, Mawlid‑un‑Nabi, Shab e Miraj) | Participation in community programs (children’s school, Sister’s Morning Tea) | Making donations via PayPal, debit/credit card or direct deposit",,,,,,acnc-register:purpose.social_welfare | acnc-register:beneficiary.migrants_refugees | causebase:activity.direct_service | causebase:activity.events_and_public_programming | causebase:participation.public_events | causebase:geography.local_or_regional | causebase:beneficiary.general_community | causebase:organisation.local,phase2b-2026-08-14-rc4-fundraising-projection-correction
cb_7660a90e8db444419adb1aa8bcc93387,unknown,abn:36482379373,Aa Service Council For Western Australia,Aa Service Council For Western Australia,registered,enriched,"[{""capability"": ""regulatory"", ""evidence_ids"": [""ev:acnc:36482379373""], ""freshness_note"": null, ""observed_at"": ""2026-08-10"", ""source_record_id"": null, ""status"": ""observed""}, {""capability"": ""annual_report"", ""evidence_ids"": [], ""freshness_note"": null, ""observed_at"": ""2026-08-10"", ""source_record_id"": null, ""status"": ""not_yet_processed""}, {""capability"": ""fundraising_expenditure"", ""evidence_ids"": [], ""freshness_note"": null, ""observed_at"": ""2026-08-10"", ""source_record_id"": null, ""status"": ""not_yet_processed""}, {""capability"": ""financials"", ""evidence_ids"": [], ""freshness_note"": null, ""observed_at"": ""2026-08-10"", ""source_record_id"": null, ""status"": ""not_found_in_source""}, {""capability"": ""latest_acnc_ais"", ""evidence_ids"": [""ev:acnc:ais:36482379373:4deceb66-f85e-f111-a826-00224812a1a7""], ""freshness_note"": ""Latest submitted AIS detail acquired from the public ACNC entity endpoint."", ""observed_at"": ""2026-06-03"", ""source_record_id"": ""src:acnc-ais-detail:36482379373:4deceb66-f85e-f111-a826-00224812a1a7:cb_7660a90e8db444419adb1aa8bcc93387"", ""status"": ""observed""}, {""capability"": ""website"", ""evidence_ids"": [], ""freshness_note"": ""Public website locator acquired from the ACNC profile."", ""observed_at"": ""2026-08-13"", ""source_record_id"": null, ""status"": ""observed""}]",http://www.aaperthwa.org,Perth and multiple districts across Western Australia,"Alcoholics Anonymous, Perth, Western Australia (Aa Service Council For Western Australia) is a local fellowship supporting people who identify a desire to stop drinking. It maintains a staffed office in East Perth with published opening hours (Monday–Friday, 9am–4.30pm) and operates a 24‑hour helpline. The group compiles and publishes meeting lists and a calendar of events (including open and online meetings), provides resources for new members (pamphlets, personal stories, talks and workshops), and publishes or links to AA literature and Serenity magazine. The organisation also maintains a safety policy, code of conduct and incident reporting forms. Open meetings are available to anyone interested in AA’s programme of recovery; the site includes specific contact options for fly‑in/fly‑out workers.","Operates a 24‑hour helpline | Maintains a staffed office with published opening hours | Compiles and publishes meeting lists and a calendar of events (including open and online meetings) | Provides resources for new members (pamphlets, personal stories, talks and workshops) | Maintains safety policy, code of conduct and incident reporting forms | Publishes or links to 'Serenity' magazine and other AA literature",People who identify as having a desire to stop drinking or seeking recovery from alcoholism (per the group's wording) | Members and visitors to open AA meetings | Fly‑in/fly‑out workers seeking peer contact,Attending open meetings and online meetings | Calling the 24‑hour helpline | Accessing published resources and the calendar of public meetings,,,,,,acnc-register:purpose.other_purpose | acnc-register:beneficiary.young_people | causebase:activity.direct_service | causebase:activity.events_and_public_programming | causebase:beneficiary.people_experiencing_disadvantage | causebase:participation.public_events | causebase:geography.local_or_regional | causebase:organisation.local,phase2b-2026-08-14-rc4-fundraising-projection-correction
cb_815889ce59de40eead9e4368d0cd314c,unknown,abn:62785862039,Rossmoyne Kindergarten Association (Inc.),Rossmoyne Kindergarten Association (Inc.),registered,enriched,"[{""capability"": ""regulatory"", ""evidence_ids"": [""ev:acnc:62785862039""], ""freshness_note"": null, ""observed_at"": ""2026-08-10"", ""source_record_id"": null, ""status"": ""observed""}, {""capability"": ""annual_report"", ""evidence_ids"": [], ""freshness_note"": null, ""observed_at"": ""2026-08-10"", ""source_record_id"": null, ""status"": ""not_yet_processed""}, {""capability"": ""fundraising_expenditure"", ""evidence_ids"": [], ""freshness_note"": ""No direct or defensible derived fundraising expenditure was found in selected Phase 2A evidence."", ""observed_at"": ""2026-08-10"", ""source_record_id"": null, ""status"": ""not_available_from_source""}, {""capability"": ""financials"", ""evidence_ids"": [""ev:ais:62785862039:2023""], ""freshness_note"": null, ""observed_at"": ""2026-08-10"", ""source_record_id"": null, ""status"": ""observed""}, {""capability"": ""latest_acnc_ais"", ""evidence_ids"": [""ev:acnc:ais:62785862039:9a15293c-9434-f111-88b4-002248111f49""], ""freshness_note"": ""Latest submitted AIS detail acquired from the public ACNC entity endpoint."", ""observed_at"": ""2026-04-10"", ""source_record_id"": ""src:acnc-ais-detail:62785862039:9a15293c-9434-f111-88b4-002248111f49:cb_815889ce59de40eead9e4368d0cd314c"", ""status"": ""observed""}, {""capability"": ""website"", ""evidence_ids"": [], ""freshness_note"": ""Public website locator acquired from the ACNC profile."", ""observed_at"": ""2026-08-13"", ""source_record_id"": null, ""status"": ""observed""}]",www.rossmoynekindy.com,"Rossmoyne, City of Canning, Western Australia | Local intake area around Rossmoyne Primary School","Rossmoyne Kindergarten Association (Inc.) is a community kindergarten in Rossmoyne, City of Canning, Western Australia. It operates two kindergarten classes with a maximum of 20 children per class for children who are four years old by 30 June in the year they attend. The kindergarten occupies purpose-built facilities leased from the City of Canning, with teachers appointed by the Department of Education and management conducted by a parent committee. On-site provision includes an “Enchanted Garden” nature play area with a water pump, sandpits, forts, poultry and small animals, and vegetable patches. The parent committee manages enrolment administration (applications completed in person at Rossmoyne Primary School), coordinates volunteer involvement, and publishes a 360-degree virtual tour and information on fees and intake timing.",Provision of kindergarten (two classes of up to 20 children) | Operation and maintenance of a nature play area (Enchanted Garden) | Parent committee management and volunteer involvement | On-site and virtual tours and enrolment administration,Children eligible for kindergarten (four years old by 30 June in the year they attend) | Parents and families who enrol or participate in the parent committee,Parent committee membership and volunteering | In-person enrolment at Rossmoyne Primary School | On-site tours | 360-degree virtual tour,48227,49568,,,,acnc-register:purpose.education | acnc-register:beneficiary.people_with_disability | causebase:activity.direct_service | causebase:approach.community_partnership | causebase:approach.volunteer_enabled | causebase:participation.volunteering | causebase:geography.local_or_regional,phase2b-2026-08-14-rc4-fundraising-projection-correction
cb_cf40a55e2106492b8689d433b3a7fa22,unknown,abn:51877284120,Generations in Jazz Inc,Generations in Jazz Inc,registered,enriched,"[{""capability"": ""regulatory"", ""evidence_ids"": [""ev:acnc:51877284120""], ""freshness_note"": null, ""observed_at"": ""2026-08-10"", ""source_record_id"": null, ""status"": ""observed""}, {""capability"": ""annual_report"", ""evidence_ids"": [], ""freshness_note"": null, ""observed_at"": ""2026-08-10"", ""source_record_id"": null, ""status"": ""not_yet_processed""}, {""capability"": ""fundraising_expenditure"", ""evidence_ids"": [], ""freshness_note"": ""No direct or defensible derived fundraising expenditure was found in selected Phase 2A evidence."", ""observed_at"": ""2026-08-10"", ""source_record_id"": null, ""status"": ""not_available_from_source""}, {""capability"": ""financials"", ""evidence_ids"": [""ev:ais:51877284120:2023""], ""freshness_note"": null, ""observed_at"": ""2026-08-10"", ""source_record_id"": null, ""status"": ""observed""}, {""capability"": ""latest_acnc_ais"", ""evidence_ids"": [""ev:acnc:ais:51877284120:feb300c9-b41a-f111-8342-6045bdc47a8f""], ""freshness_note"": ""Latest submitted AIS detail acquired from the public ACNC entity endpoint."", ""observed_at"": ""2026-03-08"", ""source_record_id"": ""src:acnc-ais-detail:51877284120:feb300c9-b41a-f111-8342-6045bdc47a8f:cb_cf40a55e2106492b8689d433b3a7fa22"", ""status"": ""observed""}, {""capability"": ""website"", ""evidence_ids"": [], ""freshness_note"": ""Public website locator acquired from the ACNC profile."", ""observed_at"": ""2026-08-13"", ""source_record_id"": null, ""status"": ""observed""}]",www.generationsinjazz.com.au,South Australia,"Generations in Jazz Inc organises an annual multi-day jazz event held in South Australia. The event weekend (listed for 30 April–2 May 2026) includes competitions for individuals, sectional groups and superbands, ticketed public performances and related event programming. The organisation publishes competition results for individual, sectional and superband categories and maintains an online community and social media updates to share event information. Activities centre on providing performance and competition opportunities for aspiring and student musicians and on presenting concerts and programming for jazz audiences and ticketed attendees.","Organising a multi-day jazz event and competitions (Generations in Jazz weekend) | Publishing competition results pages for individual, sectional and superband categories | Offering ticketed public performances and related event programming | Maintaining an online community and social media updates about events","Aspiring and student musicians who perform or enter competitions | Jazz enthusiasts and ticketed audiences | Participants listed in competition categories (individuals, sectionals, superbands)",Ticketed attendance at public events | Performing and entering competitions during the event | Joining online community mailing list and engaging via social media,1755970,1591204,,,,acnc-register:purpose.education | acnc-register:beneficiary.young_people | causebase:cause.culture_and_heritage | causebase:activity.events_and_public_programming | causebase:participation.public_events | causebase:geography.local_or_regional | causebase:organisation.local | causebase:beneficiary.general_community,phase2b-2026-08-14-rc4-fundraising-projection-correction
cb_ef6013bee4d04343be2d79a62503399d,unknown,abn:31681580987,STALLARD MEEK FLIGHTPATH FOUNDATION LTD,STALLARD MEEK FLIGHTPATH FOUNDATION LTD,registered,enriched,"[{""capability"": ""regulatory"", ""evidence_ids"": [""ev:acnc:31681580987""], ""freshness_note"": null, ""observed_at"": ""2026-08-10"", ""source_record_id"": null, ""status"": ""observed""}, {""capability"": ""annual_report"", ""evidence_ids"": [], ""freshness_note"": null, ""observed_at"": ""2026-08-10"", ""source_record_id"": null, ""status"": ""not_yet_processed""}, {""capability"": ""fundraising_expenditure"", ""evidence_ids"": [], ""freshness_note"": null, ""observed_at"": ""2026-08-10"", ""source_record_id"": null, ""status"": ""not_yet_processed""}, {""capability"": ""financials"", ""evidence_ids"": [], ""freshness_note"": null, ""observed_at"": ""2026-08-10"", ""source_record_id"": null, ""status"": ""not_found_in_source""}, {""capability"": ""latest_acnc_ais"", ""evidence_ids"": [], ""freshness_note"": ""No submitted AIS was returned by the public ACNC profile endpoint."", ""observed_at"": ""2026-08-13"", ""source_record_id"": ""src:acnc-public-profile:31681580987:0b3d14dc-8b2f-f011-8c4d-000d3ad259fb:cb_ef6013bee4d04343be2d79a62503399d"", ""status"": ""not_available_from_source""}, {""capability"": ""website"", ""evidence_ids"": [], ""freshness_note"": ""Public website locator acquired from the ACNC profile."", ""observed_at"": ""2026-08-13"", ""source_record_id"": null, ""status"": ""observed""}]",https://www.sm-f.com.au/foundation/,South Australia,"Stallard Meek Flightpath Foundation (SMFF) is a not-for-profit based in South Australia that raises funds and awareness for organisations, cultural groups and underrepresented communities with a focus on built environments and social infrastructure. SMFF provides opportunities for architectural and design professionals to undertake research projects, and offers collaboration, mentorships and sponsorships for people and organisations in the art, architecture and design sectors. Recent activities include sponsorship of the NAWIC International Women’s Day 2025 networking event and supporting a post‑event networking function, and an active curriculum partnership with Adelaide Botanic High School’s Year 11–12 Architectural Specialisation Programme, where SMFF delivers one to two lessons per term and participates in studio‑style pin‑up presentations.","Raising funds and awareness for organisations, cultural groups and underrepresented communities | Providing opportunities for architectural and design professionals to undertake research projects | Collaboration, mentorships and sponsorships for persons and organisations in the art, architecture and design sectors | Sponsoring industry events (NAWIC International Women’s Day 2025 networking event) | Curriculum participation with Adelaide Botanic High School (Year 11–12 Architectural Specialisation Programme)","Organisations | Cultural groups | Underrepresented communities | Year 11–12 architecture students at Adelaide Botanic High School | Persons and organisations in the art, architecture and design sectors",Sponsoring and supporting industry networking and public events | Classroom participation and teaching (1–2 lessons per term) | Participation in studio-style pin-up presentations and curriculum activities,,,,,,acnc-register:purpose.education | acnc-register:beneficiary.general_community | causebase:activity.direct_service | causebase:activity.events_and_public_programming | causebase:activity.advocacy | causebase:approach.community_partnership | causebase:participation.public_events | causebase:geography.local_or_regional | causebase:organisation.local | causebase:beneficiary.people_experiencing_disadvantage,phase2b-2026-08-14-rc4-fundraising-projection-correction
cb_34b9adafae054a8a94461072b6e66df1,unknown,abn:76000005210,Catholic Church Insurance Limited,Catholic Church Insurance Limited,registered,enriched,"[{""capability"": ""regulatory"", ""evidence_ids"": [""ev:acnc:76000005210""], ""freshness_note"": null, ""observed_at"": ""2026-08-10"", ""source_record_id"": null, ""status"": ""observed""}, {""capability"": ""annual_report"", ""evidence_ids"": [], ""freshness_note"": null, ""observed_at"": ""2026-08-10"", ""source_record_id"": null, ""status"": ""not_yet_processed""}, {""capability"": ""fundraising_expenditure"", ""evidence_ids"": [], ""freshness_note"": ""No direct or defensible derived fundraising expenditure was found in selected Phase 2A evidence."", ""observed_at"": ""2026-08-10"", ""source_record_id"": null, ""status"": ""not_available_from_source""}, {""capability"": ""financials"", ""evidence_ids"": [""ev:ais:76000005210:2023""], ""freshness_note"": null, ""observed_at"": ""2026-08-10"", ""source_record_id"": null, ""status"": ""observed""}, {""capability"": ""latest_acnc_ais"", ""evidence_ids"": [""ev:acnc:ais:76000005210:ad836831-c8db-f011-8544-7ced8d3448aa""], ""freshness_note"": ""Latest submitted AIS detail acquired from the public ACNC entity endpoint."", ""observed_at"": ""2025-12-18"", ""source_record_id"": ""src:acnc-ais-detail:76000005210:ad836831-c8db-f011-8544-7ced8d3448aa:cb_34b9adafae054a8a94461072b6e66df1"", ""status"": ""observed""}, {""capability"": ""website"", ""evidence_ids"": [], ""freshness_note"": ""Public website locator acquired from the ACNC profile."", ""observed_at"": ""2026-08-13"", ""source_record_id"": null, ""status"": ""observed""}]",www.ccinsurance.org.au,Victoria (registered location) | Australia,"Catholic Church Insurance Limited is a Victoria‑registered insurer operating in Australia. It provides customer‑facing insurance administration, including claims handling, issuing certificates of currency, accepting policy payments and online policy management via a customer portal. The organisation publishes information on financial hardship and maintains news and media statements, including a notice referencing subscription to the General Insurance Code of Practice and an update titled “orderly run‑off of CCI business” (May 2023). Regulatory filings include an Australian Information Statement for the 2022–23 year. Evidence for these activities and communications comes from the organisation’s website and regulator records cited below.","Customer-facing insurance administration (claims processing, certificates of currency, policy payments) | Online policy management via customer portal | Information provision on financial hardship | Publication of news and media statements",,,699284628,974618881,,,,acnc-register:purpose.religion | acnc-register:beneficiary.other_beneficiary | causebase:activity.direct_service | causebase:geography.australia | causebase:geography.local_or_regional | causebase:organisation.local,phase2b-2026-08-14-rc4-fundraising-projection-correction
cb_53f79b87751443269f666d09335d6e46,unknown,abn:21687391840,ASIA PACIFIC DIOCESE OF MALANKARA (INDIAN) ORTHODOX SYRIAN CHURCH LTD,ASIA PACIFIC DIOCESE OF MALANKARA (INDIAN) ORTHODOX SYRIAN CHURCH LTD,registered,enriched,"[{""capability"": ""regulatory"", ""evidence_ids"": [""ev:acnc:21687391840""], ""freshness_note"": null, ""observed_at"": ""2026-08-10"", ""source_record_id"": null, ""status"": ""observed""}, {""capability"": ""annual_report"", ""evidence_ids"": [], ""freshness_note"": null, ""observed_at"": ""2026-08-10"", ""source_record_id"": null, ""status"": ""not_yet_processed""}, {""capability"": ""fundraising_expenditure"", ""evidence_ids"": [], ""freshness_note"": null, ""observed_at"": ""2026-08-10"", ""source_record_id"": null, ""status"": ""not_yet_processed""}, {""capability"": ""financials"", ""evidence_ids"": [], ""freshness_note"": null, ""observed_at"": ""2026-08-10"", ""source_record_id"": null, ""status"": ""not_found_in_source""}, {""capability"": ""latest_acnc_ais"", ""evidence_ids"": [], ""freshness_note"": ""No submitted AIS was returned by the public ACNC profile endpoint."", ""observed_at"": ""2026-08-13"", ""source_record_id"": ""src:acnc-public-profile:21687391840:c165bbed-df54-f011-bec2-00224896ec3f:cb_53f79b87751443269f666d09335d6e46"", ""status"": ""not_available_from_source""}, {""capability"": ""website"", ""evidence_ids"": [], ""freshness_note"": ""Public website locator acquired from the ACNC profile."", ""observed_at"": ""2026-08-13"", ""source_record_id"": null, ""status"": ""observed""}]",https://www.apacd.org,"Headquartered in Canberra, Australian Capital Territory | Australia | Asia & Pacific region","Asia Pacific Diocese of Malankara (Indian) Orthodox Syrian Church Ltd is a diocesan body of the Malankara Orthodox Syrian Church headquartered in Canberra, Australian Capital Territory. The diocese has jurisdiction across the Asia & Pacific region, including Australia, New Zealand, Malaysia and Singapore, and was established effective 1 November 2024. It lists more than 2,000 members and 20+ parishes. Day‑to‑day work described on its site includes oversight of parishes and diocesan ministries, maintenance of priestly appointments and parish structures, and publication of news and a newsletter alongside organisational contact details and notices.",Oversees parishes and diocesan ministries | Maintains priestly appointments and parish structures | Publishes news and a newsletter and provides organisational contact details,Members of the diocese | Parishes affiliated with the diocese | Malankara Orthodox Syrian Church communities in the Asia & Pacific region,Membership of parishes | Newsletter subscription and updates,,,,,,acnc-register:purpose.education | acnc-register:beneficiary.people_with_disability | causebase:beneficiary.general_community | causebase:activity.events_and_public_programming | causebase:participation.public_events | causebase:geography.australia | causebase:geography.local_or_regional,phase2b-2026-08-14-rc4-fundraising-projection-correction
cb_1fed6ee914784e0b9602687b0e144c02,unknown,abn:54212670988,Martu Charitable Trust,Martu Charitable Trust,registered,enriched,"[{""capability"": ""regulatory"", ""evidence_ids"": [""ev:acnc:54212670988""], ""freshness_note"": null, ""observed_at"": ""2026-08-10"", ""source_record_id"": null, ""status"": ""observed""}, {""capability"": ""annual_report"", ""evidence_ids"": [], ""freshness_note"": null, ""observed_at"": ""2026-08-10"", ""source_record_id"": null, ""status"": ""not_yet_processed""}, {""capability"": ""website"", ""evidence_ids"": [], ""freshness_note"": null, ""observed_at"": ""2026-08-10"", ""source_record_id"": null, ""status"": ""not_available_from_source""}, {""capability"": ""fundraising_expenditure"", ""evidence_ids"": [], ""freshness_note"": ""No direct or defensible derived fundraising expenditure was found in selected Phase 2A evidence."", ""observed_at"": ""2026-08-10"", ""source_record_id"": null, ""status"": ""not_available_from_source""}, {""capability"": ""financials"", ""evidence_ids"": [""ev:ais:54212670988:2023""], ""freshness_note"": null, ""observed_at"": ""2026-08-10"", ""source_record_id"": null, ""status"": ""observed""}, {""capability"": ""latest_acnc_ais"", ""evidence_ids"": [""ev:acnc:ais:54212670988:d4b739a9-e2f1-f011-8407-6045bde67d52""], ""freshness_note"": ""Latest submitted AIS detail acquired from the public ACNC entity endpoint."", ""observed_at"": ""2026-01-15"", ""source_record_id"": ""src:acnc-ais-detail:54212670988:d4b739a9-e2f1-f011-8407-6045bde67d52:cb_1fed6ee914784e0b9602687b0e144c02"", ""status"": ""observed""}]",,Australia,"Martu Charitable Trust is a registered Australian charity listed on the ACNC register and has lodged an Annual Information Statement covering 01/07/2022 to 30/06/2023. The available ACNC register extract and 2023 AIS record do not describe the Trust’s operational activities, services or target beneficiary groups. CauseBase does not have sufficient descriptive evidence in this release to independently identify specific activities or beneficiaries for Martu Charitable Trust.",,,,4480557,4995071,,,,acnc-register:purpose.health | acnc-register:beneficiary.regional_remote,phase2b-2026-08-14-rc4-fundraising-projection-correction
cb_b77551387a114e6290750dd88fe9c83f,unknown,abn:16148061741,AUSTRALIAN COMMUNITY TRANSPORT ASSOCIATION LIMITED,AUSTRALIAN COMMUNITY TRANSPORT ASSOCIATION LIMITED,registered,enriched,"[{""capability"": ""regulatory"", ""evidence_ids"": [""ev:acnc:16148061741""], ""freshness_note"": null, ""observed_at"": ""2026-08-10"", ""source_record_id"": null, ""status"": ""observed""}, {""capability"": ""annual_report"", ""evidence_ids"": [], ""freshness_note"": null, ""observed_at"": ""2026-08-10"", ""source_record_id"": null, ""status"": ""not_yet_processed""}, {""capability"": ""fundraising_expenditure"", ""evidence_ids"": [], ""freshness_note"": null, ""observed_at"": ""2026-08-10"", ""source_record_id"": null, ""status"": ""not_yet_processed""}, {""capability"": ""financials"", ""evidence_ids"": [], ""freshness_note"": null, ""observed_at"": ""2026-08-10"", ""source_record_id"": null, ""status"": ""not_found_in_source""}, {""capability"": ""latest_acnc_ais"", ""evidence_ids"": [], ""freshness_note"": ""No submitted AIS was returned by the public ACNC profile endpoint."", ""observed_at"": ""2026-08-13"", ""source_record_id"": ""src:acnc-public-profile:16148061741:8d760508-63c3-f011-bbd3-7c1e528a65f7:cb_b77551387a114e6290750dd88fe9c83f"", ""status"": ""not_available_from_source""}, {""capability"": ""website"", ""evidence_ids"": [], ""freshness_note"": ""Public website locator acquired from the ACNC profile."", ""observed_at"": ""2026-08-13"", ""source_record_id"": null, ""status"": ""observed""}]",https://communitytransportaustralia.org.au/,"Australia (national; membership claimed across all states and territories) | Metropolitan, regional, rural and remote communities | South Australia (registered location on ACNC)","Australian Community Transport Association (ACTA) is the national peak body for community transport providers in Australia, with membership spanning all states and territories and services delivered in metropolitan, regional, rural and remote communities. ACTA represents community transport providers (including not‑for‑profits, local governments and regional providers) and undertakes advocacy and policy reform aimed at transport equity, provides sector leadership and support for service providers, runs national conferences and webinars, and coordinates the National Community Transport Pricing Model (NCTPM) pilot. ACTA’s stated beneficiaries include older Australians, people with disability, carers and others facing transport disadvantage who use community transport services.",Advocacy for transport equity | Policy reform and sector leadership | Support for community transport service providers | National conferences and webinars (public events) | Coordination of the National Community Transport Pricing Model (NCTPM) pilot,"Community transport providers (members, including not‑for‑profits, local governments, regional providers) | Older Australians | People with disability | Carers and people facing transport disadvantage","Membership by organisations, individuals and community groups | Public events: webinars and a national conference | Participation in pilot projects (e.g. NCTPM pilot)",,,,,,acnc-register:purpose.other_purpose | acnc-register:beneficiary.older_people | causebase:activity.advocacy | causebase:activity.events_and_public_programming | causebase:approach.community_partnership | causebase:participation.public_events | causebase:geography.australia | causebase:organisation.national | causebase:beneficiary.people_experiencing_disadvantage,phase2b-2026-08-14-rc4-fundraising-projection-correction
cb_b7a2daab69484e64ac4d220e953ea5f1,unknown,abn:67649417658,LANDSCAPE RECOVERY FOUNDATION LTD.,LANDSCAPE RECOVERY FOUNDATION LTD.,registered,enriched,"[{""capability"": ""regulatory"", ""evidence_ids"": [""ev:acnc:67649417658""], ""freshness_note"": null, ""observed_at"": ""2026-08-10"", ""source_record_id"": null, ""status"": ""observed""}, {""capability"": ""annual_report"", ""evidence_ids"": [], ""freshness_note"": null, ""observed_at"": ""2026-08-10"", ""source_record_id"": null, ""status"": ""not_yet_processed""}, {""capability"": ""fundraising_expenditure"", ""evidence_ids"": [], ""freshness_note"": ""No direct or defensible derived fundraising expenditure was found in selected Phase 2A evidence."", ""observed_at"": ""2026-08-10"", ""source_record_id"": null, ""status"": ""not_available_from_source""}, {""capability"": ""financials"", ""evidence_ids"": [""ev:ais:67649417658:2023""], ""freshness_note"": null, ""observed_at"": ""2026-08-10"", ""source_record_id"": null, ""status"": ""observed""}, {""capability"": ""latest_acnc_ais"", ""evidence_ids"": [""ev:acnc:ais:67649417658:6160a571-43f7-f011-8406-6045bde5be38""], ""freshness_note"": ""Latest submitted AIS detail acquired from the public ACNC entity endpoint."", ""observed_at"": ""2026-01-22"", ""source_record_id"": ""src:acnc-ais-detail:67649417658:6160a571-43f7-f011-8406-6045bde5be38:cb_b7a2daab69484e64ac4d220e953ea5f1"", ""status"": ""observed""}, {""capability"": ""website"", ""evidence_ids"": [], ""freshness_note"": ""Public website locator acquired from the ACNC profile."", ""observed_at"": ""2026-08-13"", ""source_record_id"": null, ""status"": ""observed""}]",https://landscaperecovery.com.au/,Tasmania (including Hobart/nipaluna and the east coast),"Landscape Recovery Foundation Ltd. is a Tasmania‑based conservation foundation active as of 2026 that aims to translate scientific research into on‑ground actions to address biodiversity loss and land and sea degradation in Tasmania (including nipaluna/Hobart and the east coast). Its work includes multidisciplinary field research on swift parrot nesting (field surveys, passive acoustic monitoring, sugar glider capture, health and diet analysis and forensic veterinary investigation), publication and dissemination of research (for example the report ‘Swift Parrots Beating the Odds’), delivery of named conservation projects (Swift Parrot Conservation; East Coast Catchments; Eucalypt Conservation; Saving Threatened Orchids), administration of the Melanie J. Kelly bursary, community clean‑up events and partnerships with land managers, NGOs, government, corporations and communities. A 2026 foundation report is cited for findings on swift parrot nesting success.","Multidisciplinary field research on swift parrot nesting (field surveys, passive acoustic monitoring, sugar glider capture, health and diet analysis, forensic veterinary investigation) | Publication and dissemination of research reports (e.g. ‘Swift Parrots Beating the Odds’) | Project delivery for named conservation initiatives (Swift Parrot Conservation; East Coast Catchments; Eucalypt Conservation; Saving Threatened Orchids) | Administering and awarding the Melanie J. Kelly bursary (grant awards and prize amounts listed) | Public events and media (podcast interviews; conference presentations) | Community clean-up events (The Great East Coast Clean Up) | Fundraising and accepting donations | Partnership development with land managers, NGOs, government, corporations and communities",Swift parrot (named species) | Threatened orchids (named project area) | Giant kelp and other marine ecosystems referenced in project descriptions | Land managers and community groups engaged in projects,Volunteering (community clean-up events) | Public events and media appearances (podcast interview; conference presentations) | Applying for and receiving bursaries/grants,333984,329695,,,,acnc-register:purpose.environment | acnc-register:beneficiary.animals | causebase:cause.environment | causebase:beneficiary.wildlife | causebase:activity.environmental_restoration | causebase:activity.events_and_public_programming | causebase:approach.community_partnership | causebase:approach.volunteer_enabled | causebase:participation.public_events | causebase:geography.local_or_regional,phase2b-2026-08-14-rc4-fundraising-projection-correction
cb_69f412200748462cb5d81f2393cf1a56,unknown,abn:58421528146,Boorhaman And District Landcare Group Inc,Boorhaman And District Landcare Group Inc,registered,enriched,"[{""capability"": ""regulatory"", ""evidence_ids"": [""ev:acnc:58421528146""], ""freshness_note"": null, ""observed_at"": ""2026-08-10"", ""source_record_id"": null, ""status"": ""observed""}, {""capability"": ""annual_report"", ""evidence_ids"": [], ""freshness_note"": null, ""observed_at"": ""2026-08-10"", ""source_record_id"": null, ""status"": ""not_yet_processed""}, {""capability"": ""website"", ""evidence_ids"": [], ""freshness_note"": null, ""observed_at"": ""2026-08-10"", ""source_record_id"": null, ""status"": ""not_available_from_source""}, {""capability"": ""fundraising_expenditure"", ""evidence_ids"": [], ""freshness_note"": null, ""observed_at"": ""2026-08-10"", ""source_record_id"": null, ""status"": ""not_yet_processed""}, {""capability"": ""financials"", ""evidence_ids"": [], ""freshness_note"": null, ""observed_at"": ""2026-08-10"", ""source_record_id"": null, ""status"": ""not_found_in_source""}, {""capability"": ""latest_acnc_ais"", ""evidence_ids"": [], ""freshness_note"": ""No submitted AIS was returned by the public ACNC profile endpoint."", ""observed_at"": ""2026-08-13"", ""source_record_id"": ""src:acnc-public-profile:58421528146:2bd9e0c9-1761-f011-bec2-002248971dfc:cb_69f412200748462cb5d81f2393cf1a56"", ""status"": ""not_available_from_source""}]",,Victoria (VIC),"Boorhaman And District Landcare Group Inc is an incorporated community landcare group based in Victoria, Australia. The supplied ACNC register extract records the organisation name and Victoria as its location but includes no website, program descriptions or other descriptive material in this release. CauseBase does not have sufficient descriptive evidence in this release to independently identify specific activities, projects, beneficiaries or participation modes for this organisation. Where present, local landcare groups typically undertake activities such as on-ground environmental work, education and volunteer coordination, but those activities are not documented in the supplied evidence and are not attributed to this organisation in this summary.",,,,,,,,,acnc-register:purpose.environment | acnc-register:beneficiary.young_people,phase2b-2026-08-14-rc4-fundraising-projection-correction
cb_caea0e5566cc45bc810552f5483594ef,unknown,abn:68180228511,THE TRUSTEE FOR THE L.&M. COWAN FOUNDATION,THE TRUSTEE FOR THE L.&M. COWAN FOUNDATION,registered,enriched,"[{""capability"": ""regulatory"", ""evidence_ids"": [""ev:acnc:68180228511""], ""freshness_note"": null, ""observed_at"": ""2026-08-10"", ""source_record_id"": null, ""status"": ""observed""}, {""capability"": ""annual_report"", ""evidence_ids"": [], ""freshness_note"": null, ""observed_at"": ""2026-08-10"", ""source_record_id"": null, ""status"": ""not_yet_processed""}, {""capability"": ""website"", ""evidence_ids"": [], ""freshness_note"": null, ""observed_at"": ""2026-08-10"", ""source_record_id"": null, ""status"": ""not_available_from_source""}, {""capability"": ""fundraising_expenditure"", ""evidence_ids"": [], ""freshness_note"": ""No direct or defensible derived fundraising expenditure was found in selected Phase 2A evidence."", ""observed_at"": ""2026-08-10"", ""source_record_id"": null, ""status"": ""not_available_from_source""}, {""capability"": ""financials"", ""evidence_ids"": [""ev:ais:68180228511:2023""], ""freshness_note"": null, ""observed_at"": ""2026-08-10"", ""source_record_id"": null, ""status"": ""observed""}, {""capability"": ""latest_acnc_ais"", ""evidence_ids"": [""ev:acnc:ais:68180228511:4c0d69ba-fb9c-f011-bbd2-6045bdc40aa5""], ""freshness_note"": ""Latest submitted AIS detail acquired from the public ACNC entity endpoint."", ""observed_at"": ""2025-09-29"", ""source_record_id"": ""src:acnc-ais-detail:68180228511:4c0d69ba-fb9c-f011-bbd2-6045bdc40aa5:cb_caea0e5566cc45bc810552f5483594ef"", ""status"": ""observed""}]",,,"THE TRUSTEE FOR THE L.&M. COWAN FOUNDATION is a legal entity registered with the Australian Charities and Not-for-profits Commission. It lodged an Annual Information Statement covering 1 July 2022 to 30 June 2023 and reported financial information for that year (see sources). CauseBase does not have sufficient descriptive evidence in this release to independently identify the organisation’s specific charitable activities, beneficiaries, operating locations beyond registration, or participation modes. No website or organisational self-description was available in the supplied evidence.",,,,312863,36429,,,,acnc-register:purpose.other_purpose | acnc-register:beneficiary.animals,phase2b-2026-08-14-rc4-fundraising-projection-correction
cb_d411ae86f50f46de86f7c2f68bc961b5,unknown,abn:40821754363,Arts Nexus Inc,Arts Nexus Inc,registered,enriched,"[{""capability"": ""regulatory"", ""evidence_ids"": [""ev:acnc:40821754363""], ""freshness_note"": null, ""observed_at"": ""2026-08-10"", ""source_record_id"": null, ""status"": ""observed""}, {""capability"": ""annual_report"", ""evidence_ids"": [], ""freshness_note"": null, ""observed_at"": ""2026-08-10"", ""source_record_id"": null, ""status"": ""not_yet_processed""}, {""capability"": ""fundraising_expenditure"", ""evidence_ids"": [], ""freshness_note"": ""No direct or defensible derived fundraising expenditure was found in selected Phase 2A evidence."", ""observed_at"": ""2026-08-10"", ""source_record_id"": null, ""status"": ""not_available_from_source""}, {""capability"": ""financials"", ""evidence_ids"": [""ev:ais:40821754363:2023""], ""freshness_note"": null, ""observed_at"": ""2026-08-10"", ""source_record_id"": null, ""status"": ""observed""}, {""capability"": ""latest_acnc_ais"", ""evidence_ids"": [""ev:acnc:ais:40821754363:d3fb6fa9-cf98-f011-b41c-002248115348""], ""freshness_note"": ""Latest submitted AIS detail acquired from the public ACNC entity endpoint."", ""observed_at"": ""2025-09-23"", ""source_record_id"": ""src:acnc-ais-detail:40821754363:d3fb6fa9-cf98-f011-b41c-002248115348:cb_d411ae86f50f46de86f7c2f68bc961b5"", ""status"": ""observed""}, {""capability"": ""website"", ""evidence_ids"": [], ""freshness_note"": ""Public website locator acquired from the ACNC profile."", ""observed_at"": ""2026-08-13"", ""source_record_id"": null, ""status"": ""observed""}]",www.artsnexus.com.au,"Far North Queensland (FNQ) | Atherton, Queensland | Australia","Arts Nexus Inc is a not‑for‑profit, community-based arts organisation operating in Far North Queensland and based in Atherton, Queensland. It was founded in 1995 and incorporated in May 1996 as an umbrella body for arts, cultural and creative industries in the FNQ region. The organisation describes work to strengthen operational capacity across the regional arts sector, to drive policy and regional strategic planning, and to support artists, cultural practitioners and creative industries with the business aspects of arts making. Arts Nexus also operates a digital recording studio at 40 Mabel Street, Atherton; the studio is open for bookings by appointment. The organisation states it connects creative industries, organisations, communities and stakeholders across artforms and cultures within the region.","Operational capacity building for Far North Queensland arts, cultural and creative industries | Policy and regional strategic planning work | Support for artists, cultural practitioners and creative industries with the business of arts making | Operation of a digital recording studio at 40 Mabel Street, Atherton; studio bookings by appointment | Connecting creative industries, organisations, communities and stakeholders across artforms and cultures",Artists | Cultural practitioners | Creative industries in Far North Queensland | Member organisations and communities across the Far North Queensland region,"Studio bookings by appointment | Contact via email (admin@artsnexus.com.au) and phone (0412 570 701) for visits and bookings | Membership across the FNQ region | Engagement via social media accounts (TikTok, Instagram, Facebook group and studio page)",195946,188060,,,,acnc-register:purpose.culture | acnc-register:beneficiary.regional_remote | causebase:cause.community_wellbeing | causebase:activity.direct_service | causebase:activity.advocacy | causebase:approach.community_partnership | causebase:geography.local_or_regional | causebase:geography.australia | causebase:organisation.local,phase2b-2026-08-14-rc4-fundraising-projection-correction
cb_59546495c16f451b8b3792ae18771762,unknown,abn:54811702709,Katherine Isolated Children's Service Inc,Katherine Isolated Children's Service Inc,registered,enriched,"[{""capability"": ""regulatory"", ""evidence_ids"": [""ev:acnc:54811702709""], ""freshness_note"": null, ""observed_at"": ""2026-08-10"", ""source_record_id"": null, ""status"": ""observed""}, {""capability"": ""annual_report"", ""evidence_ids"": [], ""freshness_note"": null, ""observed_at"": ""2026-08-10"", ""source_record_id"": null, ""status"": ""not_yet_processed""}, {""capability"": ""fundraising_expenditure"", ""evidence_ids"": [], ""freshness_note"": ""No direct or defensible derived fundraising expenditure was found in selected Phase 2A evidence."", ""observed_at"": ""2026-08-10"", ""source_record_id"": null, ""status"": ""not_available_from_source""}, {""capability"": ""financials"", ""evidence_ids"": [""ev:ais:54811702709:2023""], ""freshness_note"": null, ""observed_at"": ""2026-08-10"", ""source_record_id"": null, ""status"": ""observed""}, {""capability"": ""latest_acnc_ais"", ""evidence_ids"": [""ev:acnc:ais:54811702709:16d4a412-b200-f111-8406-0022489549a2""], ""freshness_note"": ""Latest submitted AIS detail acquired from the public ACNC entity endpoint."", ""observed_at"": ""2026-02-03"", ""source_record_id"": ""src:acnc-ais-detail:54811702709:16d4a412-b200-f111-8406-0022489549a2:cb_59546495c16f451b8b3792ae18771762"", ""status"": ""observed""}, {""capability"": ""website"", ""evidence_ids"": [], ""freshness_note"": ""Public website locator acquired from the ACNC profile."", ""observed_at"": ""2026-08-13"", ""source_record_id"": null, ""status"": ""observed""}]",www.kics.org.au,"Northern Territory (NT) | Organisation-reported service area of 760,000 square kilometres","Katherine Isolated Children's Service Inc (KICS) is a Northern Territory organisation that delivers playgroups for children who are socially or geographically isolated across a reported service area of about 760,000 square kilometres. Each KICS Field Team is composed of a playgroup leader, a trained or experienced early childhood educator and a playgroup support worker; teams travel to communities to run playgroups. KICS also maintains an office that handles orders and enquiries and sells EcoViva mats as a fundraising activity; mats are available for pickup at the office or can be delivered by Field Teams. The organisation reports funding from the National Indigenous Australians Agency and from private donations.",Delivering playgroups via Field Teams that travel to communities | Selling EcoViva mats as a fundraising activity | Maintaining an office that handles orders and enquiries,Children who are socially or geographically isolated,Attending KICS playgroups delivered by Field Teams | Purchasing EcoViva mats or donating via the organisation’s fundraising appeals | Contacting the KICS office to order mats or enquire,497711,382369,,,,acnc-register:purpose.education | acnc-register:beneficiary.children | causebase:activity.direct_service | causebase:activity.events_and_public_programming | causebase:beneficiary.people_experiencing_disadvantage | causebase:geography.local_or_regional | causebase:geography.australia | causebase:organisation.local,phase2b-2026-08-14-rc4-fundraising-projection-correction
cb_df0f3eeee8874d31998efb3005f8676d,unknown,abn:19135897255,Aeiou Foundation,Aeiou Foundation,registered,enriched,"[{""capability"": ""regulatory"", ""evidence_ids"": [""ev:acnc:19135897255""], ""freshness_note"": null, ""observed_at"": ""2026-08-10"", ""source_record_id"": null, ""status"": ""observed""}, {""capability"": ""annual_report"", ""evidence_ids"": [], ""freshness_note"": null, ""observed_at"": ""2026-08-10"", ""source_record_id"": null, ""status"": ""not_yet_processed""}, {""capability"": ""fundraising_expenditure"", ""evidence_ids"": [], ""freshness_note"": ""No direct or defensible derived fundraising expenditure was found in selected Phase 2A evidence."", ""observed_at"": ""2026-08-10"", ""source_record_id"": null, ""status"": ""not_available_from_source""}, {""capability"": ""financials"", ""evidence_ids"": [""ev:ais:19135897255:2023""], ""freshness_note"": null, ""observed_at"": ""2026-08-10"", ""source_record_id"": null, ""status"": ""observed""}, {""capability"": ""latest_acnc_ais"", ""evidence_ids"": [""ev:acnc:ais:19135897255:bf9ed811-d8c4-f011-bbd3-7ced8da2a128""], ""freshness_note"": ""Latest submitted AIS detail acquired from the public ACNC entity endpoint."", ""observed_at"": ""2025-11-18"", ""source_record_id"": ""src:acnc-ais-detail:19135897255:bf9ed811-d8c4-f011-bbd3-7ced8da2a128:cb_df0f3eeee8874d31998efb3005f8676d"", ""status"": ""observed""}, {""capability"": ""website"", ""evidence_ids"": [], ""freshness_note"": ""Public website locator acquired from the ACNC profile."", ""observed_at"": ""2026-08-13"", ""source_record_id"": null, ""status"": ""observed""}]",https://aeiou.org.au/,"Queensland | Level 1, 15 Astor Terrace, Spring Hill, Brisbane QLD 4000","AEIOU Foundation is an Australian charity that provided early intervention services for children aged 2–6 with an autism diagnosis. As shown on its website and in its 2023 regulatory filing, AEIOU describes itself as neurodiversity‑affirming and says it uses a combination of person‑first and identity‑first language based on feedback from a 2023 parent community study. The organisation lists a Brisbane office (Level 1, 15 Astor Terrace, Spring Hill, QLD), phone and email contact channels, weekday office hours, and secure online family payment functionality. AEIOU states it is developing a Reconciliation Action Plan. The organisation’s website also includes a notice issued by the liquidators referring to “AEIOU FOUNDATION (In Liquidation).”",Provision of early intervention services for children aged 2–6 with an autism diagnosis | Use of neurodiversity-affirming and mixed person‑first/identity‑first language informed by a 2023 parent community study | Online family payments and contact functions | Development of a Reconciliation Action Plan,Children aged 2–6 with an autism diagnosis | Parents and families of those children,Families contact the organisation by phone or email | Families use online payments,27919703,27756092,,,,acnc-register:purpose.other_purpose | acnc-register:beneficiary.other_beneficiary | causebase:activity.direct_service | causebase:geography.local_or_regional | causebase:organisation.local,phase2b-2026-08-14-rc4-fundraising-projection-correction
cb_25f9e189a09a47e0aea65cf98437dc31,unknown,abn:12086262816,Mighty Livingwaters - Life Fellowship,Mighty Livingwaters - Life Fellowship,registered,enriched,"[{""capability"": ""regulatory"", ""evidence_ids"": [""ev:acnc:12086262816""], ""freshness_note"": null, ""observed_at"": ""2026-08-10"", ""source_record_id"": null, ""status"": ""observed""}, {""capability"": ""annual_report"", ""evidence_ids"": [], ""freshness_note"": null, ""observed_at"": ""2026-08-10"", ""source_record_id"": null, ""status"": ""not_yet_processed""}, {""capability"": ""fundraising_expenditure"", ""evidence_ids"": [], ""freshness_note"": ""No direct or defensible derived fundraising expenditure was found in selected Phase 2A evidence."", ""observed_at"": ""2026-08-10"", ""source_record_id"": null, ""status"": ""not_available_from_source""}, {""capability"": ""financials"", ""evidence_ids"": [""ev:ais:12086262816:2023""], ""freshness_note"": null, ""observed_at"": ""2026-08-10"", ""source_record_id"": null, ""status"": ""observed""}, {""capability"": ""latest_acnc_ais"", ""evidence_ids"": [""ev:acnc:ais:12086262816:072cab13-8fa1-f011-bbd2-7c1e528a8d67""], ""freshness_note"": ""Latest submitted AIS detail acquired from the public ACNC entity endpoint."", ""observed_at"": ""2025-10-05"", ""source_record_id"": ""src:acnc-ais-detail:12086262816:072cab13-8fa1-f011-bbd2-7c1e528a8d67:cb_25f9e189a09a47e0aea65cf98437dc31"", ""status"": ""observed""}, {""capability"": ""website"", ""evidence_ids"": [], ""freshness_note"": ""Public website locator acquired from the ACNC profile."", ""observed_at"": ""2026-08-13"", ""source_record_id"": null, ""status"": ""observed""}]",www.goodsuccess.church,"Jandakot, Western Australia | Western Australia (WA) | Australia","Mighty Livingwaters - Life Fellowship, trading as Good Success Church, is a Christian church based in Jandakot, Western Australia. It holds weekly public worship services on Sundays at 10:00am and 6:30pm at its Jandakot location and offers a livestream of services. The church runs age‑based ministries and fellowships including Men’s Ministry, Daughters of the King, Impact (18+), Step In (13–17), Children’s Church, Home Altar and Connect Groups, and publishes a fortnightly podcast. Services involve praise, worship and teaching, and the congregation meets for social interaction such as morning tea. Evidence indicates these activities are delivered in person in Jandakot and online via livestream and podcast.","Weekly public worship services (Sundays, 10:00am and 6:30pm, Jandakot) | Livestreamed services | Men’s Ministry | Daughters of the King ministry | Impact (adult ministry, 18+ years) | Step In (youth ministry, 13–17 years) | Home Altar | Connect Groups | Children’s Church | Fortnightly podcast episodes","Church attendees | Children (Children’s Church) | Teenagers (Step In, 13–17 years) | Adults (Impact, 18+ years) | Families | People of all ages, cultures and backgrounds",Public worship services | Livestream attendance | Attending ministries and connect groups | Listening to podcast episodes,1098206,833466,,,,acnc-register:purpose.religion | acnc-register:beneficiary.other_beneficiary | causebase:cause.community_wellbeing | causebase:activity.events_and_public_programming | causebase:activity.direct_service | causebase:participation.public_events | causebase:geography.australia | causebase:geography.local_or_regional | causebase:organisation.local | causebase:beneficiary.general_community,phase2b-2026-08-14-rc4-fundraising-projection-correction
cb_68c0f20b575e43739e1b01ccd1e5be40,unknown,abn:58675000129,SAFE LIVING AUSTRALIA LTD,SAFE LIVING AUSTRALIA LTD,registered,enriched,"[{""capability"": ""regulatory"", ""evidence_ids"": [""ev:acnc:58675000129""], ""freshness_note"": null, ""observed_at"": ""2026-08-10"", ""source_record_id"": null, ""status"": ""observed""}, {""capability"": ""annual_report"", ""evidence_ids"": [], ""freshness_note"": null, ""observed_at"": ""2026-08-10"", ""source_record_id"": null, ""status"": ""not_yet_processed""}, {""capability"": ""fundraising_expenditure"", ""evidence_ids"": [], ""freshness_note"": null, ""observed_at"": ""2026-08-10"", ""source_record_id"": null, ""status"": ""not_yet_processed""}, {""capability"": ""financials"", ""evidence_ids"": [], ""freshness_note"": null, ""observed_at"": ""2026-08-10"", ""source_record_id"": null, ""status"": ""not_found_in_source""}, {""capability"": ""latest_acnc_ais"", ""evidence_ids"": [""ev:acnc:ais:58675000129:dfda3ea0-bdf5-f011-8406-00224812a1a7""], ""freshness_note"": ""Latest submitted AIS detail acquired from the public ACNC entity endpoint."", ""observed_at"": ""2026-01-20"", ""source_record_id"": ""src:acnc-ais-detail:58675000129:dfda3ea0-bdf5-f011-8406-00224812a1a7:cb_68c0f20b575e43739e1b01ccd1e5be40"", ""status"": ""observed""}, {""capability"": ""website"", ""evidence_ids"": [], ""freshness_note"": ""Public website locator acquired from the ACNC profile."", ""observed_at"": ""2026-08-13"", ""source_record_id"": null, ""status"": ""observed""}]",https://www.safelivingaustralia.org,"Perth metropolitan area, Western Australia","Safe Living Australia Ltd is a Public Benevolent Institution based in the Perth metropolitan area that provides housing and residential care for people who need safe accommodation. It operates a portfolio of properties across the Perth metro area and places occupants by referral, working with government departments, agencies, support coordinators, case managers and community programs. Its services include short- and long-term housing, urgent housing placements, trauma‑informed residential care for children and young people, and housing options for young people transitioning from care. Volunteers take part in prioritising housing placements and the organisation invites client feedback and partnership input; individual placements are reviewed after around six months.",short- and long-term housing provision | trauma-informed residential care for children and young people | housing for young people transitioning from care | urgent housing placements | referral-based placement process,children and young people | families and individuals of all ages | people leaving violent or dangerous environments | people experiencing poverty | people with disability,referral required for placement | volunteer involvement in housing prioritisation | client feedback and partnership invitations,,,,,,acnc-register:purpose.social_welfare | acnc-register:beneficiary.people_with_disability | causebase:activity.direct_service | causebase:approach.community_partnership | causebase:approach.volunteer_enabled | causebase:participation.volunteering | causebase:beneficiary.people_experiencing_disadvantage | causebase:geography.local_or_regional | causebase:organisation.local,phase2b-2026-08-14-rc4-fundraising-projection-correction
cb_7e322821acc34c8b920c772f5b4e4c5c,unknown,abn:49079016738,Adelaide Symphony Orchestra Pty Ltd,Adelaide Symphony Orchestra Pty Ltd,registered,enriched,"[{""capability"": ""regulatory"", ""evidence_ids"": [""ev:acnc:49079016738""], ""freshness_note"": null, ""observed_at"": ""2026-08-10"", ""source_record_id"": null, ""status"": ""observed""}, {""capability"": ""annual_report"", ""evidence_ids"": [""ev:report:49079016738:5848f21901bd"", ""ev:report:49079016738:ac09d642f254""], ""freshness_note"": null, ""observed_at"": ""2026-08-10"", ""source_record_id"": null, ""status"": ""observed""}, {""capability"": ""latest_acnc_ais"", ""evidence_ids"": [""ev:acnc:ais:49079016738:c96ba0c3-44c8-e811-a964-000d3ad24077""], ""freshness_note"": ""Latest submitted AIS detail acquired from the public ACNC entity endpoint."", ""observed_at"": ""2015-07-01"", ""source_record_id"": ""src:acnc-ais-detail:49079016738:c96ba0c3-44c8-e811-a964-000d3ad24077:cb_7e322821acc34c8b920c772f5b4e4c5c"", ""status"": ""observed""}, {""capability"": ""website"", ""evidence_ids"": [], ""freshness_note"": ""Public website locator acquired from the ACNC profile."", ""observed_at"": ""2026-08-13"", ""source_record_id"": null, ""status"": ""observed""}, {""capability"": ""financials"", ""evidence_ids"": [""ev:report:49079016738:ac09d642f2546982""], ""freshness_note"": ""Financial report processed through the generic report extractor."", ""observed_at"": ""2026-08-13"", ""source_record_id"": ""src:report-extract:49079016738:ac09d642f2546982:cb_7e322821acc34c8b920c772f5b4e4c5c"", ""status"": ""observed""}, {""capability"": ""fundraising_expenditure"", ""evidence_ids"": [""ev:report:49079016738:ac09d642f2546982""], ""freshness_note"": ""Relevant report pages were processed; no direct fundraising-expenditure amount was recovered."", ""observed_at"": ""2026-08-13"", ""source_record_id"": ""src:report-extract:49079016738:ac09d642f2546982:cb_7e322821acc34c8b920c772f5b4e4c5c"", ""status"": ""not_available_from_source""}]",https://www.aso.com.au,South Australia (Adelaide and regional towns including Peterborough and Clare),"Adelaide Symphony Orchestra Pty Ltd is a professional symphony orchestra based in Adelaide, South Australia. It presents a season of concerts at venues including Adelaide Town Hall, Elder Hall and the Festival Theatre, and undertakes regional touring and community concerts in South Australian towns such as Peterborough and Clare. The ASO runs learning and schools programmes and community projects (for example Floods of Fire), collaborates with festivals and other companies, and produces digital and broadcast programming including an online concert platform and mini‑recitals. Public participation opportunities include ticketed concerts, community workshops and participatory projects, and online attendance; the organisation also references volunteers and other supporter involvement.","Symphony and concert series at Adelaide Town Hall, Elder Hall and Festival Theatre | Regional touring and community concerts in South Australia (Peterborough, Clare, mid‑north) | Learning and schools programmes including commissioned school works and incursions | Community projects and participatory work (Floods of Fire) | Collaborations with festivals and companies (Adelaide Festival, WOMADelaide, State Opera, The Australian Ballet) | Digital and broadcast programming (Virtual Concert Hall, online mini‑recitals, Silos & Symphonies)","Audiences in metropolitan Adelaide | Audiences in regional South Australian towns (Peterborough, Clare) | School students reached through incursions and learning projects | Community groups taking part in participatory projects and community centre concerts",Public concerts and festival performances | Community workshops and participatory projects | Digital attendance via online broadcasts and learning resources | Volunteering and supporter involvement (volunteers and donors referenced),,,,,,acnc-register:purpose.culture | acnc-register:beneficiary.children | causebase:cause.culture_and_heritage | causebase:activity.events_and_public_programming | causebase:approach.community_partnership | causebase:approach.volunteer_enabled | causebase:participation.public_events | causebase:participation.volunteering | causebase:geography.local_or_regional,phase2b-2026-08-14-rc4-fundraising-projection-correction
cb_ef8cfa1cd3c940db8a4710197388e578,unknown,abn:41461770404,Aged Care Deloraine Inc,Aged Care Deloraine Inc,registered,enriched,"[{""capability"": ""regulatory"", ""evidence_ids"": [""ev:acnc:41461770404""], ""freshness_note"": null, ""observed_at"": ""2026-08-10"", ""source_record_id"": null, ""status"": ""observed""}, {""capability"": ""annual_report"", ""evidence_ids"": [], ""freshness_note"": null, ""observed_at"": ""2026-08-10"", ""source_record_id"": null, ""status"": ""not_yet_processed""}, {""capability"": ""fundraising_expenditure"", ""evidence_ids"": [], ""freshness_note"": ""No direct or defensible derived fundraising expenditure was found in selected Phase 2A evidence."", ""observed_at"": ""2026-08-10"", ""source_record_id"": null, ""status"": ""not_available_from_source""}, {""capability"": ""financials"", ""evidence_ids"": [""ev:ais:41461770404:2023""], ""freshness_note"": null, ""observed_at"": ""2026-08-10"", ""source_record_id"": null, ""status"": ""observed""}, {""capability"": ""latest_acnc_ais"", ""evidence_ids"": [""ev:acnc:ais:41461770404:f1f1e5b6-8588-f011-b4cc-000d3a6aeb52""], ""freshness_note"": ""Latest submitted AIS detail acquired from the public ACNC entity endpoint."", ""observed_at"": ""2025-09-03"", ""source_record_id"": ""src:acnc-ais-detail:41461770404:f1f1e5b6-8588-f011-b4cc-000d3a6aeb52:cb_ef8cfa1cd3c940db8a4710197388e578"", ""status"": ""observed""}, {""capability"": ""website"", ""evidence_ids"": [], ""freshness_note"": ""Public website locator acquired from the ACNC profile."", ""observed_at"": ""2026-08-13"", ""source_record_id"": null, ""status"": ""observed""}]",www.agedcaredeloraine.org.au,"Deloraine, Tasmania | Tasmania, Australia","Aged Care Deloraine Inc is a not‑for‑profit provider of aged care services in Deloraine, Tasmania (information current in evidence observed in 2026). It operates two residential care facilities — Kanangra (48 beds) and Grenoch (47 beds) — alongside independent living units for people wishing to downscale. Services described include occasional respite care, specialised high‑care services including dementia care, and admissions processes with individualised clinical care planning supported by an Admissions Officer and Clinical Care Coordinator. The organisation reports community links in Deloraine, hosts work placements for local students, and offers site tours and admissions consultations for prospective residents and families.",Residential aged care at Kanangra (48 beds) | Residential aged care at Grenoch (47 beds) | Independent living units for people wishing to downscale | Occasional respite care | Specialised high‑care services including dementia care | Admissions and individualised clinical care planning,Residents of Kanangra and Grenoch residential care facilities | People seeking independent living units in Deloraine | Local students placed for work experience,Work placements for local students | Site tours for prospective residents and families | Admissions consultations with residents and families,11305033,11752556,,,,acnc-register:purpose.health | acnc-register:beneficiary.older_people | causebase:activity.direct_service | causebase:activity.employment_support | causebase:approach.community_partnership | causebase:geography.australia | causebase:geography.local_or_regional | causebase:organisation.local | causebase:beneficiary.general_community,phase2b-2026-08-14-rc4-fundraising-projection-correction
cb_14e77d7e8f9c4fabb1c1011aacdacc99,unknown,abn:58665094077,Avon Youth Community And Family Services,Avon Youth Community And Family Services,registered,enriched,"[{""capability"": ""regulatory"", ""evidence_ids"": [""ev:acnc:58665094077""], ""freshness_note"": null, ""observed_at"": ""2026-08-10"", ""source_record_id"": null, ""status"": ""observed""}, {""capability"": ""annual_report"", ""evidence_ids"": [], ""freshness_note"": null, ""observed_at"": ""2026-08-10"", ""source_record_id"": null, ""status"": ""not_yet_processed""}, {""capability"": ""fundraising_expenditure"", ""evidence_ids"": [], ""freshness_note"": ""No direct or defensible derived fundraising expenditure was found in selected Phase 2A evidence."", ""observed_at"": ""2026-08-10"", ""source_record_id"": null, ""status"": ""not_available_from_source""}, {""capability"": ""financials"", ""evidence_ids"": [""ev:ais:58665094077:2023""], ""freshness_note"": null, ""observed_at"": ""2026-08-10"", ""source_record_id"": null, ""status"": ""observed""}, {""capability"": ""latest_acnc_ais"", ""evidence_ids"": [""ev:acnc:ais:58665094077:3fcdf847-fbe5-f011-8544-6045bde73a73""], ""freshness_note"": ""Latest submitted AIS detail acquired from the public ACNC entity endpoint."", ""observed_at"": ""2025-12-31"", ""source_record_id"": ""src:acnc-ais-detail:58665094077:3fcdf847-fbe5-f011-8544-6045bde73a73:cb_14e77d7e8f9c4fabb1c1011aacdacc99"", ""status"": ""observed""}, {""capability"": ""website"", ""evidence_ids"": [], ""freshness_note"": ""Public website locator acquired from the ACNC profile."", ""observed_at"": ""2026-08-13"", ""source_record_id"": null, ""status"": ""observed""}]",http://www.avoncs.org.au,"Wheatbelt, Western Australia | Northam, Western Australia | Moora, Western Australia | Merredin, Western Australia | Narrogin, Western Australia","Avon Community Services (legal name Avon Youth Community And Family Services) is a not-for-profit organisation that provides housing assistance and youth services in the Wheatbelt region of Western Australia. As of August 2026 it operates local service centres and youth centres in Northam, Moora, Merredin and Narrogin. The organisation offers drop-in access at its centres and accepts phone enquiries; its stated service areas include housing support and operation of youth centres across the listed towns. The organisation’s public materials identify these town locations and the two primary service types but do not provide more detailed program descriptions in the supplied evidence.",Housing services (housing assistance) | Youth services (operation of Youth Centres) | Operation of local service centres in Wheatbelt towns,Young people (youth) | People seeking housing assistance,Drop-in visits to local centres | Phone enquiries,1479627,1351056,,,,acnc-register:purpose.social_welfare | acnc-register:beneficiary.young_people | causebase:activity.direct_service | causebase:geography.australia | causebase:geography.local_or_regional | causebase:organisation.local,phase2b-2026-08-14-rc4-fundraising-projection-correction
