causebase_id,subject_kind,external_identifiers,legal_name,display_name,entity_status,enrichment_level,coverage,website,geography,causebase_summary,activities,beneficiaries,participation_modes,revenue,total_expenses,fundraising_expenditure,fundraising_method,fundraising_confidence,classification_terms,dataset_version
cb_9189b95844484dc0afb6cd57cd6e1507,unknown,abn:15602302867,Access Church Limited,Access Church Limited,registered,enriched,"[{""capability"": ""regulatory"", ""evidence_ids"": [""ev:acnc:15602302867""], ""freshness_note"": null, ""observed_at"": ""2026-08-10"", ""source_record_id"": null, ""status"": ""observed""}, {""capability"": ""annual_report"", ""evidence_ids"": [], ""freshness_note"": null, ""observed_at"": ""2026-08-10"", ""source_record_id"": null, ""status"": ""not_yet_processed""}, {""capability"": ""website"", ""evidence_ids"": [], ""freshness_note"": null, ""observed_at"": ""2026-08-10"", ""source_record_id"": null, ""status"": ""not_available_from_source""}, {""capability"": ""fundraising_expenditure"", ""evidence_ids"": [], ""freshness_note"": ""No direct or defensible derived fundraising expenditure was found in selected Phase 2A evidence."", ""observed_at"": ""2026-08-10"", ""source_record_id"": null, ""status"": ""not_available_from_source""}, {""capability"": ""financials"", ""evidence_ids"": [""ev:ais:15602302867:2023""], ""freshness_note"": null, ""observed_at"": ""2026-08-10"", ""source_record_id"": null, ""status"": ""observed""}]",,,"Access Church Limited is recorded on the Australian Charities and Not-for-profits Commission (ACNC) register. The supplied extracts are an ACNC register entry and the organisation’s 2023 Annual Information Statement (AIS) covering 1 July 2022 to 30 June 2023. In that AIS the organisation reported total revenue of AUD 0 and total expenses of AUD 0. The provided evidence does not include a website, a public description of activities, listed beneficiaries, geographic coverage, or any participation or program details. The AIS is identified as reporting on the subject organisation, but no operational details (services, staff, volunteers, projects or locations) are present in the supplied records.",,,,0,0,,,,acnc-register:purpose.religion | acnc-register:beneficiary.regional_remote,phase2b-2026-08-12-rc1
cb_1e178c334fd34e86a145aec2e6f2d33e,unknown,abn:17855693573,Australia Chung Tai Buddhist Foundation Inc,Australia Chung Tai Buddhist Foundation Inc,registered,enriched,"[{""capability"": ""regulatory"", ""evidence_ids"": [""ev:acnc:17855693573""], ""freshness_note"": null, ""observed_at"": ""2026-08-10"", ""source_record_id"": null, ""status"": ""observed""}, {""capability"": ""annual_report"", ""evidence_ids"": [], ""freshness_note"": null, ""observed_at"": ""2026-08-10"", ""source_record_id"": null, ""status"": ""not_yet_processed""}, {""capability"": ""website"", ""evidence_ids"": [], ""freshness_note"": null, ""observed_at"": ""2026-08-10"", ""source_record_id"": null, ""status"": ""retrieval_failed""}, {""capability"": ""fundraising_expenditure"", ""evidence_ids"": [], ""freshness_note"": ""No direct or defensible derived fundraising expenditure was found in selected Phase 2A evidence."", ""observed_at"": ""2026-08-10"", ""source_record_id"": null, ""status"": ""not_available_from_source""}, {""capability"": ""financials"", ""evidence_ids"": [""ev:ais:17855693573:2023""], ""freshness_note"": null, ""observed_at"": ""2026-08-10"", ""source_record_id"": null, ""status"": ""observed""}]",https://chungtai.org.au/en/,"Victoria (VIC), Australia","Australia Chung Tai Buddhist Foundation Inc is recorded on the ACNC register with a structured geography of VIC. The available regulatory evidence for 01/07/2022 to 30/06/2023 is an ACNC Annual Information Statement entry reporting revenue of AUD 207,407 and total expenses of AUD 201,787. CauseBase has an ACNC register extract and the AIS 2023 extract as the sources for this record. No organisational self-description or website content was retrieved in this release and the supplied evidence does not describe specific programs, services or beneficiary groups. CauseBase does not have sufficient descriptive evidence in this release to independently identify specific activities or beneficiaries.",,,,207407,201787,,,,acnc-register:purpose.religion | acnc-register:beneficiary.children,phase2b-2026-08-12-rc1
cb_999209b0ed6d4b708b34bc58beee22e8,unknown,abn:32942723464,Aboriginal Legal Rights Movement,Aboriginal Legal Rights Movement,registered,enriched,"[{""capability"": ""regulatory"", ""evidence_ids"": [""ev:acnc:32942723464""], ""freshness_note"": null, ""observed_at"": ""2026-08-10"", ""source_record_id"": null, ""status"": ""observed""}, {""capability"": ""annual_report"", ""evidence_ids"": [], ""freshness_note"": null, ""observed_at"": ""2026-08-10"", ""source_record_id"": null, ""status"": ""not_yet_processed""}, {""capability"": ""website"", ""evidence_ids"": [""ev:web:32942723464:2026-08-10""], ""freshness_note"": null, ""observed_at"": ""2026-08-10"", ""source_record_id"": null, ""status"": ""observed""}, {""capability"": ""fundraising_expenditure"", ""evidence_ids"": [], ""freshness_note"": ""No direct or defensible derived fundraising expenditure was found in selected Phase 2A evidence."", ""observed_at"": ""2026-08-10"", ""source_record_id"": null, ""status"": ""not_available_from_source""}, {""capability"": ""financials"", ""evidence_ids"": [""ev:ais:32942723464:2023""], ""freshness_note"": null, ""observed_at"": ""2026-08-10"", ""source_record_id"": null, ""status"": ""observed""}]",www.alrm.org.au,South Australia | Adelaide (Kaurna traditional lands),"According to its website, the Aboriginal Legal Rights Movement (ALRM) is an Aboriginal community-controlled legal service based in South Australia, with a main office in Adelaide on Kaurna land. The website describes a focus on “social justice, equality and wellbeing for the Aboriginal people of South Australia, especially for those Aboriginal people who are detained in police custody or imprisoned.” Services and programs listed include a Custody Notification Service and criminal court services and programs for Aboriginal people across South Australia. The site also advertises membership, a process for confirmation of Aboriginality, volunteering opportunities, and current calls for Aboriginal community board members. ALRM publishes media releases and participates in public programming (for example a Law Week panel). The website includes a fundraising page stating donations are tax deductible. The ACNC Annual Information Statement for 2022–23 reports revenue of AUD 11,422,993 and total expenses of AUD 10,655,077 for the period 1 July 2022 to 30 June 2023.",Custody Notification Service | Criminal court services and programs for Aboriginal people in South Australia | Membership services | Confirmation of Aboriginality service | Volunteering opportunities | Public programming and panels | Media releases and advocacy statements | Fundraising (tax-deductible donations),"Aboriginal people of South Australia, especially those detained in police custody or imprisoned",Volunteering with ALRM | Applications for Aboriginal community Board members | Making tax-deductible donations | Attendance at public events (e.g. Law Week panel),11422993,10655077,,,,acnc-register:purpose.other_purpose | acnc-register:beneficiary.young_people | causebase:activity.direct_service | causebase:activity.advocacy | causebase:approach.volunteer_enabled | causebase:participation.volunteering | causebase:participation.public_events | causebase:beneficiary.people_experiencing_disadvantage | causebase:geography.local_or_regional | causebase:organisation.local,phase2b-2026-08-12-rc1
cb_3ce4cec8b83e4d64998c0ddf3382d8e3,unknown,abn:31520352647,AIM Charitable Trust,AIM Charitable Trust,registered,enriched,"[{""capability"": ""regulatory"", ""evidence_ids"": [""ev:acnc:31520352647""], ""freshness_note"": null, ""observed_at"": ""2026-08-10"", ""source_record_id"": null, ""status"": ""observed""}, {""capability"": ""annual_report"", ""evidence_ids"": [], ""freshness_note"": null, ""observed_at"": ""2026-08-10"", ""source_record_id"": null, ""status"": ""not_yet_processed""}, {""capability"": ""website"", ""evidence_ids"": [], ""freshness_note"": null, ""observed_at"": ""2026-08-10"", ""source_record_id"": null, ""status"": ""not_available_from_source""}, {""capability"": ""fundraising_expenditure"", ""evidence_ids"": [], ""freshness_note"": ""No direct or defensible derived fundraising expenditure was found in selected Phase 2A evidence."", ""observed_at"": ""2026-08-10"", ""source_record_id"": null, ""status"": ""not_available_from_source""}, {""capability"": ""financials"", ""evidence_ids"": [""ev:ais:31520352647:2023""], ""freshness_note"": null, ""observed_at"": ""2026-08-10"", ""source_record_id"": null, ""status"": ""observed""}]",,Northern Territory (NT),"AIM Charitable Trust is recorded on the Australian Charities and Not-for-profits Commission (ACNC) register with structured geography noted as the Northern Territory (NT). The only detailed filing in this evidence pack is the ACNC Annual Information Statement (AIS) for the year 1 July 2022 to 30 June 2023, which reports revenue of AUD 81,776 and total expenses of AUD 75,215 for that reporting period. The evidence pack does not include a website, annual report text, program descriptions, or statements of beneficiaries or participation opportunities. Source documents in this pack are an ACNC register extract and the AIS 2023 extract; no other public-facing materials were provided.",,,,81776,75215,,,,acnc-register:purpose.social_welfare | acnc-register:beneficiary.regional_remote,phase2b-2026-08-12-rc1
cb_f4448aa63cb14e02883ae6b9eb4b7262,unknown,abn:48637825668,AGENCY PROJECTS LIMITED,AGENCY PROJECTS LIMITED,registered,enriched,"[{""capability"": ""regulatory"", ""evidence_ids"": [""ev:acnc:48637825668""], ""freshness_note"": null, ""observed_at"": ""2026-08-10"", ""source_record_id"": null, ""status"": ""observed""}, {""capability"": ""annual_report"", ""evidence_ids"": [], ""freshness_note"": null, ""observed_at"": ""2026-08-10"", ""source_record_id"": null, ""status"": ""not_yet_processed""}, {""capability"": ""website"", ""evidence_ids"": [""ev:web:48637825668:2026-08-10""], ""freshness_note"": null, ""observed_at"": ""2026-08-10"", ""source_record_id"": null, ""status"": ""observed""}, {""capability"": ""fundraising_expenditure"", ""evidence_ids"": [], ""freshness_note"": ""No direct or defensible derived fundraising expenditure was found in selected Phase 2A evidence."", ""observed_at"": ""2026-08-10"", ""source_record_id"": null, ""status"": ""not_available_from_source""}, {""capability"": ""financials"", ""evidence_ids"": [""ev:ais:48637825668:2023""], ""freshness_note"": null, ""observed_at"": ""2026-08-10"", ""source_record_id"": null, ""status"": ""observed""}]",www.agencyprojects.org,"Victoria (registered location) | Australia (local, regional and national activity claimed)","Agency Projects Limited (Agency) states on its website that it celebrates and promotes Aboriginal and Torres Strait Islander art, culture and people on a local, national and international scale. The site lists a range of concrete activities: First Nations‑led exhibitions of urban, regional and remote artists; art and built‑environment commissions; forums and public talks under the UNTOLD program; digital initiatives including the UPLANDS mapping resource, large‑scale art projections and artist video portraits; publications under Agency Editions; and a residencies program launched in 2023 called Agency AiR. Agency’s event programming examples on the site include a 2024 Rubbish on the Shore Conference on Country, Cultural Conversations at Garma, International NAIDOC Week programming with embassies, and curated projects and book launches in partnership with organisations such as Martumili Artists. The website also describes international project work with the Department of Foreign Affairs and Trade and overseas institutions. The site invites one‑off donations. The ACNC AIS extract for 2022–23 included in the file reports zero revenue and zero total expenses for the period 01/07/2022–30/06/2023.","Curating and staging First Nations‑led exhibitions | Art and built‑environment commissions | Forums and public talks (UNTOLD talks) | Digital projects and resources (including UPLANDS, projections, artist portraits) | Residency program (Agency AiR) | Publications (Agency Editions) | Event programming and conferences (including NAIDOC and Garma partnerships) | International project partnerships with DFAT and overseas institutions","Aboriginal and Torres Strait Islander artists, curators and cultural leaders | First Nations participants and communities | Audiences and collectors",Public talks and events | Exhibitions and curated projects | Artist residencies | Digital initiatives and publications,0,0,,,,acnc-register:purpose.environment | acnc-register:beneficiary.other_beneficiary | causebase:cause.culture_and_heritage | causebase:activity.events_and_public_programming | causebase:approach.community_partnership | causebase:participation.public_events | causebase:geography.australia | causebase:geography.local_or_regional | causebase:organisation.national | causebase:organisation.local,phase2b-2026-08-12-rc1
cb_e9374c2647e740729e64d7b3f0c7be30,unknown,abn:34254826976,South Australian Rainbow Advocacy Alliance Inc.,South Australian Rainbow Advocacy Alliance Inc.,registered,enriched,"[{""capability"": ""regulatory"", ""evidence_ids"": [""ev:acnc:34254826976""], ""freshness_note"": null, ""observed_at"": ""2026-08-10"", ""source_record_id"": null, ""status"": ""observed""}, {""capability"": ""annual_report"", ""evidence_ids"": [], ""freshness_note"": null, ""observed_at"": ""2026-08-10"", ""source_record_id"": null, ""status"": ""not_yet_processed""}, {""capability"": ""website"", ""evidence_ids"": [""ev:web:34254826976:2026-08-10""], ""freshness_note"": null, ""observed_at"": ""2026-08-10"", ""source_record_id"": null, ""status"": ""observed""}, {""capability"": ""fundraising_expenditure"", ""evidence_ids"": [], ""freshness_note"": ""No direct or defensible derived fundraising expenditure was found in selected Phase 2A evidence."", ""observed_at"": ""2026-08-10"", ""source_record_id"": null, ""status"": ""not_available_from_source""}, {""capability"": ""financials"", ""evidence_ids"": [""ev:ais:34254826976:2023""], ""freshness_note"": null, ""observed_at"": ""2026-08-10"", ""source_record_id"": null, ""status"": ""observed""}]",http://www.saraa.org.au/,South Australia (statewide focus),"The South Australian Rainbow Advocacy Alliance Inc. (SARAA) website describes the organisation as “the peak body championing the health, safety, inclusion, equity and equality of LGBTIQA+ South Australians.” The site lists practical offerings such as membership sign-up, an online shop, and a “Know your Rights” resource. It identifies policy priorities including ending conversion practices, protections from anti-LGBTIQA+ hate, access to gender-affirming healthcare, intersex bodily autonomy, HIV healthcare access, support for LGBTIQA+ students, stronger anti-discrimination laws, criminal justice concerns, mental health, representation in public policy and strengthening the LGBTIQA+ community sector. SARAA reports project activity such as the Rainbow Local Council Project to support local government inclusion, submissions on Births, Deaths and Marriages regulations, engagement with SA Health on a Statewide Adult Gender Affirming Surgery Service, and events including Trans Day of Visibility and youth events (e.g., “Meet the Australian Youth Representative to the UN”). ACNC financial extract (AIS 2023) records revenue of AUD 163,695 and total expenses of AUD 178,228 for 01/07/2022–30/06/2023. The website content and listed news items indicate activity focused on South Australia.","Policy submissions and formal advocacy to government (e.g. submissions on Births, Deaths and Marriages regulations) | Letters and direct engagement with health authorities (e.g. correspondence about Statewide Adult Gender Affirming Surgery Service) | Public events and commemorations (e.g. Trans Day of Visibility, youth events) | Provision of online resources about rights and LGBTIQA+ issues (""Know your Rights"") | Rainbow Local Council Project supporting local government engagement and inclusion | Membership recruitment and online merchandise sales",LGBTIQA+ South Australians | Trans and gender diverse South Australians | Intersex South Australians | LGBTIQA+ students | People living with HIV,Membership | Purchasing merchandise | Attending public events | Responding to or contributing to policy consultations,163695,178228,,,,acnc-register:purpose.human_rights | acnc-register:beneficiary.children | causebase:activity.advocacy | causebase:activity.events_and_public_programming | causebase:approach.community_partnership | causebase:participation.public_events | causebase:organisation.local | causebase:geography.local_or_regional,phase2b-2026-08-12-rc1
cb_f103425b6106435992aafbfd8329755b,unknown,abn:17624324741,Thalanyji Foundation Limited,Thalanyji Foundation Limited,registered,enriched,"[{""capability"": ""regulatory"", ""evidence_ids"": [""ev:acnc:17624324741""], ""freshness_note"": null, ""observed_at"": ""2026-08-10"", ""source_record_id"": null, ""status"": ""observed""}, {""capability"": ""annual_report"", ""evidence_ids"": [], ""freshness_note"": null, ""observed_at"": ""2026-08-10"", ""source_record_id"": null, ""status"": ""not_yet_processed""}, {""capability"": ""website"", ""evidence_ids"": [], ""freshness_note"": null, ""observed_at"": ""2026-08-10"", ""source_record_id"": null, ""status"": ""not_available_from_source""}, {""capability"": ""fundraising_expenditure"", ""evidence_ids"": [], ""freshness_note"": ""No direct or defensible derived fundraising expenditure was found in selected Phase 2A evidence."", ""observed_at"": ""2026-08-10"", ""source_record_id"": null, ""status"": ""not_available_from_source""}, {""capability"": ""financials"", ""evidence_ids"": [""ev:ais:17624324741:2023""], ""freshness_note"": null, ""observed_at"": ""2026-08-10"", ""source_record_id"": null, ""status"": ""observed""}]",,Western Australia,"Thalanyji Foundation Limited is an organisation registered with the Australian Charities and Not‑for‑profits Commission (ACNC) and recorded as associated with Western Australia. The only supplied public filings are an ACNC register extract and the 2023 Annual Information Statement (reporting period 01/07/2022 to 30/06/2023). In that AIS the organisation reported nil revenue and nil total expenses for the 2022–23 year. No website, program descriptions, activity listings, beneficiary groups, staff or volunteer numbers, assets or grants are present in the supplied evidence. Known coverage flags indicate regulatory information and financials were observed, while a website and annual report content have not been found in the supplied sources.",,,,0,0,,,,acnc-register:purpose.social_welfare | acnc-register:beneficiary.other_beneficiary,phase2b-2026-08-12-rc1
cb_2bb1b827064a43ec9737b9d6f68297ef,unknown,abn:60094500985,Banks Street Newmarket Community Preschooling Centre Inc,Banks Street Newmarket Community Preschooling Centre Inc,registered,enriched,"[{""capability"": ""regulatory"", ""evidence_ids"": [""ev:acnc:60094500985""], ""freshness_note"": null, ""observed_at"": ""2026-08-10"", ""source_record_id"": null, ""status"": ""observed""}, {""capability"": ""annual_report"", ""evidence_ids"": [], ""freshness_note"": null, ""observed_at"": ""2026-08-10"", ""source_record_id"": null, ""status"": ""not_yet_processed""}, {""capability"": ""website"", ""evidence_ids"": [""ev:web:60094500985:2026-08-10""], ""freshness_note"": null, ""observed_at"": ""2026-08-10"", ""source_record_id"": null, ""status"": ""observed""}, {""capability"": ""fundraising_expenditure"", ""evidence_ids"": [], ""freshness_note"": ""No direct or defensible derived fundraising expenditure was found in selected Phase 2A evidence."", ""observed_at"": ""2026-08-10"", ""source_record_id"": null, ""status"": ""not_available_from_source""}, {""capability"": ""financials"", ""evidence_ids"": [""ev:ais:60094500985:2023""], ""freshness_note"": null, ""observed_at"": ""2026-08-10"", ""source_record_id"": null, ""status"": ""observed""}]",www.banksstkindy.org,"Newmarket, Queensland (on the grounds of Newmarket State School; visits to nearby Banks Street Reserve)","According to the organisation's website and its ACNC reporting, Banks Street Newmarket Community Preschooling Centre Inc (Banks Street Kindy) is a small not‑for‑profit community kindergarten located on the grounds of Newmarket State School in Newmarket, Queensland. The website describes educator‑led early childhood learning with daily outdoor play across multiple outdoor areas (sandpit, mud kitchen, fairy garden), regular visits to the neighbouring Banks Street Reserve (described as a “Bush Kindy” day), and on‑site chickens named Rainbow and Lamington. The site names a Kindy Director, Sharon Kemp, and an art teacher, Kath, and says the kindergarten holds an annual art show for families. The website describes a volunteer kindy management committee, fundraising activity, and connections with Newmarket State School (library visits and participation in school events). The site also describes a daily acknowledgement of Country, a Welcome to Country song, and visits from Aunty Sharron and Uncle Bruce to teach about First Nations culture. The ACNC AIS 2023 extract in the supplied evidence lists revenue of AUD 437,441 and total expenses of AUD 385,269 for the 2023 year.",Early childhood education and care (community kindergarten sessions) | Outdoor and nature-based activities including Bush Kindy visits to Banks Street Reserve | Arts program and an annual art show | Volunteer-run kindy management committee and fundraising activities | Joint activities and visits with Newmarket State School,Preschool children attending the kindergarten | Families and carers of enrolled children,"Volunteering (volunteer kindy management committee) | Family participation in events (annual art show, school activities) | Children's participation in daily outdoor and Bush Kindy activities",437441,385269,,,,acnc-register:purpose.education | acnc-register:beneficiary.other_beneficiary | causebase:activity.direct_service | causebase:activity.events_and_public_programming | causebase:approach.volunteer_enabled | causebase:approach.community_partnership | causebase:participation.volunteering | causebase:participation.public_events | causebase:geography.local_or_regional | causebase:organisation.local,phase2b-2026-08-12-rc1
cb_69df0fe272654190800310c365c2f910,unknown,abn:58144836077,The Trustee for Invasive Species Solutions Trust,The Trustee for Invasive Species Solutions Trust,registered,enriched,"[{""capability"": ""regulatory"", ""evidence_ids"": [""ev:acnc:58144836077""], ""freshness_note"": null, ""observed_at"": ""2026-08-10"", ""source_record_id"": null, ""status"": ""observed""}, {""capability"": ""annual_report"", ""evidence_ids"": [], ""freshness_note"": null, ""observed_at"": ""2026-08-10"", ""source_record_id"": null, ""status"": ""not_yet_processed""}, {""capability"": ""website"", ""evidence_ids"": [""ev:web:58144836077:2026-08-10""], ""freshness_note"": null, ""observed_at"": ""2026-08-10"", ""source_record_id"": null, ""status"": ""observed""}, {""capability"": ""fundraising_expenditure"", ""evidence_ids"": [], ""freshness_note"": ""No direct or defensible derived fundraising expenditure was found in selected Phase 2A evidence."", ""observed_at"": ""2026-08-10"", ""source_record_id"": null, ""status"": ""not_available_from_source""}, {""capability"": ""financials"", ""evidence_ids"": [""ev:ais:58144836077:2023""], ""freshness_note"": null, ""observed_at"": ""2026-08-10"", ""source_record_id"": null, ""status"": ""observed""}]",www.invasives.com.au,Australia (website describes national coordination and national platforms) | Australian Capital Territory (ACNC register location),"The Trustee for Invasive Species Solutions Trust (branded Centre for Invasive Species Solutions on its website) describes itself as leading “collaborative invasive species research, development and engagement” and says its purpose is to “safeguard Australia’s environment, agriculture and way of life.” The website lists national coordination roles (LandSmart Services National Coordination), named reports (WeedRemeed Impact Report 2024–25) and claims two Australian Biosecurity Awards. The site hosts or points to multiple digital platforms: weeds.org.au (weed management hub), weedscan.org.au (AI weed identification), pestsmart.org.au (codes of practice, training and resources) and feralscan.org.au (record and manage pests). The site invites subscription, highlights news and events, and includes a donate prompt. Regulatory records show the entity is registered in the Australian Capital Territory and its ACNC AIS 2022–23 figures report revenue of AUD 5,235 and total expenses of AUD 3,305 for 01/07/2022–30/06/2023. Most descriptive material in the evidence pack is from the organisation’s website; where the organisation makes factual claims these are presented as the organisation’s statements.","Collaborative invasive species research, development and engagement (organisation states) | Hosting and maintaining national digital platforms for weed and pest information and tools (weeds.org.au; weedscan.org.au; pestsmart.org.au; feralscan.org.au) | National coordination of LandSmart Services (organisation states) | Development and dissemination of national codes of practice, training and resources (organisation states) | Publication of reports such as WeedRemeed Impact Report 2024–25","Wildlife, including threatened native species (website states 82% of Australia’s threatened species are impacted by invasives) | Community members and land managers (website refers to community-driven solutions and community resources)",Public events (website invites subscriptions and to 'keep updated on ... events'),5235,3305,,,,acnc-register:purpose.environment | acnc-register:beneficiary.regional_remote | causebase:cause.environment | causebase:beneficiary.wildlife | causebase:beneficiary.general_community | causebase:activity.advocacy | causebase:activity.events_and_public_programming | causebase:approach.community_partnership | causebase:participation.public_events | causebase:geography.australia,phase2b-2026-08-12-rc1
cb_d99ab915a62349db9d141ea3b359066a,unknown,abn:87684571829,Accelerated Evolution - The Break Inc.,Accelerated Evolution - The Break Inc.,registered,enriched,"[{""capability"": ""regulatory"", ""evidence_ids"": [""ev:acnc:87684571829""], ""freshness_note"": null, ""observed_at"": ""2026-08-10"", ""source_record_id"": null, ""status"": ""observed""}, {""capability"": ""annual_report"", ""evidence_ids"": [], ""freshness_note"": null, ""observed_at"": ""2026-08-10"", ""source_record_id"": null, ""status"": ""not_yet_processed""}, {""capability"": ""website"", ""evidence_ids"": [""ev:web:87684571829:2026-08-10""], ""freshness_note"": null, ""observed_at"": ""2026-08-10"", ""source_record_id"": null, ""status"": ""observed""}, {""capability"": ""fundraising_expenditure"", ""evidence_ids"": [], ""freshness_note"": null, ""observed_at"": ""2026-08-10"", ""source_record_id"": null, ""status"": ""not_yet_processed""}, {""capability"": ""financials"", ""evidence_ids"": [], ""freshness_note"": null, ""observed_at"": ""2026-08-10"", ""source_record_id"": null, ""status"": ""not_found_in_source""}]",www.thebreak.org.au,"Caulfield, Melbourne; Victoria (head office listed) | Origin in St Kilda East, Victoria (organisation-stated)","The organisation’s website describes Accelerated Evolution - The Break Inc. as a volunteer-run, not-for-profit mental health and wellbeing recovery provider based in Victoria. The site states it runs small-group programs (limited to 16 participants) such as Mindfulness, Anger Management and Men’s and Women’s Relapse Prevention, and that it aims for a staff-to-participant ratio of about 1:4 “as funding allows.” The Break says its programs target recovery, reintegration and “full participation in society” for people of all backgrounds and lists specific issues it supports, including homelessness, unemployment, substance recovery, trauma, psychosomatic and psychological disorders, disability, physical ailments, isolation and loneliness. The website also describes delivery of an accredited government work-credit pathway: the Work & Development Permit scheme and arrangements to complete Work for the Dole for people over 55. The site includes participant testimonials, an invitation to apply for course placements, a Caulfield head office address (312–314 Hawthorn Road) and a contact number, and an acknowledgement of Traditional Custodians. The organisation states it evolved from a 2002 clinic in St Kilda East and gained charity status and accreditation in 2018.",Runs small-group mental health and wellbeing recovery programs (Mindfulness; Anger Management; Relapse Prevention) | Delivers an accredited government work-credit program (Work & Development Permit) and facilitates Work for the Dole arrangements for people over 55 | Offers course placements and accepts program participants,"People experiencing homelessness, unemployment and substance recovery | People experiencing trauma, psychosomatic or psychological disorders, disability or physical ailments | People experiencing isolation and loneliness | People of all backgrounds regardless of circumstance (organisation-stated)",Volunteering (organisation-stated: run by volunteers) | Course placements for students or trainees | Attendance as program participants,,,,,,acnc-register:purpose.health | acnc-register:beneficiary.children | causebase:cause.community_wellbeing | causebase:beneficiary.people_experiencing_disadvantage | causebase:beneficiary.general_community | causebase:activity.direct_service | causebase:activity.employment_support | causebase:approach.volunteer_enabled | causebase:participation.volunteering | causebase:geography.local_or_regional,phase2b-2026-08-12-rc1
cb_6f5a9298e0474c4ebdfd55968fd61f0c,unknown,abn:67575837755,Anzac Memorial Chapel Of St Paul Trustees,Anzac Memorial Chapel Of St Paul Trustees,registered,enriched,"[{""capability"": ""regulatory"", ""evidence_ids"": [""ev:acnc:67575837755""], ""freshness_note"": null, ""observed_at"": ""2026-08-10"", ""source_record_id"": null, ""status"": ""observed""}, {""capability"": ""annual_report"", ""evidence_ids"": [], ""freshness_note"": null, ""observed_at"": ""2026-08-10"", ""source_record_id"": null, ""status"": ""not_yet_processed""}, {""capability"": ""website"", ""evidence_ids"": [], ""freshness_note"": null, ""observed_at"": ""2026-08-10"", ""source_record_id"": null, ""status"": ""not_available_from_source""}, {""capability"": ""fundraising_expenditure"", ""evidence_ids"": [], ""freshness_note"": ""No direct or defensible derived fundraising expenditure was found in selected Phase 2A evidence."", ""observed_at"": ""2026-08-10"", ""source_record_id"": null, ""status"": ""not_available_from_source""}, {""capability"": ""financials"", ""evidence_ids"": [""ev:ais:67575837755:2023""], ""freshness_note"": null, ""observed_at"": ""2026-08-10"", ""source_record_id"": null, ""status"": ""observed""}]",,ACT,"Anzac Memorial Chapel Of St Paul Trustees is recorded on the ACNC Register with jurisdiction in the ACT. The available regulatory extract and the organisation’s 2023 ACNC information statement (AIS) are the only processed sources. Those extracts do not describe any activities, programs, services or named beneficiaries. The AIS entry for 2023 reports zero revenue and zero total expenses for the reporting subject. No website or other public organisational description was available in the supplied evidence. The legal name in the register identifies the entity as a body of trustees for an Anzac memorial chapel, but the ACNC extracts supplied do not set out an operating model, locations of activity beyond the ACT designation, staff or volunteer numbers, or recent project information.",,,,0,0,,,,acnc-register:purpose.religion | acnc-register:beneficiary.other_beneficiary,phase2b-2026-08-12-rc1
cb_065dfdefae8b4f7ea2b964dd2b60d800,unknown,abn:44552934060,Araluen Botanic Park Foundation Inc,Araluen Botanic Park Foundation Inc,registered,enriched,"[{""capability"": ""regulatory"", ""evidence_ids"": [""ev:acnc:44552934060""], ""freshness_note"": null, ""observed_at"": ""2026-08-10"", ""source_record_id"": null, ""status"": ""observed""}, {""capability"": ""annual_report"", ""evidence_ids"": [], ""freshness_note"": null, ""observed_at"": ""2026-08-10"", ""source_record_id"": null, ""status"": ""not_yet_processed""}, {""capability"": ""website"", ""evidence_ids"": [""ev:web:44552934060:2026-08-10""], ""freshness_note"": null, ""observed_at"": ""2026-08-10"", ""source_record_id"": null, ""status"": ""observed""}, {""capability"": ""fundraising_expenditure"", ""evidence_ids"": [], ""freshness_note"": ""No direct or defensible derived fundraising expenditure was found in selected Phase 2A evidence."", ""observed_at"": ""2026-08-10"", ""source_record_id"": null, ""status"": ""not_available_from_source""}, {""capability"": ""financials"", ""evidence_ids"": [""ev:ais:44552934060:2023""], ""freshness_note"": null, ""observed_at"": ""2026-08-10"", ""source_record_id"": null, ""status"": ""observed""}]",www.araluenbotanicpark.com.au,"Roleystone, Perth Hills, Western Australia | Approximately 40 minutes from Perth","According to its website, Araluen Botanic Park Foundation Inc operates Araluen Botanic Park in Roleystone in the Perth Hills, about 40 minutes from Perth. The site describes 14 hectares of cultivated botanical gardens set within 59 hectares of native West Australian bushland and highlights a tree collection developed through “decades of intentional planting, ecological succession, and preservation of native forest.” The park publishes a calendar of public events and programs including a Tulip Festival, live concerts, seasonal festivals, a Flower Crown workshop and a Remembrance Day event. The website advertises venue hire for weddings, an on-site café, membership and volunteer opportunities; one advertised volunteer activity is a scheduled bulb‑planting day that the website says will plant 250,000 bulbs to prepare for spring. The organisation’s ACNC AIS return for 2022–23 reports revenue of AUD 3,029,307 and total expenses of AUD 2,215,004. Contact details and an address in Roleystone are listed on the website.","Maintain 14 hectares of cultivated botanical gardens within 59 hectares of native bushland (as described on the organisation's website) | Host public events and seasonal festivals including a Tulip Festival, concerts and workshops | Operate venue hire for weddings and events and an on‑site café (as advertised) | Recruit and host volunteer activities such as an advertised bulb‑planting day (250,000 bulbs mentioned) | Describe management and preservation of a tree collection and native forest on site (website statement)",Park visitors and members of the public (website describes visitor services and events) | Wildlife associated with on‑site native West Australian bushland (website refers to birds and native forest),Volunteer bulb‑planting events (advertised) | Public festivals and concerts (advertised) | Workshops such as a Flower Crown workshop (advertised),3029307,2215004,,,,acnc-register:purpose.environment | acnc-register:beneficiary.children | causebase:cause.environment | causebase:beneficiary.general_community | causebase:beneficiary.wildlife | causebase:activity.events_and_public_programming | causebase:activity.environmental_restoration | causebase:approach.volunteer_enabled | causebase:participation.volunteering | causebase:participation.public_events,phase2b-2026-08-12-rc1
cb_604da7f26c6c48dd934e713edc493e9f,unknown,abn:74052124375,Environmental Justice Australia,Environmental Justice Australia,registered,enriched,"[{""capability"": ""regulatory"", ""evidence_ids"": [""ev:acnc:74052124375""], ""freshness_note"": null, ""observed_at"": ""2026-08-10"", ""source_record_id"": null, ""status"": ""observed""}, {""capability"": ""annual_report"", ""evidence_ids"": [], ""freshness_note"": null, ""observed_at"": ""2026-08-10"", ""source_record_id"": null, ""status"": ""not_yet_processed""}, {""capability"": ""website"", ""evidence_ids"": [""ev:web:74052124375:2026-08-10""], ""freshness_note"": null, ""observed_at"": ""2026-08-10"", ""source_record_id"": null, ""status"": ""observed""}, {""capability"": ""fundraising_expenditure"", ""evidence_ids"": [], ""freshness_note"": ""No direct or defensible derived fundraising expenditure was found in selected Phase 2A evidence."", ""observed_at"": ""2026-08-10"", ""source_record_id"": null, ""status"": ""not_available_from_source""}, {""capability"": ""financials"", ""evidence_ids"": [""ev:ais:74052124375:2023""], ""freshness_note"": null, ""observed_at"": ""2026-08-10"", ""source_record_id"": null, ""status"": ""observed""}]",www.envirojustice.org.au,Based in Victoria (structured geography) | Work described as across this country / Australia (organisation website),"Environmental Justice Australia (EJA) is described on its website as a public-interest legal organisation based in Victoria that says it uses the law to address environmental and climate issues across the country. The website lists activities the organisation says it runs, including landmark court cases, high‑stakes legal interventions, legal advice and representation, and advocacy campaigns; named items on the site include cases titled ""Hard Truths: Australia’s coal and gas exports case"", a court case for threatened wildlife, the Great Northern Savanna case and the North West Shelf Extension case. EJA's website states it provides pro‑bono legal support to communities and to Traditional Owners to protect Country, nature and climate, and it describes standing ""shoulder‑to‑shoulder with communities"". The site also publishes webinars and legal updates and invites people to subscribe for updates. Regulatory filings for the 2022–23 year show revenue of $7,770,242 and total expenses of $5,338,457 for the reported period. The available evidence is primarily the organisation's own website text and an ACNC extract and does not include independent evaluations or detailed operational metrics.","Court cases and legal interventions (as described by the organisation) | Legal advice and representation (pro‑bono work, as described by the organisation) | Advocacy campaigns and legal investigations (as described by the organisation) | Webinars and published legal updates",Communities affected by environmental harm (as described by the organisation) | People with least power or most impacted by environmental harm (as described by the organisation),Subscription to updates and public webinars (public events listed on website),7770242,5338457,,,,acnc-register:purpose.environment | acnc-register:beneficiary.regional_remote | causebase:cause.environment | causebase:activity.direct_service | causebase:activity.advocacy | causebase:activity.events_and_public_programming | causebase:approach.community_partnership | causebase:participation.public_events | causebase:beneficiary.people_experiencing_disadvantage | causebase:geography.australia | causebase:organisation.national,phase2b-2026-08-12-rc1
cb_bee158351bff46b8a2478fdae1442b4a,unknown,abn:91765078109,Aboriginal Foundation Of South Australia Incorporated,Aboriginal Foundation Of South Australia Incorporated,registered,enriched,"[{""capability"": ""regulatory"", ""evidence_ids"": [""ev:acnc:91765078109""], ""freshness_note"": null, ""observed_at"": ""2026-08-10"", ""source_record_id"": null, ""status"": ""observed""}, {""capability"": ""annual_report"", ""evidence_ids"": [], ""freshness_note"": null, ""observed_at"": ""2026-08-10"", ""source_record_id"": null, ""status"": ""not_yet_processed""}, {""capability"": ""website"", ""evidence_ids"": [], ""freshness_note"": null, ""observed_at"": ""2026-08-10"", ""source_record_id"": null, ""status"": ""not_available_from_source""}, {""capability"": ""fundraising_expenditure"", ""evidence_ids"": [], ""freshness_note"": ""No direct or defensible derived fundraising expenditure was found in selected Phase 2A evidence."", ""observed_at"": ""2026-08-10"", ""source_record_id"": null, ""status"": ""not_available_from_source""}, {""capability"": ""financials"", ""evidence_ids"": [""ev:ais:91765078109:2023""], ""freshness_note"": null, ""observed_at"": ""2026-08-10"", ""source_record_id"": null, ""status"": ""observed""}]",,South Australia | Australia,"Aboriginal Foundation Of South Australia Incorporated is an entity recorded on the Australian Charities and Not-for-profits Commission (ACNC) register. The available ACNC Annual Information Statement (AIS) for the reporting period 01/07/2022 to 30/06/2023 is the primary source of public information for this period. That AIS reports total revenue of AUD 74 and total expenses of AUD 3,861 for the period; the AIS data are attributed to the organisation’s own AIS filing and the AIS extract lists the subject’s consolidated status as unknown. The ACNC extract and AIS entries were observed on 10 August 2026. The organisation’s structured geography is recorded as South Australia. No website was available in the supplied evidence, and the evidence bundle does not include descriptions of services, programs, beneficiary groups, participation modes or detailed annual reports. Several coverage flags in the evidence note that annual reports and fundraising-expenditure details were not processed or not available from the sources supplied.",,,,74,3861,,,,acnc-register:purpose.other_purpose | acnc-register:beneficiary.young_people | causebase:geography.australia | causebase:geography.local_or_regional,phase2b-2026-08-12-rc1
cb_6297ec8e53f24e9490b6a4657ad443fc,unknown,abn:21613667664,Castlemaine Art Museum Ltd,Castlemaine Art Museum Ltd,registered,enriched,"[{""capability"": ""regulatory"", ""evidence_ids"": [""ev:acnc:21613667664""], ""freshness_note"": null, ""observed_at"": ""2026-08-10"", ""source_record_id"": null, ""status"": ""observed""}, {""capability"": ""annual_report"", ""evidence_ids"": [], ""freshness_note"": null, ""observed_at"": ""2026-08-10"", ""source_record_id"": null, ""status"": ""not_yet_processed""}, {""capability"": ""website"", ""evidence_ids"": [""ev:web:21613667664:2026-08-10""], ""freshness_note"": null, ""observed_at"": ""2026-08-10"", ""source_record_id"": null, ""status"": ""observed""}, {""capability"": ""fundraising_expenditure"", ""evidence_ids"": [], ""freshness_note"": ""No direct or defensible derived fundraising expenditure was found in selected Phase 2A evidence."", ""observed_at"": ""2026-08-10"", ""source_record_id"": null, ""status"": ""not_available_from_source""}, {""capability"": ""financials"", ""evidence_ids"": [""ev:ais:21613667664:2023""], ""freshness_note"": null, ""observed_at"": ""2026-08-10"", ""source_record_id"": null, ""status"": ""observed""}]",http://www.castlemaineartmuseum.org.au,"Castlemaine, Victoria (address 14 Lyttleton Street, Castlemaine VIC 3450) | Dja Dja Wurrung / Jaara country (stated on website) | Australia","Castlemaine Art Museum Ltd (website) describes itself as a regional museum founded in 1913 and located at 14 Lyttleton Street, Castlemaine VIC 3450 on Dja Dja Wurrung (Jaara) country. The website lists a permanent collection of Australian paintings, First Nations cultural material and historical artefacts and has pages labelled “View Collection (4748)” and “Artwork View Collection (2153)”. The museum’s public opening hours are Thursday–Sunday with free admission. The site publishes a rolling exhibitions program with dated shows (examples given: Biyal, Wildflowers, a Len Fox Painting Award exhibition and a Rhett D’Costa show) and a schedule of events including opening nights, artist talks, performances and panel tours. The website also describes supporter/member options and specific donor amounts with stated examples of what each amount funds (for example $50 for wall labels, $250 for artists’ talks/workshops, $500 to employ local installers, $1,000 to host several school groups, $5,000 to commission a new artwork). The organisation’s ACNC AIS 2023 extract reports revenue of AUD 586,117 and total expenses of AUD 590,747 for 01/07/2022–30/06/2023. The site operates a shop offering limited-edition artworks.","Curating and displaying temporary and scheduled exhibitions | Running public events including openings, artist talks, performances and panel tours | Maintaining and presenting a collection of Australian art, First Nations cultural material and historical artefacts | Hosting school group visits | Operating a museum shop selling limited-edition artworks | Fundraising through memberships, donations and supporter programs","Local community and museum visitors | School groups (visits) | Local artists (paid talks, workshops, commissions) | Supporters and members (program participation)","Attending public exhibitions and events (openings, talks, performances, panels) | Becoming a member or financial supporter (membership/donation tiers listed) | Purchasing items from the museum shop | School group visits",586117,590747,,,,acnc-register:purpose.culture | acnc-register:beneficiary.regional_remote | causebase:cause.culture_and_heritage | causebase:activity.events_and_public_programming | causebase:participation.public_events | causebase:geography.local_or_regional | causebase:geography.australia | causebase:organisation.local | causebase:beneficiary.general_community | causebase:approach.community_partnership,phase2b-2026-08-12-rc1
cb_2e7af789b25143d8bd5de1f893148566,unknown,abn:93624893443,Darumbal People Aboriginal Corporation RNTBC,Darumbal People Aboriginal Corporation RNTBC,registered,enriched,"[{""capability"": ""regulatory"", ""evidence_ids"": [""ev:acnc:93624893443""], ""freshness_note"": null, ""observed_at"": ""2026-08-10"", ""source_record_id"": null, ""status"": ""observed""}, {""capability"": ""annual_report"", ""evidence_ids"": [], ""freshness_note"": null, ""observed_at"": ""2026-08-10"", ""source_record_id"": null, ""status"": ""not_yet_processed""}, {""capability"": ""website"", ""evidence_ids"": [], ""freshness_note"": null, ""observed_at"": ""2026-08-10"", ""source_record_id"": null, ""status"": ""not_available_from_source""}, {""capability"": ""fundraising_expenditure"", ""evidence_ids"": [], ""freshness_note"": null, ""observed_at"": ""2026-08-10"", ""source_record_id"": null, ""status"": ""not_yet_processed""}, {""capability"": ""financials"", ""evidence_ids"": [], ""freshness_note"": null, ""observed_at"": ""2026-08-10"", ""source_record_id"": null, ""status"": ""not_found_in_source""}]",,Queensland (QLD),"Darumbal People Aboriginal Corporation RNTBC appears on the ACNC Register and is recorded in this release with structured geography of Queensland (QLD). This CauseBase release includes an ACNC Register extract for the legal entity but does not include a website, a public self-description, statements of activities or programs, beneficiary listings, or financial reports. The organisation's legal name in the register contains the letters “RNTBC”; CauseBase records that as part of the legal name and does not infer functions or services from the name. CauseBase does not have sufficient descriptive evidence in this release to independently identify specific activities, programs, beneficiaries, participation modes, or financial details for this organisation.",,,,,,,,,acnc-register:purpose.health | acnc-register:beneficiary.regional_remote | causebase:geography.local_or_regional,phase2b-2026-08-12-rc1
cb_f1f26f7a1bc34d169573d56e51b41cc3,unknown,abn:65175035512,Young Voices Of Melbourne Inc,Young Voices Of Melbourne Inc,registered,enriched,"[{""capability"": ""regulatory"", ""evidence_ids"": [""ev:acnc:65175035512""], ""freshness_note"": null, ""observed_at"": ""2026-08-10"", ""source_record_id"": null, ""status"": ""observed""}, {""capability"": ""annual_report"", ""evidence_ids"": [], ""freshness_note"": null, ""observed_at"": ""2026-08-10"", ""source_record_id"": null, ""status"": ""not_yet_processed""}, {""capability"": ""website"", ""evidence_ids"": [""ev:web:65175035512:2026-08-10""], ""freshness_note"": null, ""observed_at"": ""2026-08-10"", ""source_record_id"": null, ""status"": ""observed""}, {""capability"": ""fundraising_expenditure"", ""evidence_ids"": [], ""freshness_note"": ""No direct or defensible derived fundraising expenditure was found in selected Phase 2A evidence."", ""observed_at"": ""2026-08-10"", ""source_record_id"": null, ""status"": ""not_available_from_source""}, {""capability"": ""financials"", ""evidence_ids"": [""ev:ais:65175035512:2023""], ""freshness_note"": null, ""observed_at"": ""2026-08-10"", ""source_record_id"": null, ""status"": ""observed""}]",http://yvm.com.au,"Melbourne, Victoria, Australia","Young Voices Of Melbourne Inc (YVM) is a Melbourne-based choral organisation described on its website and in ACNC filings. Website posts from 2025–2026 document regular ensemble activity: named ensembles include a Senior Training Choir and a Performing Choir; the organisation ran a ‘‘Supercamp’’ rehearsal weekend from 27 February to 1 March 2026 at CYC Forest Edge for singers from both choirs. The site also records a change in artistic leadership (a new Artistic Director appointed in 2025) and the engagement of an internationally described conductor, Dr Michael Barrett, as an Associate Artist in April 2026. The ACNC AIS extract for 01/02/2023–31/01/2024 reports revenue of AUD 583,709 and total expenses of AUD 658,416 for the reporting subject. The organisation’s legal and public identity is Young Voices Of Melbourne Inc, with a website at yvm.com.au and structured geography listed as Victoria. Public materials on the website focus on rehearsals, weekend training events and artistic appointments; they do not provide detailed breakdowns of participant ages, the frequency or locations of public performances, or staffing and volunteer arrangements.",Rehearsal weekends (Supercamp) for Senior Training Choir and Performing Choir | Regular choir rehearsals for Senior Training Choir and Performing Choir | Engagement of visiting/associate artist conductor and choral clinician | Artistic leadership and direction (Artistic Director role),Singers who are members of the Senior Training Choir and the Performing Choir,"Membership of named choirs (Senior Training Choir, Performing Choir) | Attendance at rehearsals and weekend training camps | Engagement with visiting Associate Artist and artistic staff",583709,658416,,,,acnc-register:purpose.culture | acnc-register:beneficiary.children | causebase:cause.culture_and_heritage | causebase:activity.direct_service | causebase:geography.australia | causebase:geography.local_or_regional | causebase:organisation.local,phase2b-2026-08-12-rc1
cb_ebdd87f80f1d42a781c746a6741b4201,unknown,abn:84325837304,Haileybury Rendall School,Haileybury Rendall School,registered,enriched,"[{""capability"": ""regulatory"", ""evidence_ids"": [""ev:acnc:84325837304""], ""freshness_note"": null, ""observed_at"": ""2026-08-10"", ""source_record_id"": null, ""status"": ""observed""}, {""capability"": ""annual_report"", ""evidence_ids"": [], ""freshness_note"": null, ""observed_at"": ""2026-08-10"", ""source_record_id"": null, ""status"": ""not_yet_processed""}, {""capability"": ""website"", ""evidence_ids"": [""ev:web:84325837304:2026-08-10""], ""freshness_note"": null, ""observed_at"": ""2026-08-10"", ""source_record_id"": null, ""status"": ""observed""}, {""capability"": ""fundraising_expenditure"", ""evidence_ids"": [], ""freshness_note"": ""No direct or defensible derived fundraising expenditure was found in selected Phase 2A evidence."", ""observed_at"": ""2026-08-10"", ""source_record_id"": null, ""status"": ""not_available_from_source""}, {""capability"": ""financials"", ""evidence_ids"": [""ev:ais:84325837304:2023""], ""freshness_note"": null, ""observed_at"": ""2026-08-10"", ""source_record_id"": null, ""status"": ""observed""}]",haileyburyrendall.com.au,"Darwin, Northern Territory, Australia | Northern Australia (as described on the school website) | Online delivery (location not specified on the website)","Haileybury Rendall School is a school based in Darwin, Northern Territory. The school’s website states it provides education from an Early Learning Centre (ages 3–5) through to Year 12, and offers day, boarding and online delivery: the site describes Years 7–12 boarding (for domestic and international students) and an online program for Years 5–12. The website describes a compulsory Experiential Learning outdoor education program that includes activities in remote environments, a teaching framework that uses an Explicit Teaching Model in primary years and VCE in senior years, and a stated commitment to educating Aboriginal students from remote Australian communities. Facilities described on the site include three ovals, basketball and netball courts, a large outdoor gymnasium, a 25-metre outdoor swimming pool, performing-arts spaces (Dumabudla Centre, auditorium, music rooms, drama and dance studio), a modern library/resource space and an on-campus Health Centre for boarding students. The website also notes affiliation with Haileybury campuses in Melbourne and a Haileybury presence in Tianjin, China, and claims the school produced the highest ATAR result in the Northern Territory in 2025. An ACNC AIS extract for 2023 records revenue of AUD 33,396,968 and total expenses of AUD 31,041,515.","Day schooling (Early Learning Centre to Year 12) | Boarding provision (Years 7–12, domestic and international) | Online education programme (Years 5–12) | Compulsory Experiential Outdoor Education program (remote environments) | VCE senior curriculum delivery | Use and hire of sporting and performing-arts facilities | On-campus Health Centre for boarding students","Children and young people (Early Learning to Year 12) | Boarding students (domestic and international) | Aboriginal students from remote Australian communities | Families seeking day, boarding or online school programs","Day enrolment | Boarding enrolment | Online enrolment | Attendance at school events and tours (open days, shows) | Use of campus facilities through hire | Participation in compulsory outdoor education trips",33396968,31041515,,,,acnc-register:purpose.education | acnc-register:beneficiary.children | causebase:activity.direct_service | causebase:activity.events_and_public_programming | causebase:participation.public_events | causebase:geography.australia | causebase:geography.local_or_regional | causebase:organisation.local | causebase:beneficiary.general_community,phase2b-2026-08-12-rc1
cb_f2e7f36fef5d4a788b3280d0830ee21b,unknown,abn:82136720784,Project Underdog Rescue Inc,Project Underdog Rescue Inc,registered,enriched,"[{""capability"": ""regulatory"", ""evidence_ids"": [""ev:acnc:82136720784""], ""freshness_note"": null, ""observed_at"": ""2026-08-10"", ""source_record_id"": null, ""status"": ""observed""}, {""capability"": ""annual_report"", ""evidence_ids"": [], ""freshness_note"": null, ""observed_at"": ""2026-08-10"", ""source_record_id"": null, ""status"": ""not_yet_processed""}, {""capability"": ""website"", ""evidence_ids"": [""ev:web:82136720784:2026-08-10""], ""freshness_note"": null, ""observed_at"": ""2026-08-10"", ""source_record_id"": null, ""status"": ""observed""}, {""capability"": ""fundraising_expenditure"", ""evidence_ids"": [], ""freshness_note"": ""No direct or defensible derived fundraising expenditure was found in selected Phase 2A evidence."", ""observed_at"": ""2026-08-10"", ""source_record_id"": null, ""status"": ""not_available_from_source""}, {""capability"": ""financials"", ""evidence_ids"": [""ev:ais:82136720784:2023""], ""freshness_note"": null, ""observed_at"": ""2026-08-10"", ""source_record_id"": null, ""status"": ""observed""}]",https://projectunderdog.org.au,"Melbourne, Victoria, Australia","Project Underdog Rescue Inc is registered in Victoria and describes itself on its website as operating a specialised veterinary service and community outreach to support animals and their guardians. The organisation’s website states it runs Melbourne’s first “100% Fear Free” certified mobile veterinary clinic and that profits from that service help fund its animal rescue work. The website also says it delivers community outreach intended to keep animals with people by providing animal care services and supplies to vulnerable community members, and that it uses its platform for education and advocacy about responsible pet guardianship. The ACNC Information Statement for 01/07/2022 to 30/06/2023 records revenue of AUD 543,901 and total expenses of AUD 679,638 for that reporting period. The descriptions of programs, clinic certification and the funding model are taken from the organisation’s website; these are presented here as the organisation states them and are not independently verified against third‑party sources.",Runs a mobile veterinary clinic described on the website as 100% Fear Free certified in Melbourne (organisation statement) | Provides community outreach said to supply animal care services and supplies to vulnerable community members to help keep pets with their owners (organisation statement) | Conducts animal rescue and life‑saving rescue work (organisation statement) | Delivers education and advocacy about responsible pet guardianship via its public platform (organisation statement),Animals in need of veterinary care or rescue | Vulnerable pet‑owning community members experiencing hardship,Clients access mobile vet clinic services | Community members receive animal care services and supplies through outreach programs | Education and advocacy delivered via the organisation's public platform and social media,543901,679638,,,,acnc-register:purpose.animal_welfare | acnc-register:beneficiary.people_with_disability | causebase:cause.animal_welfare | causebase:activity.direct_service | causebase:activity.advocacy | causebase:beneficiary.people_experiencing_disadvantage | causebase:geography.local_or_regional | causebase:organisation.local,phase2b-2026-08-12-rc1
cb_73a3745783b14690b17f97c648789ee4,unknown,abn:28287305180,Anglican Camping Tasmania Commission,Anglican Camping Tasmania Commission,registered,enriched,"[{""capability"": ""regulatory"", ""evidence_ids"": [""ev:acnc:28287305180""], ""freshness_note"": null, ""observed_at"": ""2026-08-10"", ""source_record_id"": null, ""status"": ""observed""}, {""capability"": ""annual_report"", ""evidence_ids"": [], ""freshness_note"": null, ""observed_at"": ""2026-08-10"", ""source_record_id"": null, ""status"": ""not_yet_processed""}, {""capability"": ""website"", ""evidence_ids"": [""ev:web:28287305180:2026-08-10""], ""freshness_note"": null, ""observed_at"": ""2026-08-10"", ""source_record_id"": null, ""status"": ""observed""}, {""capability"": ""fundraising_expenditure"", ""evidence_ids"": [], ""freshness_note"": null, ""observed_at"": ""2026-08-10"", ""source_record_id"": null, ""status"": ""not_yet_processed""}, {""capability"": ""financials"", ""evidence_ids"": [], ""freshness_note"": null, ""observed_at"": ""2026-08-10"", ""source_record_id"": null, ""status"": ""not_found_in_source""}]",https://anglicancamping.org,Tasmania | Port Sorell | Huon | Derby | Blue Lagoon | Camp Banksia | Mayfield,"Anglican Camping Tasmania Commission (Anglican Camping Tasmania) is described on its website as a not-for-profit ministry of the Anglican Diocese of Tasmania that runs residential camping programs for children and young people. The organisation’s website lists multiple summer camps and year-round camps for school grades 3–12, with named programs including Burst (Grades 3–6), Banksia (Junior High, Grades 7–9), Derby (Senior High), Huon (Grades 10–12), Vibes (Grades 10–12), Mayfield, Spokes and Leaders in Training (LiT) for Grades 9–12; some sessions have specific dates and locations such as Port Sorell (Banksia, 2–6 Jan 2027) and Huon (3–8 Jan 2027). The website states the group has operated for over 30 years and describes a high leader-to-camper ratio, leaders who hold state government checks and “Safe Church Communities” training and endorsement. The site presents aims to provide opportunities to explore Christian faith, build friendships and offer activities not available daily; these are organisation-authored descriptions rather than independently verified facts. The ACNC register extract is recorded for the entity; no detailed financial records were provided in the supplied evidence.",Running residential camps for school-aged children and teenagers | Operating a Leaders in Training program for older teenagers (Grades 9–12) | Delivering scheduled seasonal camps and other camps throughout the year,Campers who are children and young people (school grades 3–12) | Participants in leadership training (students in grades 9–12),Attending as a camper (school-aged children and teenagers) | Participating as a leader-in-training (students in grades 9–12),,,,,,acnc-register:purpose.religion | acnc-register:beneficiary.children | causebase:activity.direct_service | causebase:activity.events_and_public_programming | causebase:geography.local_or_regional | causebase:organisation.local,phase2b-2026-08-12-rc1
cb_e409c199dea145ba9015e574821c7d1c,unknown,abn:20140575274,4LIFESKILLS INC.,4LIFESKILLS INC.,registered,enriched,"[{""capability"": ""regulatory"", ""evidence_ids"": [""ev:acnc:20140575274""], ""freshness_note"": null, ""observed_at"": ""2026-08-10"", ""source_record_id"": null, ""status"": ""observed""}, {""capability"": ""annual_report"", ""evidence_ids"": [], ""freshness_note"": null, ""observed_at"": ""2026-08-10"", ""source_record_id"": null, ""status"": ""not_yet_processed""}, {""capability"": ""website"", ""evidence_ids"": [""ev:web:20140575274:2026-08-10""], ""freshness_note"": null, ""observed_at"": ""2026-08-10"", ""source_record_id"": null, ""status"": ""observed""}, {""capability"": ""fundraising_expenditure"", ""evidence_ids"": [], ""freshness_note"": ""No direct or defensible derived fundraising expenditure was found in selected Phase 2A evidence."", ""observed_at"": ""2026-08-10"", ""source_record_id"": null, ""status"": ""not_available_from_source""}, {""capability"": ""financials"", ""evidence_ids"": [""ev:ais:20140575274:2023""], ""freshness_note"": null, ""observed_at"": ""2026-08-10"", ""source_record_id"": null, ""status"": ""observed""}]",www.4lifeskills.org.au,Western Australia (Rockingham cited on website) | Australia,"4LIFESKILLS INC. is an organisation based in Western Australia whose website states it provides personalised support services for young people and adults living with disability. The site lists a range of goal areas the organisation says it helps with, including looking after yourself and your home, building social skills and relationships, finding a rewarding career, taking short breaks or holidays, pursuing hobbies, and staying healthy and active. Website items describe specific activities for participants: a pottery session for Rockingham participants, support for an artist named Lesley to share her work, and a feature called “A Day with Gina” about daily support for independence and connections. The website also promotes corporate sponsorship as a way to support its work. The organisation’s 2022–23 annual information statement reports revenue of AUD 6,957,588 and expenses of AUD 7,115,503. The available evidence is primarily the organisation’s website and its ACNC reporting extract; the website frames services as personalised and person-centred but does not provide detailed participant counts or independent verification of outcomes.",Personalised disability support services described on the organisation website | Creative and leisure sessions (example: pottery session in Rockingham) | Support to enable participants to exhibit or share artwork | Short-breaks and holiday support options (mentioned on website) | Corporate sponsorship engagement,Young people and adults living with disability,Attendance at creative or community sessions (e.g. pottery) | Engagement with personalised support planning and daily support | Corporate sponsorship engagement,6957588,7115503,,,,acnc-register:purpose.social_welfare | acnc-register:beneficiary.children | causebase:cause.community_wellbeing | causebase:beneficiary.people_experiencing_disadvantage | causebase:activity.direct_service | causebase:activity.events_and_public_programming | causebase:participation.public_events | causebase:geography.australia | causebase:geography.local_or_regional | causebase:organisation.local,phase2b-2026-08-12-rc1
cb_1d807c7224554c99a7b12d1c01be8058,unknown,abn:50798979881,Backyard Ministries Incorporated,Backyard Ministries Incorporated,registered,enriched,"[{""capability"": ""regulatory"", ""evidence_ids"": [""ev:acnc:50798979881""], ""freshness_note"": null, ""observed_at"": ""2026-08-10"", ""source_record_id"": null, ""status"": ""observed""}, {""capability"": ""annual_report"", ""evidence_ids"": [], ""freshness_note"": null, ""observed_at"": ""2026-08-10"", ""source_record_id"": null, ""status"": ""not_yet_processed""}, {""capability"": ""website"", ""evidence_ids"": [], ""freshness_note"": null, ""observed_at"": ""2026-08-10"", ""source_record_id"": null, ""status"": ""retrieval_failed""}, {""capability"": ""fundraising_expenditure"", ""evidence_ids"": [], ""freshness_note"": ""No direct or defensible derived fundraising expenditure was found in selected Phase 2A evidence."", ""observed_at"": ""2026-08-10"", ""source_record_id"": null, ""status"": ""not_available_from_source""}, {""capability"": ""financials"", ""evidence_ids"": [""ev:ais:50798979881:2023""], ""freshness_note"": null, ""observed_at"": ""2026-08-10"", ""source_record_id"": null, ""status"": ""observed""}]",www.zoom/us.com,Australian Capital Territory (ACT),"Backyard Ministries Incorporated is registered with the Australian Charities and Not-for-profits Commission under the legal and display name Backyard Ministries Incorporated and is recorded as operating in the Australian Capital Territory (ACT). The available ACNC Annual Information Statement for the reporting year 01/07/2022 to 30/06/2023 shows total revenue of AUD 129,198 and total expenses of AUD 103,761 for that period. The AIS extract and ACNC register entry provide these financial figures but do not describe programs, services, specific activities, or beneficiary groups. The organisation’s website retrieval was recorded as failed in the evidence pack, and no annual report or other descriptive material was processed. The AIS extract does not indicate whether the financial figures are consolidated with other entities. The public regulatory records in the evidence pack therefore identify the organisation’s name, location (ACT) and high-level financials for 2022–23 but do not supply concrete information about what the organisation does, who it serves, or how people can take part in its work.",,,,129198,103761,,,,acnc-register:purpose.religion | acnc-register:beneficiary.older_people | causebase:geography.australia | causebase:geography.local_or_regional | causebase:organisation.local,phase2b-2026-08-12-rc1
cb_6e84f6522eae4d21ad0618c21a7aa82e,unknown,abn:53597260800,Alice As One Incorporated,Alice As One Incorporated,registered,enriched,"[{""capability"": ""regulatory"", ""evidence_ids"": [""ev:acnc:53597260800""], ""freshness_note"": null, ""observed_at"": ""2026-08-10"", ""source_record_id"": null, ""status"": ""observed""}, {""capability"": ""annual_report"", ""evidence_ids"": [], ""freshness_note"": null, ""observed_at"": ""2026-08-10"", ""source_record_id"": null, ""status"": ""not_yet_processed""}, {""capability"": ""website"", ""evidence_ids"": [], ""freshness_note"": null, ""observed_at"": ""2026-08-10"", ""source_record_id"": null, ""status"": ""retrieval_failed""}, {""capability"": ""fundraising_expenditure"", ""evidence_ids"": [], ""freshness_note"": null, ""observed_at"": ""2026-08-10"", ""source_record_id"": null, ""status"": ""not_yet_processed""}, {""capability"": ""financials"", ""evidence_ids"": [], ""freshness_note"": null, ""observed_at"": ""2026-08-10"", ""source_record_id"": null, ""status"": ""not_found_in_source""}]",https://aliceasone.com/,Northern Territory (NT) | Australia,"Alice As One Incorporated is listed on an ACNC Register extract (observed 2026-08-10) under the legal and display name “Alice As One Incorporated.” The organisation’s website is recorded as https://aliceasone.com/. The supplied structured geography indicates the Northern Territory (NT). The evidence provided to CauseBase is limited to the ACNC Register extract; no governing document text, no self-description, no activities, no beneficiaries and no financial statements were included in the materials supplied. CauseBase retrieval noted that the organisation’s website could not be retrieved and that an annual report has not yet been processed. Because the only confirmed source in this evidence pack is the ACNC register extract, there are no documented programs, services, participation modes or service locations beyond the NT entry in the supplied data.",,,,,,,,,acnc-register:purpose.other_purpose | acnc-register:beneficiary.young_people | causebase:geography.australia | causebase:geography.local_or_regional,phase2b-2026-08-12-rc1
cb_637fedbb4541485caadb1f40cf25d1a8,unknown,abn:31650257585,Central Queensland Aboriginal Corporation For Cultural Activities,Central Queensland Aboriginal Corporation For Cultural Activities,registered,enriched,"[{""capability"": ""regulatory"", ""evidence_ids"": [""ev:acnc:31650257585""], ""freshness_note"": null, ""observed_at"": ""2026-08-10"", ""source_record_id"": null, ""status"": ""observed""}, {""capability"": ""annual_report"", ""evidence_ids"": [], ""freshness_note"": null, ""observed_at"": ""2026-08-10"", ""source_record_id"": null, ""status"": ""not_yet_processed""}, {""capability"": ""website"", ""evidence_ids"": [], ""freshness_note"": null, ""observed_at"": ""2026-08-10"", ""source_record_id"": null, ""status"": ""not_available_from_source""}, {""capability"": ""fundraising_expenditure"", ""evidence_ids"": [], ""freshness_note"": null, ""observed_at"": ""2026-08-10"", ""source_record_id"": null, ""status"": ""not_yet_processed""}, {""capability"": ""financials"", ""evidence_ids"": [], ""freshness_note"": null, ""observed_at"": ""2026-08-10"", ""source_record_id"": null, ""status"": ""not_found_in_source""}]",,Queensland (QLD),"Central Queensland Aboriginal Corporation For Cultural Activities appears on the ACNC register under that legal name. The record in the supplied extract lists Queensland (QLD) as the structured geography for the organisation. The organisation’s registered legal name includes the words “Aboriginal” and “Cultural Activities”; the available regulatory extract does not provide further description of programs, services, staff, governance, finances, or operating locations within Queensland. No website, annual report text or financial records were supplied in the evidence pack. The only concrete points in the provided evidence are the organisation’s legal name and the Queensland location on the ACNC extract; other activities, beneficiaries, participation methods and operational details are not documented in the supplied sources.",Cultural activities (stated in organisation name),Aboriginal people (referenced in organisation name),,,,,,,acnc-register:purpose.culture | acnc-register:beneficiary.other_beneficiary | causebase:cause.culture_and_heritage | causebase:geography.local_or_regional | causebase:geography.australia | causebase:organisation.local,phase2b-2026-08-12-rc1
cb_ee13568163c645e2a5a5061d3897188f,unknown,abn:84981035169,Abounding Life Foundation,Abounding Life Foundation,registered,enriched,"[{""capability"": ""regulatory"", ""evidence_ids"": [""ev:acnc:84981035169""], ""freshness_note"": null, ""observed_at"": ""2026-08-10"", ""source_record_id"": null, ""status"": ""observed""}, {""capability"": ""annual_report"", ""evidence_ids"": [], ""freshness_note"": null, ""observed_at"": ""2026-08-10"", ""source_record_id"": null, ""status"": ""not_yet_processed""}, {""capability"": ""website"", ""evidence_ids"": [""ev:web:84981035169:2026-08-10""], ""freshness_note"": null, ""observed_at"": ""2026-08-10"", ""source_record_id"": null, ""status"": ""observed""}, {""capability"": ""fundraising_expenditure"", ""evidence_ids"": [], ""freshness_note"": null, ""observed_at"": ""2026-08-10"", ""source_record_id"": null, ""status"": ""not_yet_processed""}, {""capability"": ""financials"", ""evidence_ids"": [], ""freshness_note"": null, ""observed_at"": ""2026-08-10"", ""source_record_id"": null, ""status"": ""not_found_in_source""}]",https://www.nadermansour.com,Australia | online / international,"Abounding Life Foundation is presented online at nadermansour.com as a platform centred on Nader Mansour and an offering called My Bible Academy. The website says it provides practical Bible teaching via in‑depth video sermons, written content, audio resources and structured online courses, and it invites users to create an account, enrol in courses, watch videos, read material and listen to audio. The site lists specific topics and questions (for example: the Trinity, the Holy Spirit, biblical interpretation, the role of the Church, salvation, end‑times topics) and includes featured video content, a FAQ section, testimonies and an option labelled “Give.” The site states Mansour has preached for over 20 years “in many countries & online” and characterises biblical illiteracy as a widespread problem that its resources aim to address. The provided evidence includes a reference to an ACNC register extract but does not include detailed financial records, program delivery statistics or independent evaluation of activities or outcomes.",online video sermons and lectures | structured online courses (My Bible Academy) | written articles and study materials | audio resources (podcast/sermon audio) | user registration and course enrolment system | collection of testimonies | online donation option ('Give'),"people seeking to read, understand or apply the Bible | Christians and church leaders who use online teaching resources",watching video sermons | enrolling in online courses | reading written resources | listening to audio resources | creating an online account / registering | submitting testimonies | making online donations,,,,,,acnc-register:purpose.religion | acnc-register:beneficiary.general_community | causebase:activity.events_and_public_programming | causebase:participation.public_events | causebase:beneficiary.general_community | causebase:geography.australia,phase2b-2026-08-12-rc1
cb_594bc869fd134d30b934d40975343c63,unknown,abn:46451431764,K2C Incorporated,K2C Incorporated,registered,enriched,"[{""capability"": ""regulatory"", ""evidence_ids"": [""ev:acnc:46451431764""], ""freshness_note"": null, ""observed_at"": ""2026-08-10"", ""source_record_id"": null, ""status"": ""observed""}, {""capability"": ""annual_report"", ""evidence_ids"": [], ""freshness_note"": null, ""observed_at"": ""2026-08-10"", ""source_record_id"": null, ""status"": ""not_yet_processed""}, {""capability"": ""website"", ""evidence_ids"": [""ev:web:46451431764:2026-08-10""], ""freshness_note"": null, ""observed_at"": ""2026-08-10"", ""source_record_id"": null, ""status"": ""observed""}, {""capability"": ""fundraising_expenditure"", ""evidence_ids"": [], ""freshness_note"": ""No direct or defensible derived fundraising expenditure was found in selected Phase 2A evidence."", ""observed_at"": ""2026-08-10"", ""source_record_id"": null, ""status"": ""not_available_from_source""}, {""capability"": ""financials"", ""evidence_ids"": [""ev:ais:46451431764:2023""], ""freshness_note"": null, ""observed_at"": ""2026-08-10"", ""source_record_id"": null, ""status"": ""observed""}]",https://landcare.nsw.gov.au/groups/kosciuszko-to-coast/,South‑east New South Wales (K2C region) | Australian Capital Territory (rural lessees) | Australia,"Kosciuszko to Coast (K2C) is described on its website as a partnership of fourteen organisations that “deliver better natural resource management and environment services and learn from land owners and managers, landcare groups, and community.” The site lists multiple concrete activities: a project titled “Being a Good Neighbour to the Bush for the Yass Gorge” (noting assistance from the NSW Government’s Environmental Trust); a Land for Wildlife scheme and property assessments delivered in south‑east New South Wales and offered to rural lessees in the Australian Capital Territory; workshops run under the Saving our Species program focused on habitat for Scarlet Robin and other vulnerable bush birds; and local events and site visits (for example, Feeling Fishy Day and a visit to Maffra Lake TSR). News items on the site name quolls and other Monaro arboreal mammals. The website frames K2C work as partnership delivery involving landholders, landcare groups and partners. The ACNC AIS 2023 extract in the evidence package reports zero revenue and zero expenses for the 2022–23 reporting year for this subject.","Delivering natural resource management and environment services | Running workshops on habitat and threatened species (Scarlet Robin) | Operating a Land for Wildlife property registration and assessment program | Delivering the ""Being a Good Neighbour to the Bush for the Yass Gorge"" project | Running public events and site visits (e.g. Feeling Fishy Day, Maffra Lake TSR) | Publishing local fauna news and information (e.g. quolls, arboreal mammals)","Land owners and managers | Landcare groups | Local community in the K2C region | Wildlife (examples named: Scarlet Robin, quolls)",Partner organisations working together | Landholder participation in Land for Wildlife registrations and assessments | Attendance at workshops and public events,0,0,,,,acnc-register:purpose.environment | acnc-register:beneficiary.other_beneficiary | causebase:cause.environment | causebase:beneficiary.wildlife | causebase:beneficiary.general_community | causebase:activity.environmental_restoration | causebase:activity.events_and_public_programming | causebase:activity.direct_service | causebase:approach.community_partnership | causebase:participation.public_events,phase2b-2026-08-12-rc1
cb_d38c5da0434e4170aefe64d805d24ed3,unknown,abn:39645963266,HOPEBOX AUSTRALIA LTD,HOPEBOX AUSTRALIA LTD,registered,enriched,"[{""capability"": ""regulatory"", ""evidence_ids"": [""ev:acnc:39645963266""], ""freshness_note"": null, ""observed_at"": ""2026-08-10"", ""source_record_id"": null, ""status"": ""observed""}, {""capability"": ""annual_report"", ""evidence_ids"": [], ""freshness_note"": null, ""observed_at"": ""2026-08-10"", ""source_record_id"": null, ""status"": ""not_yet_processed""}, {""capability"": ""website"", ""evidence_ids"": [], ""freshness_note"": null, ""observed_at"": ""2026-08-10"", ""source_record_id"": null, ""status"": ""retrieval_failed""}, {""capability"": ""fundraising_expenditure"", ""evidence_ids"": [], ""freshness_note"": ""No direct or defensible derived fundraising expenditure was found in selected Phase 2A evidence."", ""observed_at"": ""2026-08-10"", ""source_record_id"": null, ""status"": ""not_available_from_source""}, {""capability"": ""financials"", ""evidence_ids"": [""ev:ais:39645963266:2023""], ""freshness_note"": null, ""observed_at"": ""2026-08-10"", ""source_record_id"": null, ""status"": ""observed""}]",www.hopeboxaustralia.com.au,Australian Capital Territory (ACT) | Australia,"HOPEBOX AUSTRALIA LTD (display name HOPEBOX AUSTRALIA LTD) appears in the Australian Charities and Not-for-profits Commission (ACNC) register. The available regulatory extract and the organisation’s 2023 AIS cover the period 01/01/2023 to 31/01/2024. For that reporting period the AIS lists total revenue of AUD 8,328 and total expenses of AUD 0; the reporting scope is the subject organisation. The ACNC extract is the primary source cited; attempts to retrieve material from the organisation’s website were not successful. The supplied evidence does not describe any programs, services, beneficiaries or modes of participation, and does not specify whether the zero expenses figure reflects timing, accounting classification, or omitted transactions.",,,,8328,0,,,,acnc-register:purpose.social_welfare | acnc-register:beneficiary.regional_remote | causebase:geography.australia | causebase:geography.local_or_regional | causebase:organisation.local,phase2b-2026-08-12-rc1
cb_624e1ae15c664c119cf780ca69df71ba,unknown,abn:83624508961,ACC TAS MINISTRIES LTD,ACC TAS MINISTRIES LTD,registered,enriched,"[{""capability"": ""regulatory"", ""evidence_ids"": [""ev:acnc:83624508961""], ""freshness_note"": null, ""observed_at"": ""2026-08-10"", ""source_record_id"": null, ""status"": ""observed""}, {""capability"": ""annual_report"", ""evidence_ids"": [], ""freshness_note"": null, ""observed_at"": ""2026-08-10"", ""source_record_id"": null, ""status"": ""not_yet_processed""}, {""capability"": ""website"", ""evidence_ids"": [""ev:web:83624508961:2026-08-10""], ""freshness_note"": null, ""observed_at"": ""2026-08-10"", ""source_record_id"": null, ""status"": ""observed""}, {""capability"": ""fundraising_expenditure"", ""evidence_ids"": [], ""freshness_note"": ""No direct or defensible derived fundraising expenditure was found in selected Phase 2A evidence."", ""observed_at"": ""2026-08-10"", ""source_record_id"": null, ""status"": ""not_available_from_source""}, {""capability"": ""financials"", ""evidence_ids"": [""ev:ais:83624508961:2023""], ""freshness_note"": null, ""observed_at"": ""2026-08-10"", ""source_record_id"": null, ""status"": ""observed""}]",www.youthalivetas.com.au,Australia (organisation-stated),"ACC TAS MINISTRIES LTD (operating as Youth Alive Tas on its website) appears on the ACNC register and filed an ACNC Information Statement for 2023. The organisation’s website states, as an organisation-authored claim, that “Youth Alive exists so that every young person in Australia lives their full God purpose.” The observed website homepage includes a visible email subscription prompt (“Sign up with your email address to receive news and updates”) and a labelled section heading “OUR PARTNERS”; no partners were named in the captured excerpt. The ACNC AIS 2023 extract reported revenue of AUD 88,470 and total expenses of AUD 82,490 for the 2023 reporting year. The publicly available excerpts and the ACNC extract provide financial and basic identity information but do not describe specific programs, service delivery activities, staff or volunteer roles, beneficiary numbers, or geographic operating sites beyond the organisation-authored statement about young people in Australia.",Publishes news and updates via an email subscription form (website) | Displays a partners section on its website (heading present in captured excerpt),Young people in Australia (organisation-stated),Email subscription for news and updates,88470,82490,,,,acnc-register:purpose.religion | acnc-register:beneficiary.young_people | causebase:geography.australia | causebase:organisation.national,phase2b-2026-08-12-rc1
cb_6b2097060d424bdf8858dde71c901dbb,unknown,abn:30091040649,International China Concern (Australia) Ltd,International China Concern (Australia) Ltd,registered,enriched,"[{""capability"": ""regulatory"", ""evidence_ids"": [""ev:acnc:30091040649""], ""freshness_note"": null, ""observed_at"": ""2026-08-10"", ""source_record_id"": null, ""status"": ""observed""}, {""capability"": ""annual_report"", ""evidence_ids"": [], ""freshness_note"": null, ""observed_at"": ""2026-08-10"", ""source_record_id"": null, ""status"": ""not_yet_processed""}, {""capability"": ""website"", ""evidence_ids"": [""ev:web:30091040649:2026-08-10""], ""freshness_note"": null, ""observed_at"": ""2026-08-10"", ""source_record_id"": null, ""status"": ""observed""}, {""capability"": ""fundraising_expenditure"", ""evidence_ids"": [], ""freshness_note"": ""No direct or defensible derived fundraising expenditure was found in selected Phase 2A evidence."", ""observed_at"": ""2026-08-10"", ""source_record_id"": null, ""status"": ""not_available_from_source""}, {""capability"": ""financials"", ""evidence_ids"": [""ev:ais:30091040649:2023""], ""freshness_note"": null, ""observed_at"": ""2026-08-10"", ""source_record_id"": null, ""status"": ""observed""}]",chinaconcern.org,"Victoria, Australia","International China Concern (Australia) Ltd is an ACNC‑registered entity with a web presence at chinaconcern.org and structured geography recorded as Victoria, Australia. Publicly available website text describes its privacy and website practices: it collects visitors’ IP addresses and linked data for server administration and aggregate analysis, uses cookies, transmits information via SSL encryption, and names third‑party payment/transaction providers (FundraiseUp, GiftTool, Raisely, Charities Aid Foundation, Mollie). The site includes a published Complaints Policy that references five elements (Culture, Principles, People, Process, Analysis), states the policy is modelled on biblical principles, and sets out a seven‑stage complaint process (acknowledgement, assessment, planning, investigation, response, review, consideration of systemic issues). The policy says complaints will ideally be acknowledged within two business days and that the organisation will report progress if a complaint is not finalised within seven days; it also permits anonymous complaints and use of external investigators. Regulatory financial reporting (ACNC AIS 2023) shows revenue of AUD 899,398 and total expenses of AUD 945,189 for the 2023 reporting year (organisation‑level reporting).",,,Volunteering (mentioned in complaints policy as a stakeholder group),899398,945189,,,,acnc-register:purpose.health | acnc-register:beneficiary.children | causebase:geography.australia | causebase:geography.local_or_regional | causebase:participation.volunteering,phase2b-2026-08-12-rc1
cb_5a2477c3be6941b485a66cf71c5cfb7f,unknown,abn:16055396731,Northern Rivers Animal Services Inc.,Northern Rivers Animal Services Inc.,registered,enriched,"[{""capability"": ""regulatory"", ""evidence_ids"": [""ev:acnc:16055396731""], ""freshness_note"": null, ""observed_at"": ""2026-08-10"", ""source_record_id"": null, ""status"": ""observed""}, {""capability"": ""annual_report"", ""evidence_ids"": [], ""freshness_note"": null, ""observed_at"": ""2026-08-10"", ""source_record_id"": null, ""status"": ""not_yet_processed""}, {""capability"": ""website"", ""evidence_ids"": [""ev:web:16055396731:2026-08-10""], ""freshness_note"": null, ""observed_at"": ""2026-08-10"", ""source_record_id"": null, ""status"": ""observed""}, {""capability"": ""fundraising_expenditure"", ""evidence_ids"": [], ""freshness_note"": ""No direct or defensible derived fundraising expenditure was found in selected Phase 2A evidence."", ""observed_at"": ""2026-08-10"", ""source_record_id"": null, ""status"": ""not_available_from_source""}, {""capability"": ""financials"", ""evidence_ids"": [""ev:ais:16055396731:2023""], ""freshness_note"": null, ""observed_at"": ""2026-08-10"", ""source_record_id"": null, ""status"": ""observed""}]",www.nras.org.au,"Northern Rivers region, New South Wales | Ballina, New South Wales","Northern Rivers Animal Services (NRAS) is a self‑funded, not‑for‑profit registered charity established in 2001 that describes itself as rescuing abandoned, abused, lost and unwanted dogs and cats in the Northern Rivers region of New South Wales. NRAS operates a rescue shelter at 61 Piper Drive, Ballina and runs monthly Adoption Days on the first Saturday of each month (10:00–13:00) where animals available for adoption are presented alongside a pop‑up merchandise store, a community barbecue and low‑cost services such as $10 microchipping, nail clipping and hydrobathing. The organisation advertises that animals remain with foster carers or at the shelter until rehoming; it states all animals are desexed, microchipped, vet checked and vaccinated before adoption. NRAS lists a subsidised desexing program, a Ballina op shop and community events (including an annual Dogs Day Out and a pet calendar competition). The website invites people to become foster carers, volunteer at the shelter or shop, assist with animal transport, garden and maintenance, event staffing or office duties, and notes a nominal annual membership fee and options for donations including gifts in wills.","Rescue and foster care for abandoned, abused, lost and unwanted dogs and cats | Operating NRAS Rescue Shelter at 61 Piper Drive, Ballina (shelter operations) | Hosting monthly Adoption Days (first Saturday, 10:00–13:00) | Providing microchipping, nail clipping and hydrobathing services at Adoption Days | Desexing, microchipping, vaccination and veterinary checks prior to adoption | Running a subsidised desexing program | Operating an op shop in Ballina | Running community events (Dogs Day Out, pet calendar competition)","Abandoned, abused, lost and unwanted dogs and cats | People seeking to adopt dogs or cats (attendees of Adoption Days)",Foster caring | Volunteering at the shelter | Volunteering at the Ballina op shop | Assisting at community events (event staffing) | Providing animal transport | Tending gardens and general maintenance | Becoming a member (nominal annual fee) | Donating (including gifts in wills); attending Adoption Day public events,328748,350299,,,,acnc-register:purpose.animal_welfare | acnc-register:beneficiary.young_people | causebase:cause.animal_welfare | causebase:activity.direct_service | causebase:activity.events_and_public_programming | causebase:approach.volunteer_enabled | causebase:participation.volunteering | causebase:participation.public_events | causebase:participation.working_bees | causebase:geography.local_or_regional,phase2b-2026-08-12-rc1
cb_dfde509267854aa8866f6f904215b7e9,unknown,abn:22007498482,Australian Conservation Foundation Incorporated,Australian Conservation Foundation Incorporated,registered,enriched,"[{""capability"": ""regulatory"", ""evidence_ids"": [""ev:acnc:22007498482""], ""freshness_note"": null, ""observed_at"": ""2026-08-10"", ""source_record_id"": null, ""status"": ""observed""}, {""capability"": ""annual_report"", ""evidence_ids"": [], ""freshness_note"": null, ""observed_at"": ""2026-08-10"", ""source_record_id"": null, ""status"": ""not_yet_processed""}, {""capability"": ""website"", ""evidence_ids"": [""ev:web:22007498482:2026-08-10""], ""freshness_note"": null, ""observed_at"": ""2026-08-10"", ""source_record_id"": null, ""status"": ""observed""}, {""capability"": ""fundraising_expenditure"", ""evidence_ids"": [], ""freshness_note"": ""No direct or defensible derived fundraising expenditure was found in selected Phase 2A evidence."", ""observed_at"": ""2026-08-10"", ""source_record_id"": null, ""status"": ""not_available_from_source""}, {""capability"": ""financials"", ""evidence_ids"": [""ev:ais:22007498482:2023""], ""freshness_note"": null, ""observed_at"": ""2026-08-10"", ""source_record_id"": null, ""status"": ""observed""}]",www.acf.org.au,Australia (national campaigning on federal issues) | Victoria (registered location on ACNC),"The Australian Conservation Foundation (ACF) presents itself on its website as a national advocacy organisation campaigning on climate, deforestation, fossil fuel projects and species decline. Website content cites petitions and open letters (for example, an open letter to Hungry Jack’s on deforestation-free beef and a “No new gas” petition), fundraising appeals to support legal action (a call to “power our court case against Whitehaven Coal”), and a submission sent to the Federal Environment Minister accompanied by 19,516 signatures. The site promotes public events and member activities, including “Australia’s Biggest Bushwalk” and a wildlife art competition for children aged 5–12, and invites people to “join a local group”, “be a member” and “volunteer with us.” The homepage lists news items about courts, government bills and industry finance. The ACNC/AIS extract for 2022–23 records revenue of AUD 18,128,096 and total expenses of AUD 19,263,764 for the reporting period. Claims about campaign “wins” and other outcomes are presented on the website as organisation-authored statements; the evidence provided here is limited to the organisation’s website snapshot and the ACNC/AIS financial extract.","Running petitions and open letters aimed at companies and government | Fundraising to support legal action in environmental cases | Preparing submissions to federal government decision-makers | Organising public events and programs (bushwalks, children’s wildlife art competition) | Recruiting volunteers and supporting local volunteer groups",Wildlife | Communities in Australia,"Volunteering | Public events (bushwalks, art competitions)",18128096,19263764,,,,acnc-register:purpose.environment | acnc-register:beneficiary.general_community | causebase:cause.environment | causebase:beneficiary.wildlife | causebase:activity.advocacy | causebase:activity.events_and_public_programming | causebase:approach.volunteer_enabled | causebase:participation.volunteering | causebase:participation.public_events | causebase:geography.australia,phase2b-2026-08-12-rc1
cb_5391b7249cd04c7cb5252cea57d9c3d9,unknown,abn:86674411801,Animal Welfare Cairns Incorporated,Animal Welfare Cairns Incorporated,registered,enriched,"[{""capability"": ""regulatory"", ""evidence_ids"": [""ev:acnc:86674411801""], ""freshness_note"": null, ""observed_at"": ""2026-08-10"", ""source_record_id"": null, ""status"": ""observed""}, {""capability"": ""annual_report"", ""evidence_ids"": [], ""freshness_note"": null, ""observed_at"": ""2026-08-10"", ""source_record_id"": null, ""status"": ""not_yet_processed""}, {""capability"": ""website"", ""evidence_ids"": [], ""freshness_note"": null, ""observed_at"": ""2026-08-10"", ""source_record_id"": null, ""status"": ""not_available_from_source""}, {""capability"": ""fundraising_expenditure"", ""evidence_ids"": [], ""freshness_note"": ""No direct or defensible derived fundraising expenditure was found in selected Phase 2A evidence."", ""observed_at"": ""2026-08-10"", ""source_record_id"": null, ""status"": ""not_available_from_source""}, {""capability"": ""financials"", ""evidence_ids"": [""ev:ais:86674411801:2023""], ""freshness_note"": null, ""observed_at"": ""2026-08-10"", ""source_record_id"": null, ""status"": ""observed""}]",,"Queensland (QLD), Australia","Animal Welfare Cairns Incorporated is recorded on the Australian Charities and Not-for-profits Commission (ACNC) register; the ACNC register extract and the organisation’s 2023 Annual Information Statement (AIS) are the only available sources in this evidence pack. The AIS covers the financial year 01/10/2022 to 30/09/2023 and reports revenue of AUD 498,644 and total expenses of AUD 332,217; the AIS entry identifies the reporting scope as the subject and the attribution method as a direct subject report, while consolidated reporting is marked unknown. The organisation is associated with Queensland (QLD) in the supplied structured geography. No website, program descriptions, lists of services, beneficiary groups, staffing or volunteer details, annual report text, or descriptions of participation modes appear in the provided extracts. Known coverage metadata notes the ACNC/regulatory extract and the AIS as observed items and indicates other capabilities (website, annual report content, fundraising expenditure) are not available or not yet processed. The available evidence therefore documents registration and headline financial figures for 2022–23 but does not describe activities, programs, locations of service delivery within Queensland, or intended beneficiaries.",,,,498644,332217,,,,acnc-register:purpose.other_purpose | acnc-register:beneficiary.young_people | causebase:geography.australia | causebase:geography.local_or_regional | causebase:organisation.local,phase2b-2026-08-12-rc1
cb_d760af0d10734d6db5f4c29f5c75227d,unknown,abn:34669915333,ADMINISTRATORS FOR MINISTRIES LIMITED,ADMINISTRATORS FOR MINISTRIES LIMITED,registered,enriched,"[{""capability"": ""regulatory"", ""evidence_ids"": [""ev:acnc:34669915333""], ""freshness_note"": null, ""observed_at"": ""2026-08-10"", ""source_record_id"": null, ""status"": ""observed""}, {""capability"": ""annual_report"", ""evidence_ids"": [], ""freshness_note"": null, ""observed_at"": ""2026-08-10"", ""source_record_id"": null, ""status"": ""not_yet_processed""}, {""capability"": ""website"", ""evidence_ids"": [], ""freshness_note"": null, ""observed_at"": ""2026-08-10"", ""source_record_id"": null, ""status"": ""not_available_from_source""}, {""capability"": ""fundraising_expenditure"", ""evidence_ids"": [], ""freshness_note"": null, ""observed_at"": ""2026-08-10"", ""source_record_id"": null, ""status"": ""not_yet_processed""}, {""capability"": ""financials"", ""evidence_ids"": [], ""freshness_note"": null, ""observed_at"": ""2026-08-10"", ""source_record_id"": null, ""status"": ""not_found_in_source""}]",,Queensland (state of registration) | Australia,"This record is for ADMINISTRATORS FOR MINISTRIES LIMITED, shown on the supplied ACNC register extract under that legal and display name. The only jurisdictional detail in the provided evidence is Queensland, where the entity is listed. The evidence pack contains no organisational website, no descriptive text about purposes or programs, no named beneficiaries, and no financial statements or reported activities. Registry metadata in the pack indicates some capabilities (annual report, fundraising expenditure) were not available or not yet processed. The supplied material does not include accounts, program descriptions, staff or volunteer information, or geographic operating locations beyond the Queensland registration.",,,,,,,,,acnc-register:purpose.religion | acnc-register:beneficiary.older_people | causebase:geography.australia | causebase:geography.local_or_regional,phase2b-2026-08-12-rc1
cb_5754e5bcbf3c4a2fa8d59bace5e487c9,unknown,abn:49008643927,National Gallery Of Australia Foundation,National Gallery Of Australia Foundation,registered,enriched,"[{""capability"": ""regulatory"", ""evidence_ids"": [""ev:acnc:49008643927""], ""freshness_note"": null, ""observed_at"": ""2026-08-10"", ""source_record_id"": null, ""status"": ""observed""}, {""capability"": ""annual_report"", ""evidence_ids"": [], ""freshness_note"": null, ""observed_at"": ""2026-08-10"", ""source_record_id"": null, ""status"": ""not_yet_processed""}, {""capability"": ""website"", ""evidence_ids"": [], ""freshness_note"": null, ""observed_at"": ""2026-08-10"", ""source_record_id"": null, ""status"": ""retrieval_failed""}, {""capability"": ""fundraising_expenditure"", ""evidence_ids"": [], ""freshness_note"": ""No direct or defensible derived fundraising expenditure was found in selected Phase 2A evidence."", ""observed_at"": ""2026-08-10"", ""source_record_id"": null, ""status"": ""not_available_from_source""}, {""capability"": ""financials"", ""evidence_ids"": [""ev:ais:49008643927:2023""], ""freshness_note"": null, ""observed_at"": ""2026-08-10"", ""source_record_id"": null, ""status"": ""observed""}]",https://www.nga.gov.au,Australian Capital Territory (ACT) | Australia,"The National Gallery Of Australia Foundation is recorded on the ACNC register with a structured geography of the Australian Capital Territory (ACT). The available regulatory extract includes the organisation’s ACNC information and an ACNC AIS entry covering 01/07/2022 to 30/06/2023. For that reporting year the AIS lists revenue of AUD 5,428,187 and total expenses of AUD 5,355,927. The AIS entry in the evidence set is labelled as a direct subject report and is not consolidated. The source material provided does not include descriptive text about the foundation’s activities, services, beneficiaries or programs. Retrieval of the organisation’s website and other documents was not successful in this evidence pack and an annual report was not processed, so no further operational detail is available here.",,,,5428187,5355927,,,,acnc-register:purpose.other_purpose | acnc-register:beneficiary.general_community | causebase:geography.australia | causebase:geography.local_or_regional | causebase:organisation.local,phase2b-2026-08-12-rc1
cb_57b76ad8dc4d4628a4f07e602fbbcb44,unknown,abn:11580238789,DARWIN VOLUNTEER UNIT (NTES) ASSOCIATION INCORPORATION,DARWIN VOLUNTEER UNIT (NTES) ASSOCIATION INCORPORATION,registered,enriched,"[{""capability"": ""regulatory"", ""evidence_ids"": [""ev:acnc:11580238789""], ""freshness_note"": null, ""observed_at"": ""2026-08-10"", ""source_record_id"": null, ""status"": ""observed""}, {""capability"": ""annual_report"", ""evidence_ids"": [], ""freshness_note"": null, ""observed_at"": ""2026-08-10"", ""source_record_id"": null, ""status"": ""not_yet_processed""}, {""capability"": ""website"", ""evidence_ids"": [""ev:web:11580238789:2026-08-10""], ""freshness_note"": null, ""observed_at"": ""2026-08-10"", ""source_record_id"": null, ""status"": ""observed""}, {""capability"": ""fundraising_expenditure"", ""evidence_ids"": [], ""freshness_note"": null, ""observed_at"": ""2026-08-10"", ""source_record_id"": null, ""status"": ""not_yet_processed""}, {""capability"": ""financials"", ""evidence_ids"": [], ""freshness_note"": null, ""observed_at"": ""2026-08-10"", ""source_record_id"": null, ""status"": ""not_found_in_source""}]",pfes.nt.gov.au/emergency-service,Northern Territory (NT) | Australia,"The ACNC register lists the legal name Darwin Volunteer Unit (NTES) Association Incorporation. The Northern Territory Emergency Service (NTES) website says NTES is part of NT Police, Fire and Emergency Services and is affiliated with the Australia-wide State Emergency Service. The website states NTES is mostly volunteer-based and describes its responsibilities as facilitating emergency management planning, raising public awareness about disasters and providing a response capability for emergency events through dedicated volunteers. It identifies floods, storms and cyclones as event types and publishes public safety and flood preparedness material (advice on what to pack and what to stock). The site includes a community engagement page and notes volunteers come “from all walks of life.” Contact details shown for assistance are 132 500 (and 000 for emergencies). The site also references a 50-year celebration of NTES. The provided sources are the organisation’s website and an ACNC register extract; no additional operational or financial documents were provided in the evidence pack.","Emergency management planning (as described by NTES) | Volunteer-led emergency response for floods, storms and cyclones | Public awareness and flood preparedness information | Community engagement activities (community engagement page)",Residents and communities of the Northern Territory,Volunteering through NTES units | Participation in community engagement and public information activities,,,,,,acnc-register:purpose.other_purpose | acnc-register:beneficiary.older_people | causebase:cause.humanitarian_assistance | causebase:cause.community_wellbeing | causebase:beneficiary.general_community | causebase:activity.direct_service | causebase:activity.events_and_public_programming | causebase:approach.volunteer_enabled | causebase:participation.volunteering | causebase:geography.local_or_regional,phase2b-2026-08-12-rc1
cb_7b30bb821f1d4696a73b4bb70d701c6c,unknown,abn:99155905829,Australian Philanthropic Services Limited,Australian Philanthropic Services Limited,registered,enriched,"[{""capability"": ""regulatory"", ""evidence_ids"": [""ev:acnc:99155905829""], ""freshness_note"": null, ""observed_at"": ""2026-08-10"", ""source_record_id"": null, ""status"": ""observed""}, {""capability"": ""annual_report"", ""evidence_ids"": [], ""freshness_note"": null, ""observed_at"": ""2026-08-10"", ""source_record_id"": null, ""status"": ""not_yet_processed""}, {""capability"": ""website"", ""evidence_ids"": [""ev:web:99155905829:2026-08-10""], ""freshness_note"": null, ""observed_at"": ""2026-08-10"", ""source_record_id"": null, ""status"": ""observed""}, {""capability"": ""fundraising_expenditure"", ""evidence_ids"": [], ""freshness_note"": ""No direct or defensible derived fundraising expenditure was found in selected Phase 2A evidence."", ""observed_at"": ""2026-08-10"", ""source_record_id"": null, ""status"": ""not_available_from_source""}, {""capability"": ""financials"", ""evidence_ids"": [""ev:ais:99155905829:2023""], ""freshness_note"": null, ""observed_at"": ""2026-08-10"", ""source_record_id"": null, ""status"": ""observed""}]",https://australianphilanthropicservices.com.au,New South Wales | Australia,"Australian Philanthropic Services Limited (APS), registered in New South Wales, features website content and client-facing activity related to philanthropy and environmental topics. Website excerpts describe a “Marine Conservation client event” that explored opportunities and challenges facing oceans, research and conservation efforts, and “where philanthropy can make the greatest difference.” The site also includes a page titled “Should I set up a giving fund or donate directly to charity?” that presents questions about choosing a giving structure. APS published a governance note announcing the appointment of Lisa George to its board in July 2026. The ACNC AIS extract for the 2022–23 financial year (1 July 2022 to 30 June 2023) reports revenue of AUD 6,286,742 and total expenses of AUD 7,542,032. Publicly available evidence for APS in this package consists of brief website excerpts and the ACNC AIS financial figures; the material documents events, web content and a board appointment but does not provide detailed program descriptions, service delivery methods, or staff and volunteer numbers.",Runs client events on marine conservation and philanthropy | Publishes website content comparing giving fund structures and direct giving | Issues governance announcements (board appointments),Donors and prospective donors (audience for giving-structure guidance) | Marine wildlife (topic of marine conservation event),Client events | Website information for donors | Public governance announcements,6286742,7542032,,,,acnc-register:purpose.education | acnc-register:beneficiary.general_community | causebase:cause.environment | causebase:beneficiary.wildlife | causebase:activity.events_and_public_programming | causebase:geography.local_or_regional | causebase:geography.australia | causebase:organisation.local,phase2b-2026-08-12-rc1
cb_e26f2d8882614c9cbcf906a11734c7e1,unknown,abn:16636320874,Geelong & District Day Nursery Incorporated,Geelong & District Day Nursery Incorporated,registered,enriched,"[{""capability"": ""regulatory"", ""evidence_ids"": [""ev:acnc:16636320874""], ""freshness_note"": null, ""observed_at"": ""2026-08-10"", ""source_record_id"": null, ""status"": ""observed""}, {""capability"": ""annual_report"", ""evidence_ids"": [], ""freshness_note"": null, ""observed_at"": ""2026-08-10"", ""source_record_id"": null, ""status"": ""not_yet_processed""}, {""capability"": ""website"", ""evidence_ids"": [""ev:web:16636320874:2026-08-10""], ""freshness_note"": null, ""observed_at"": ""2026-08-10"", ""source_record_id"": null, ""status"": ""observed""}, {""capability"": ""fundraising_expenditure"", ""evidence_ids"": [], ""freshness_note"": ""No direct or defensible derived fundraising expenditure was found in selected Phase 2A evidence."", ""observed_at"": ""2026-08-10"", ""source_record_id"": null, ""status"": ""not_available_from_source""}, {""capability"": ""financials"", ""evidence_ids"": [""ev:ais:16636320874:2023""], ""freshness_note"": null, ""observed_at"": ""2026-08-10"", ""source_record_id"": null, ""status"": ""observed""}]",www.geelongchildrenscentre.com.au,"Victoria (VIC, Australia)","Geelong & District Day Nursery Incorporated (display name: Geelong & District Day Nursery Incorporated; website: https://geelongchildrenscentre.com.au/) is registered in Victoria. Evidence available for this subject comprises an ACNC register entry, the organisation’s website homepage, and an ACNC Annual Information Statement (AIS) for 01/07/2022–30/06/2023. The AIS reports revenue of AUD 3,936,353 and total expenses of AUD 3,592,605 for that reporting period. The organisation’s legal name and website name refer to a day nursery/children’s centre; the website snapshot in the evidence pack was not readable for extraction of further program or service details. No independent documentation of specific programs, participant numbers, service locations within Victoria, staffing or governance detail was provided in the selected excerpts.",Operates as a day nursery / children’s centre (stated in legal and display names and website URL),Children (implied by the organisation’s legal and display names),,3936353,3592605,,,,acnc-register:purpose.education | acnc-register:beneficiary.people_with_disability | causebase:geography.local_or_regional | causebase:geography.australia | causebase:organisation.local | causebase:activity.direct_service,phase2b-2026-08-12-rc1
cb_14a282ecac4e4ba1a241ceac202aaf5f,unknown,abn:24654346693,BROTHER TO ANOTHER LTD,BROTHER TO ANOTHER LTD,registered,enriched,"[{""capability"": ""regulatory"", ""evidence_ids"": [""ev:acnc:24654346693""], ""freshness_note"": null, ""observed_at"": ""2026-08-10"", ""source_record_id"": null, ""status"": ""observed""}, {""capability"": ""annual_report"", ""evidence_ids"": [], ""freshness_note"": null, ""observed_at"": ""2026-08-10"", ""source_record_id"": null, ""status"": ""not_yet_processed""}, {""capability"": ""website"", ""evidence_ids"": [], ""freshness_note"": null, ""observed_at"": ""2026-08-10"", ""source_record_id"": null, ""status"": ""not_available_from_source""}, {""capability"": ""fundraising_expenditure"", ""evidence_ids"": [], ""freshness_note"": ""No direct or defensible derived fundraising expenditure was found in selected Phase 2A evidence."", ""observed_at"": ""2026-08-10"", ""source_record_id"": null, ""status"": ""not_available_from_source""}, {""capability"": ""financials"", ""evidence_ids"": [""ev:ais:24654346693:2023""], ""freshness_note"": null, ""observed_at"": ""2026-08-10"", ""source_record_id"": null, ""status"": ""observed""}]",,Northern Territory (NT),"BROTHER TO ANOTHER LTD is recorded on the ACNC register with its structured geography listed as the Northern Territory (NT). The supplied regulatory documents comprise an ACNC register extract and the organisation’s Annual Information Statement (AIS) for the reporting period 01/07/2022 to 30/06/2023. The AIS records revenue of AUD 660,000 and total expenses of AUD 627,000 for that year; the financial submission is presented as consolidated and attributed to the organisation’s own report. No website, program descriptions, annual report text, service locations within the NT, named beneficiary groups, staff or volunteer numbers, or descriptions of specific activities or projects are included in the provided evidence. The legal and display name in the extracts is BROTHER TO ANOTHER LTD. The evidence supplied is limited to the ACNC extracts and the 2022–23 AIS financial figures; it does not describe programs, beneficiaries, modes of participation or operational details beyond the jurisdiction and financial totals.",,,,660000,627000,,,,acnc-register:purpose.social_welfare | acnc-register:beneficiary.children | causebase:geography.australia | causebase:geography.local_or_regional,phase2b-2026-08-12-rc1
cb_17b5799156f848e2acd03529c3e1b451,unknown,abn:75442934320,Craftsouth: Centre For Contemporary Craft & Design Inc,Craftsouth: Centre For Contemporary Craft & Design Inc,registered,enriched,"[{""capability"": ""regulatory"", ""evidence_ids"": [""ev:acnc:75442934320""], ""freshness_note"": null, ""observed_at"": ""2026-08-10"", ""source_record_id"": null, ""status"": ""observed""}, {""capability"": ""annual_report"", ""evidence_ids"": [], ""freshness_note"": null, ""observed_at"": ""2026-08-10"", ""source_record_id"": null, ""status"": ""not_yet_processed""}, {""capability"": ""website"", ""evidence_ids"": [""ev:web:75442934320:2026-08-10""], ""freshness_note"": null, ""observed_at"": ""2026-08-10"", ""source_record_id"": null, ""status"": ""observed""}, {""capability"": ""fundraising_expenditure"", ""evidence_ids"": [], ""freshness_note"": ""No direct or defensible derived fundraising expenditure was found in selected Phase 2A evidence."", ""observed_at"": ""2026-08-10"", ""source_record_id"": null, ""status"": ""not_available_from_source""}, {""capability"": ""financials"", ""evidence_ids"": [""ev:ais:75442934320:2023""], ""freshness_note"": null, ""observed_at"": ""2026-08-10"", ""source_record_id"": null, ""status"": ""observed""}]",www.guildhouse.org.au,South Australia (SA) | beyond South Australia (extent not specified in available evidence),"Regulatory records list the legal name as Craftsouth: Centre For Contemporary Craft & Design Inc, while the organisation’s website presents itself as Guildhouse. The website describes programs and services aimed at practising visual artists, craft makers and designers, and a membership of “more than 1200 practising artists across South Australia and beyond.” Concrete activities listed on the site include fellowships, peer‑to‑peer mentorships, direct artist commissions, professional development workshops, studio residencies, tailored professional services and connections to paid opportunities. The organisation also describes presenting work to audiences in traditional and non‑traditional spaces (exhibitions/public programs), publishing artist toolkits, issuing calls for participation and contributing to sector development through advocacy, targeted research and capacity building. The site names support from the South Australian Government (CreateSA) and the Visual Arts, Craft and Design Partnership Framework. Financial reporting for 2023 shows revenue and expenses reported in the AIS. The website language reflects the organisation’s own description of these activities; available evidence does not independently verify operational details or the extent of services beyond South Australia.","fellowships | peer-to-peer mentorships | direct artist commissions | professional development workshops | studio residencies | tailored professional services | presentations and exhibitions | publication of artist toolkits | calls for participation | sector development, advocacy and research",visual artists | craft makers | designers | Guildhouse members (more than 1200 practising artists as stated on website),membership | application-based fellowships and residencies | professional development workshops | artist commissions | public presentations and exhibitions | calls/callouts,1464395,1459858,,,,acnc-register:purpose.culture | acnc-register:beneficiary.young_people | causebase:activity.events_and_public_programming | causebase:activity.advocacy | causebase:activity.direct_service | causebase:activity.employment_support | causebase:participation.public_events | causebase:geography.local_or_regional | causebase:organisation.local,phase2b-2026-08-12-rc1
cb_d0e0f5a5a57e40efb5b6b892f21e2f6a,unknown,abn:94476522583,AUSTRALIAN RURAL YOUTH FOUNDATION INCORPORATED,AUSTRALIAN RURAL YOUTH FOUNDATION INCORPORATED,registered,enriched,"[{""capability"": ""regulatory"", ""evidence_ids"": [""ev:acnc:94476522583""], ""freshness_note"": null, ""observed_at"": ""2026-08-10"", ""source_record_id"": null, ""status"": ""observed""}, {""capability"": ""annual_report"", ""evidence_ids"": [], ""freshness_note"": null, ""observed_at"": ""2026-08-10"", ""source_record_id"": null, ""status"": ""not_yet_processed""}, {""capability"": ""website"", ""evidence_ids"": [], ""freshness_note"": null, ""observed_at"": ""2026-08-10"", ""source_record_id"": null, ""status"": ""not_available_from_source""}, {""capability"": ""fundraising_expenditure"", ""evidence_ids"": [], ""freshness_note"": null, ""observed_at"": ""2026-08-10"", ""source_record_id"": null, ""status"": ""not_yet_processed""}, {""capability"": ""financials"", ""evidence_ids"": [], ""freshness_note"": null, ""observed_at"": ""2026-08-10"", ""source_record_id"": null, ""status"": ""not_found_in_source""}]",,Tasmania (TAS),"AUSTRALIAN RURAL YOUTH FOUNDATION INCORPORATED appears in the Australian Charities and Not-for-profits Commission (ACNC) register under that legal name and display name. The supplied ACNC register extract was observed on 10 August 2026 and lists Tasmania (TAS) as the structured geography for the organisation. No website, programme descriptions, beneficiary groups, activity listings or financial statements were included in the supplied evidence. The evidence set does not include an annual report or other documentation describing services, events, governance beyond the ACNC entry, or how people can participate. The organisation is identified by registration data only in the provided materials; claims about its aims, activities or beneficiaries would require additional sources.",,,,,,,,,acnc-register:purpose.other_purpose | acnc-register:beneficiary.young_people,phase2b-2026-08-12-rc1
cb_b88ef38552d74cfc9bad7cb97f99f8e9,unknown,abn:92259617291,Greenbushes Community Shed,Greenbushes Community Shed,registered,enriched,"[{""capability"": ""regulatory"", ""evidence_ids"": [""ev:acnc:92259617291""], ""freshness_note"": null, ""observed_at"": ""2026-08-10"", ""source_record_id"": null, ""status"": ""observed""}, {""capability"": ""annual_report"", ""evidence_ids"": [], ""freshness_note"": null, ""observed_at"": ""2026-08-10"", ""source_record_id"": null, ""status"": ""not_yet_processed""}, {""capability"": ""website"", ""evidence_ids"": [], ""freshness_note"": null, ""observed_at"": ""2026-08-10"", ""source_record_id"": null, ""status"": ""not_available_from_source""}, {""capability"": ""fundraising_expenditure"", ""evidence_ids"": [], ""freshness_note"": null, ""observed_at"": ""2026-08-10"", ""source_record_id"": null, ""status"": ""not_yet_processed""}, {""capability"": ""financials"", ""evidence_ids"": [], ""freshness_note"": null, ""observed_at"": ""2026-08-10"", ""source_record_id"": null, ""status"": ""not_found_in_source""}]",,Western Australia,"Greenbushes Community Shed is a registered entity on the Australian Charities and Not-for-profits Commission (ACNC) register with its recorded location in Western Australia. CauseBase has not located a website, public self-description, annual report text, or financial statements in the supplied sources, and the ACNC extract in this release does not provide further descriptive detail about the group’s activities, services, beneficiaries or participation methods. No organisation-authored program descriptions or activity lists were available in the provided evidence. The name and registration entry are recorded facts from the regulatory extract; any additional statements about purpose, programmes or operations were not included in the supplied material and therefore are not represented here.",,,,,,,,,acnc-register:purpose.social_welfare | acnc-register:beneficiary.people_with_disability | causebase:geography.australia | causebase:geography.local_or_regional,phase2b-2026-08-12-rc1
cb_ee393e7118d44a62943869ca31576bc1,unknown,abn:20695710082,VITAL LIFE CHOICE LTD,VITAL LIFE CHOICE LTD,registered,enriched,"[{""capability"": ""regulatory"", ""evidence_ids"": [""ev:acnc:20695710082""], ""freshness_note"": null, ""observed_at"": ""2026-08-10"", ""source_record_id"": null, ""status"": ""observed""}, {""capability"": ""annual_report"", ""evidence_ids"": [], ""freshness_note"": null, ""observed_at"": ""2026-08-10"", ""source_record_id"": null, ""status"": ""not_yet_processed""}, {""capability"": ""website"", ""evidence_ids"": [""ev:web:20695710082:2026-08-10""], ""freshness_note"": null, ""observed_at"": ""2026-08-10"", ""source_record_id"": null, ""status"": ""observed""}, {""capability"": ""fundraising_expenditure"", ""evidence_ids"": [], ""freshness_note"": null, ""observed_at"": ""2026-08-10"", ""source_record_id"": null, ""status"": ""not_yet_processed""}, {""capability"": ""financials"", ""evidence_ids"": [], ""freshness_note"": null, ""observed_at"": ""2026-08-10"", ""source_record_id"": null, ""status"": ""not_found_in_source""}]",https://vitallifechoice.org.au,"Adelaide, South Australia (Henley Beach Rd, Lockleys SA 5032) | Darwin, Northern Territory (listed research partner)","VITAL LIFE CHOICE LTD is registered with the ACNC as a charity described on its website as a Health Promotion Charity focused on prevention and control of mental and physical diseases, with particular emphasis on Type 2 diabetes. The organisation’s website lists an Adelaide address (Henley Beach Rd, Lockleys SA 5032) and ABN 20 695 710 082. The site describes its core activity as “Community Health Centre Operation (87900 — mainly counselling)” and presents the organisation as offering community health counselling services that link mental choices, diet and environment to physical disease. The website also says the organisation disseminates evidence-based medical research and educational resources, allows open redistribution for non-commercial disease-prevention purposes, and plans quarterly public awareness campaigns focused sequentially on excess carbohydrates, salt, oil and plastic exposure using TV, radio, live events and digital media. The site states requested funds would support staff roles (Project Manager, marketing specialists) and digital resources. It notes a research partner, VitaChoice LTD, listed as located in Darwin. The website includes a medical-advice disclaimer that materials are for educational purposes and encourages volunteer involvement and partnerships.","Community health counselling (Community Health Centre Operation; described as mainly counselling) | Dissemination of evidence-based medical and scientific research and educational resources on diabetes | Public awareness campaigns using TV, radio, live events and digital media",People in Adelaide and surrounding communities | Members of the Australian public seeking information about diabetes and related conditions,"Volunteering (website invites volunteers and partners) | Public events and media campaigns (TV, radio, live events, digital media)",,,,,,acnc-register:purpose.health | acnc-register:beneficiary.general_community | causebase:cause.community_wellbeing | causebase:activity.direct_service | causebase:activity.advocacy | causebase:activity.events_and_public_programming | causebase:approach.volunteer_enabled | causebase:participation.volunteering | causebase:participation.public_events | causebase:geography.local_or_regional,phase2b-2026-08-12-rc1
cb_469175eaa539491a857a9f75a664cc09,unknown,abn:30797398790,Catholic Missions,Catholic Missions,registered,enriched,"[{""capability"": ""regulatory"", ""evidence_ids"": [""ev:acnc:30797398790""], ""freshness_note"": null, ""observed_at"": ""2026-08-10"", ""source_record_id"": null, ""status"": ""observed""}, {""capability"": ""annual_report"", ""evidence_ids"": [], ""freshness_note"": null, ""observed_at"": ""2026-08-10"", ""source_record_id"": null, ""status"": ""not_yet_processed""}, {""capability"": ""website"", ""evidence_ids"": [""ev:web:30797398790:2026-08-10""], ""freshness_note"": null, ""observed_at"": ""2026-08-10"", ""source_record_id"": null, ""status"": ""observed""}, {""capability"": ""fundraising_expenditure"", ""evidence_ids"": [], ""freshness_note"": ""No direct or defensible derived fundraising expenditure was found in selected Phase 2A evidence."", ""observed_at"": ""2026-08-10"", ""source_record_id"": null, ""status"": ""not_available_from_source""}, {""capability"": ""financials"", ""evidence_ids"": [""ev:ais:30797398790:2023""], ""freshness_note"": null, ""observed_at"": ""2026-08-10"", ""source_record_id"": null, ""status"": ""observed""}]",https://m.facebook.com/holyfamilykarama/?rf=597906627212090,"Northern Territory (NT), Australia","Catholic Missions (legal name) is recorded in the supplied regulatory extracts and is associated in the data with a mobile Facebook URL for a page titled ‘Holy Family Karama’. The structured geography field in the evidence package lists Northern Territory (NT). An ACNC/AIS extract from 2023 is included as a direct subject report and in that extract the reported revenue and total expenses are both AUD 0; the extract does not indicate consolidation status. A supplied snapshot of the organisation website URL shows a Facebook login/redirect and an error message saying Facebook is not available on the browser; the public content of the Facebook page was not accessible from the supplied link. The evidence package contains no organisation-authored descriptive text, no structured activity entries, no listed beneficiaries and no participation details. Known coverage metadata notes regulatory and financial evidence observed and that annual report and fundraising-expenditure coverage have not yet been processed. The publicly supplied materials do not describe concrete programs, locations of activity within NT, beneficiary groups, governance or staffing.",,,,0,0,,,,acnc-register:purpose.religion | acnc-register:beneficiary.other_beneficiary | causebase:geography.australia | causebase:geography.local_or_regional | causebase:organisation.local,phase2b-2026-08-12-rc1
cb_b2755ba4bf894e7c825199e86ced96d4,unknown,abn:36314845868,Befriend Inc.,Befriend Inc.,registered,enriched,"[{""capability"": ""regulatory"", ""evidence_ids"": [""ev:acnc:36314845868""], ""freshness_note"": null, ""observed_at"": ""2026-08-10"", ""source_record_id"": null, ""status"": ""observed""}, {""capability"": ""annual_report"", ""evidence_ids"": [], ""freshness_note"": null, ""observed_at"": ""2026-08-10"", ""source_record_id"": null, ""status"": ""not_yet_processed""}, {""capability"": ""website"", ""evidence_ids"": [""ev:web:36314845868:2026-08-10""], ""freshness_note"": null, ""observed_at"": ""2026-08-10"", ""source_record_id"": null, ""status"": ""observed""}, {""capability"": ""fundraising_expenditure"", ""evidence_ids"": [], ""freshness_note"": ""No direct or defensible derived fundraising expenditure was found in selected Phase 2A evidence."", ""observed_at"": ""2026-08-10"", ""source_record_id"": null, ""status"": ""not_available_from_source""}, {""capability"": ""financials"", ""evidence_ids"": [""ev:ais:36314845868:2023""], ""freshness_note"": null, ""observed_at"": ""2026-08-10"", ""source_record_id"": null, ""status"": ""observed""}]",https://befriend.org.au,Western Australia | Greater Perth | Wanneroo and Perth’s northern corridor,"According to its website and ACNC filings, Befriend Inc. is a Western Australian community organisation that describes its work as sparking connections and supporting people who want a greater sense of belonging. The website lists recurring activities including weekly community groups and gatherings (for example John’s WingSpan Group and Nat’s Art Circle), workshops and courses, guidance and mentoring, and a Possibility Fellowship program. It also describes locally‑focused projects such as the Swan Repair Café, Burns Beach Sunset Walk and Neil Hawkins BBQ, and a Resilient Together Wanneroo project in Perth’s northern corridor. Befriend publishes articles, podcasts and an annual Social Impact Report; the site notes a 2026 Inclusive Volunteering Award and various member stories. The organisation’s ACNC data and 2022–23 AIS show revenue of AUD 895,313 and expenses of AUD 976,329 for the year to 30 June 2023. The website refers repeatedly to hosts, volunteers and a Community Connector role that help run activities.","Runs weekly community groups and gatherings (e.g. John’s WingSpan Group, Nat’s Art Circle) | Delivers workshops and courses | Provides guidance and mentoring and a Possibility Fellowship programme | Organises local projects and events (e.g. Swan Repair Café, Burns Beach Sunset Walk, Neil Hawkins BBQ) | Publishes articles, podcasts and a Social Impact Report","People seeking social connection and belonging | People with disability (examples on the website include autism and expressive aphasia) | Residents of Greater Perth, including Wanneroo and Perth’s northern corridor","Volunteering (hosts and volunteers) | Attending groups and workshops | Attending public community events (walks, BBQs, repair café) | Participation in a multi‑week Possibility Fellowship programme",895313,976329,,,,acnc-register:purpose.other_purpose | acnc-register:beneficiary.older_people | causebase:activity.direct_service | causebase:activity.events_and_public_programming | causebase:approach.volunteer_enabled | causebase:approach.community_partnership | causebase:participation.volunteering | causebase:participation.public_events | causebase:geography.local_or_regional | causebase:beneficiary.people_experiencing_disadvantage,phase2b-2026-08-12-rc1
cb_c98b2e14f66e429aa26c655d3e2ba99b,unknown,abn:24602619634,INNOVATE AUSTRALIA LTD,INNOVATE AUSTRALIA LTD,registered,enriched,"[{""capability"": ""regulatory"", ""evidence_ids"": [""ev:acnc:24602619634""], ""freshness_note"": null, ""observed_at"": ""2026-08-10"", ""source_record_id"": null, ""status"": ""observed""}, {""capability"": ""annual_report"", ""evidence_ids"": [], ""freshness_note"": null, ""observed_at"": ""2026-08-10"", ""source_record_id"": null, ""status"": ""not_yet_processed""}, {""capability"": ""website"", ""evidence_ids"": [""ev:web:24602619634:2026-08-10""], ""freshness_note"": null, ""observed_at"": ""2026-08-10"", ""source_record_id"": null, ""status"": ""observed""}, {""capability"": ""fundraising_expenditure"", ""evidence_ids"": [], ""freshness_note"": null, ""observed_at"": ""2026-08-10"", ""source_record_id"": null, ""status"": ""not_yet_processed""}, {""capability"": ""financials"", ""evidence_ids"": [], ""freshness_note"": null, ""observed_at"": ""2026-08-10"", ""source_record_id"": null, ""status"": ""not_found_in_source""}]",https://innovateaustralia.org/,Western Australia | Organisation states it has a wide national footprint across Australia,"Innovate Australia Ltd (website content) says it was established in 2014 as a not‑for‑profit, independent facilitator to “encourage, assist and proactively promote Australian innovation.” The organisation’s website states it works with industry to bring about and encourage innovation, to showcase innovation, and to develop innovation programs and networks. Slides on the site reference event activity and sponsorship (slide text: “Proud sponsor … Road to Geneva - Finals - 27-03-25”). Recent website content includes a blog post titled “What Judging AI Startups Taught Me About Where the Industry Is Actually Headed” (9 June 2026), and the site notes involvement in judging AI startups. The ACNC register extract for the entity is recorded in the evidence pack but no financial details were provided in the available sources. The organisation is associated with Western Australia in structured data; the site also describes a “wide national footprint” (organisation claim).","Encouraging, assisting and promoting Australian innovation (organisation claim) | Working with industry to develop innovation programs and networks | Showcasing innovation through events and sponsorship | Judging startup competitions and publishing online commentary","Industry participants | Startups, including AI startups",Judging competitions | Sponsoring events | Public events and showcases | Online publishing (blogs and commentary),,,,,,acnc-register:purpose.other_purpose | acnc-register:beneficiary.general_community | causebase:activity.events_and_public_programming | causebase:activity.advocacy | causebase:approach.community_partnership | causebase:participation.public_events | causebase:geography.australia,phase2b-2026-08-12-rc1
cb_5483604fd0cc45e298015790e04a3d3a,unknown,abn:24661281465,GLOBAL WILDLIFE FUND LIMITED,GLOBAL WILDLIFE FUND LIMITED,registered,enriched,"[{""capability"": ""regulatory"", ""evidence_ids"": [""ev:acnc:24661281465""], ""freshness_note"": null, ""observed_at"": ""2026-08-10"", ""source_record_id"": null, ""status"": ""observed""}, {""capability"": ""annual_report"", ""evidence_ids"": [], ""freshness_note"": null, ""observed_at"": ""2026-08-10"", ""source_record_id"": null, ""status"": ""not_yet_processed""}, {""capability"": ""website"", ""evidence_ids"": [""ev:web:24661281465:2026-08-10""], ""freshness_note"": null, ""observed_at"": ""2026-08-10"", ""source_record_id"": null, ""status"": ""observed""}, {""capability"": ""fundraising_expenditure"", ""evidence_ids"": [], ""freshness_note"": null, ""observed_at"": ""2026-08-10"", ""source_record_id"": null, ""status"": ""not_yet_processed""}, {""capability"": ""financials"", ""evidence_ids"": [], ""freshness_note"": null, ""observed_at"": ""2026-08-10"", ""source_record_id"": null, ""status"": ""not_found_in_source""}]",https://globalwildlifefund.org/,"Australia (registered location shown as New South Wales) | Sub‑Saharan Africa (including Matusadona National Park, Zimbabwe) | Andes–Amazon region (Ecuador, Narupa Reserve) | New Guinea and the Pacific (Papua, Vogelkop Peninsula, Indonesia) | Asian biodiversity hotspots","Global Wildlife Fund Limited is described on its website as an Australian charity, based in New South Wales, that partners with local conservation organisations to fund and oversee overseas conservation projects. The organisation lists initial geographic priorities as Sub‑Saharan Africa, the Andes–Amazon, New Guinea and the Pacific, and Asian biodiversity hotspots. Website material and news items cited include wildlife translocations (for example, reintroduction of black rhino to Matusadona National Park and translocation of sable antelope in Zimbabwe), a Papua Community Forest Project that aims to help communities secure customary title and implement forest management to prevent industrial logging, and purchase of 250 hectares to expand Narupa Reserve in the Ecuadorian Amazon. The site names target species and groups such as black rhino, snow leopards, African wild dogs, hummingbirds, macaws, birds of paradise and rediscovered marsupials in Papua. The organisation states it negotiates project funding agreements, tracks project progress and reports back on outcomes and metrics. The website also states that directors and founders donate their time to research, assess, support and audit projects and that Australians can make tax‑deductible gifts.","Funding and support for wildlife translocations (e.g. black rhino, sable antelope) | Funding or facilitating acquisition/expansion of private non‑profit reserves (e.g. 250 ha expansion of Narupa Reserve, Ecuador) | Supporting community land‑rights and forest management activities (Papua Community Forest Project) | Negotiating project funding agreements and tracking/reporting project progress","Wildlife species mentioned on the website (black rhino, snow leopards, African wild dogs, hummingbirds, macaws, birds of paradise, rediscovered Papua marsupials) | Local communities in project areas (e.g. Papua communities securing customary title) | Habitats and ecosystems cited on the website (savannas, rainforests, lower montane tropical forest)","Australians making tax‑deductible donations to projects | Directors and founders donate their time to research, assess, support and audit projects (organisation‑reported volunteering)",,,,,,acnc-register:purpose.environment | acnc-register:beneficiary.environment | causebase:cause.environment | causebase:beneficiary.wildlife | causebase:activity.environmental_restoration | causebase:activity.direct_service | causebase:approach.community_partnership | causebase:approach.volunteer_enabled | causebase:participation.volunteering | causebase:geography.australia,phase2b-2026-08-12-rc1
cb_ad96c6cc41e54daf8fd0a0aa3afde6b3,unknown,abn:54001276599,Christian Community Services,Christian Community Services,registered,enriched,"[{""capability"": ""regulatory"", ""evidence_ids"": [""ev:acnc:54001276599""], ""freshness_note"": null, ""observed_at"": ""2026-08-10"", ""source_record_id"": null, ""status"": ""observed""}, {""capability"": ""annual_report"", ""evidence_ids"": [], ""freshness_note"": null, ""observed_at"": ""2026-08-10"", ""source_record_id"": null, ""status"": ""not_yet_processed""}, {""capability"": ""website"", ""evidence_ids"": [""ev:web:54001276599:2026-08-10""], ""freshness_note"": null, ""observed_at"": ""2026-08-10"", ""source_record_id"": null, ""status"": ""observed""}, {""capability"": ""fundraising_expenditure"", ""evidence_ids"": [], ""freshness_note"": ""No direct or defensible derived fundraising expenditure was found in selected Phase 2A evidence."", ""observed_at"": ""2026-08-10"", ""source_record_id"": null, ""status"": ""not_available_from_source""}, {""capability"": ""financials"", ""evidence_ids"": [""ev:ais:54001276599:2023""], ""freshness_note"": null, ""observed_at"": ""2026-08-10"", ""source_record_id"": null, ""status"": ""observed""}]",www.ccs.com.au,Australia | Three local/regional retirement communities named on the website (locations not specified in provided evidence),"Christian Community Services (CCS) is described on its website as operating three retirement communities and residential care communities. The site names specific villages (Lynden Grove, Elouera Gardens, Glenhaven Gardens) and refers to Carinya House in the context of residential aged care. The website states CCS places ""building personal relationships with our residents and families"" at the heart of its model of care and describes a ""team of carers"" who aim to support residents to maintain independence. The site advertises features such as on-site services, safety and accessibility design, bus outings and opportunities to ""book a tour"" or ""view video."" Resident testimonials about community, staff and organised outings appear on the homepage. CCS’s ACNC Annual Information Statement for 2022–23 is included in the evidence pack and records revenue of AUD 30,276,283 and total expenses of AUD 29,505,018 for the year ended 30 June 2023. The website also presents CCS’s activities in a faith context, stating Christian values shape its purpose; this is presented as the organisation’s account rather than independently verified description.",Operates three retirement villages | Operates residential aged care or residential care communities (Carinya House referenced) | Provides on-site care services through employed carers | Runs resident social activities such as bus outings | Offers tours and online video information for prospective residents,Residents of retirement villages | People receiving residential aged care | Family members of residents | Older people / seniors,Prospective residents can book tours | Residents attend organised outings (bus outings),30276283,29505018,,,,acnc-register:purpose.health | acnc-register:beneficiary.older_people | causebase:activity.direct_service | causebase:activity.events_and_public_programming | causebase:geography.australia | causebase:geography.local_or_regional | causebase:organisation.local,phase2b-2026-08-12-rc1
cb_714e8b04a8e845ee9fe79ca9555c100b,unknown,abn:21602259214,CIRCOBATS INCORPORATED,CIRCOBATS INCORPORATED,registered,enriched,"[{""capability"": ""regulatory"", ""evidence_ids"": [""ev:acnc:21602259214""], ""freshness_note"": null, ""observed_at"": ""2026-08-10"", ""source_record_id"": null, ""status"": ""observed""}, {""capability"": ""annual_report"", ""evidence_ids"": [], ""freshness_note"": null, ""observed_at"": ""2026-08-10"", ""source_record_id"": null, ""status"": ""not_yet_processed""}, {""capability"": ""website"", ""evidence_ids"": [""ev:web:21602259214:2026-08-10""], ""freshness_note"": null, ""observed_at"": ""2026-08-10"", ""source_record_id"": null, ""status"": ""observed""}, {""capability"": ""fundraising_expenditure"", ""evidence_ids"": [], ""freshness_note"": null, ""observed_at"": ""2026-08-10"", ""source_record_id"": null, ""status"": ""not_yet_processed""}, {""capability"": ""financials"", ""evidence_ids"": [], ""freshness_note"": null, ""observed_at"": ""2026-08-10"", ""source_record_id"": null, ""status"": ""not_found_in_source""}]",https://www.circobats.com/,"Adelaide, South Australia | Australia","Circobats Incorporated is presented on its website as an Adelaide-based circus school that offers classes and workshops for children and adults. The site lists a regular term timetable for 2026, April school holiday workshops and full-day holiday programs for varying age groups, and specific holiday program dates (for example 4–8 March with multiple daily session times). It names a venue, “Circobats Community Circus,” and displays an enrolment period (13–17 April) and a 2026 timetable notice. The organisation also publishes performance activity: a CircoBats Performance Troupe production titled ‘The Dreamer’ is listed with an Adelaide Fringe run (26 January–12 April). The website text states that classes cover circus skills such as tumbling, aerial, juggling and spinning and says the programs are open to all skill levels. The available evidence is drawn from the organisation’s public website; no financial reports or independent evaluations were provided in the supplied evidence.",Running regular circus classes for children and adults as described on the organisation website | Delivering school-holiday workshops and full-day holiday circus programs | Staging public circus-theatre performances via a named Performance Troupe | Operating a venue called Circobats Community Circus (listed on the website),"Children (named on the website) | Adults (named on the website) | People who attend classes, workshops or public performances",Enrolling in classes and holiday programs | Attending public performances (Adelaide Fringe listing) | Attending holiday workshops,,,,,,acnc-register:purpose.education | acnc-register:beneficiary.children | causebase:activity.direct_service | causebase:activity.events_and_public_programming | causebase:beneficiary.general_community | causebase:participation.public_events | causebase:geography.local_or_regional | causebase:geography.australia | causebase:organisation.local,phase2b-2026-08-12-rc1
cb_408c113ff48c4b4f91c7697b00b211dd,unknown,abn:49929713439,Defence Force Welfare Association - National Inc,Defence Force Welfare Association - National Inc,registered,enriched,"[{""capability"": ""regulatory"", ""evidence_ids"": [""ev:acnc:49929713439""], ""freshness_note"": null, ""observed_at"": ""2026-08-10"", ""source_record_id"": null, ""status"": ""observed""}, {""capability"": ""annual_report"", ""evidence_ids"": [], ""freshness_note"": null, ""observed_at"": ""2026-08-10"", ""source_record_id"": null, ""status"": ""not_yet_processed""}, {""capability"": ""website"", ""evidence_ids"": [""ev:web:49929713439:2026-08-10""], ""freshness_note"": null, ""observed_at"": ""2026-08-10"", ""source_record_id"": null, ""status"": ""observed""}, {""capability"": ""fundraising_expenditure"", ""evidence_ids"": [], ""freshness_note"": ""No direct or defensible derived fundraising expenditure was found in selected Phase 2A evidence."", ""observed_at"": ""2026-08-10"", ""source_record_id"": null, ""status"": ""not_available_from_source""}, {""capability"": ""financials"", ""evidence_ids"": [""ev:ais:49929713439:2023""], ""freshness_note"": null, ""observed_at"": ""2026-08-10"", ""source_record_id"": null, ""status"": ""observed""}]",https://www.dfwa.org.au/,Australia | Australian Capital Territory (ACT),"Defence Force Welfare Association - National Inc (DFWA) describes itself on its website as ""an independent voice for Australian Defence Force members, veterans, and their families."" The site lists specific advocacy areas including ADF pay and conditions of service, rehabilitation of injured veterans, compensation for service injuries, retirement and superannuation, improving service delivery, and veteran recognition. DFWA publishes a newsletter and a membership magazine called Camaraderie (Vol. 57, Nos. 1 and 2 cited in 2026) and invites people to subscribe or download editions online. The organisation runs and promotes surveys related to the WRA 2026–29 process (a Pre-Offer Survey posted 28 May 2026 and a Post-Offer Survey posted 02 Aug 2026) and has posted media releases calling on ADF members to respond to a proposed 3% pay offer. DFWA states it is funded by branch membership fees and donations. Regulatory records include an ACNC extract and an AIS entry for 01/07/2022–30/06/2023 reporting revenue of AUD 80,194 and total expenses of AUD 84,179.",Advocacy to government on ADF pay and conditions of service | Advocacy on rehabilitation of injured veterans | Advocacy on compensation for service injuries | Advocacy on retirement and superannuation | Advocacy to improve service delivery and veteran recognition | Conducting and publishing surveys to inform WRA 2026–29 submissions | Publishing a newsletter and the Camaraderie magazine | Raising funds through branch membership fees and donations,Australian Defence Force members | Veterans | Families of Defence Force members,Branch membership | Donations | Newsletter subscription and downloading Camaraderie issues | Responding to online surveys (WRA pre-offer and post-offer surveys),80194,84179,,,,acnc-register:purpose.social_welfare | acnc-register:beneficiary.older_people | causebase:activity.advocacy | causebase:activity.events_and_public_programming | causebase:geography.australia | causebase:organisation.national,phase2b-2026-08-12-rc1
cb_21850e61afb54d82b6a821f256034fb5,unknown,abn:99862937528,Brisbane Valley Cat Rescue Inc.,Brisbane Valley Cat Rescue Inc.,registered,enriched,"[{""capability"": ""regulatory"", ""evidence_ids"": [""ev:acnc:99862937528""], ""freshness_note"": null, ""observed_at"": ""2026-08-10"", ""source_record_id"": null, ""status"": ""observed""}, {""capability"": ""annual_report"", ""evidence_ids"": [], ""freshness_note"": null, ""observed_at"": ""2026-08-10"", ""source_record_id"": null, ""status"": ""not_yet_processed""}, {""capability"": ""website"", ""evidence_ids"": [], ""freshness_note"": null, ""observed_at"": ""2026-08-10"", ""source_record_id"": null, ""status"": ""retrieval_failed""}, {""capability"": ""fundraising_expenditure"", ""evidence_ids"": [], ""freshness_note"": ""No direct or defensible derived fundraising expenditure was found in selected Phase 2A evidence."", ""observed_at"": ""2026-08-10"", ""source_record_id"": null, ""status"": ""not_available_from_source""}, {""capability"": ""financials"", ""evidence_ids"": [""ev:ais:99862937528:2023""], ""freshness_note"": null, ""observed_at"": ""2026-08-10"", ""source_record_id"": null, ""status"": ""observed""}]",www.brisbanevalleycatrescue.com,"Brisbane Valley, Queensland (appears in legal name) | Queensland, Australia (listed in ACNC structured geography)","Brisbane Valley Cat Rescue Inc. is the legal name on the ACNC register; the name includes the phrase “Cat Rescue.” The ACNC Annual Information Statement for 1/07/2022–30/06/2023 records the organisation and reports revenue of AUD 63,570 and total expenses of AUD 150,735 for that period. The organisation is registered in Queensland; the subject record lists QLD as structured geography. No program descriptions, service delivery details, beneficiary counts or locations of activity are present in the supplied ACNC extracts. Attempts to retrieve the organisation website for further detail failed in the evidence pack. The available documents do not provide detail on how the organisation operates, who directly delivers services, or how volunteers or other participants are engaged.","Legal name contains the phrase 'Cat Rescue' (indicates focus on rescuing cats, as stated in the legal name) | Financial reporting to the ACNC for the year 01/07/2022–30/06/2023 (revenue and expenses recorded)",Cats (implied by the organisation's legal name 'Cat Rescue'),,63570,150735,,,,acnc-register:purpose.animal_welfare | acnc-register:beneficiary.children | causebase:cause.animal_welfare | causebase:activity.direct_service | causebase:geography.australia | causebase:geography.local_or_regional | causebase:organisation.local,phase2b-2026-08-12-rc1
cb_6610c4efd77042ae8ce10065c1060c2e,unknown,abn:51616914268,Biopixel Oceans Foundation Limited,Biopixel Oceans Foundation Limited,registered,enriched,"[{""capability"": ""regulatory"", ""evidence_ids"": [""ev:acnc:51616914268""], ""freshness_note"": null, ""observed_at"": ""2026-08-10"", ""source_record_id"": null, ""status"": ""observed""}, {""capability"": ""annual_report"", ""evidence_ids"": [], ""freshness_note"": null, ""observed_at"": ""2026-08-10"", ""source_record_id"": null, ""status"": ""not_yet_processed""}, {""capability"": ""website"", ""evidence_ids"": [""ev:web:51616914268:2026-08-10""], ""freshness_note"": null, ""observed_at"": ""2026-08-10"", ""source_record_id"": null, ""status"": ""observed""}, {""capability"": ""fundraising_expenditure"", ""evidence_ids"": [], ""freshness_note"": ""No direct or defensible derived fundraising expenditure was found in selected Phase 2A evidence."", ""observed_at"": ""2026-08-10"", ""source_record_id"": null, ""status"": ""not_available_from_source""}, {""capability"": ""financials"", ""evidence_ids"": [""ev:ais:51616914268:2023""], ""freshness_note"": null, ""observed_at"": ""2026-08-10"", ""source_record_id"": null, ""status"": ""observed""}]",https://biopixeloceans.org/,"Great Barrier Reef, Queensland (Australia)","Biopixel Oceans Foundation Limited (registered in Queensland) describes a program of marine research, animal tagging and public multimedia activity. The organisation’s website highlights a realtime tracking system called BioTracker and a public multimedia library called Oceanpedia, and it advertises a “Name, Tag & Track” sponsorship option that allows a one‑time sponsorship to follow an individual shark. Website material states the foundation focuses on applied research into marine megafauna, developing or combining technologies, shark behaviour, and providing ecological information to assist fisheries management. The site also cites outputs including thousands of short videos and peer‑reviewed publications; however counts on the site are inconsistent (for example, pages list both “1,325” and “1,057” animals tagged and both “97” and “58” published journal articles). The organisation lists media partnerships and featuring on streamed documentaries. ACNC annual information for 2022–23 shows revenue A$187,807 and total expenses A$590,064. The website identifies the foundation as an initiative of the Slattery Family Trust.","Tagging and real‑time tracking of marine animals via BioTracker | Applied research on marine megafauna, shark behaviour and fisheries management | Maintaining Oceanpedia multimedia library of Great Barrier Reef video clips | Producing videos and participating in streamed documentaries and media partnerships | Offering naming/sponsorship opportunities for individual tagged animals | Publishing journal articles and research collaborations",Marine animals (tagged and tracked) | Researchers and fisheries managers (recipients of ecological information) | General public and media audiences (users of Oceanpedia and video content),Viewing live animal locations via BioTracker | Accessing Oceanpedia multimedia library and short videos | Sponsoring/naming and following a tagged shark | Watching streamed documentaries and media features that use the organisation’s footage,187807,590064,,,,acnc-register:purpose.environment | acnc-register:beneficiary.general_community | causebase:cause.environment | causebase:beneficiary.wildlife | causebase:activity.direct_service | causebase:activity.events_and_public_programming | causebase:participation.public_events | causebase:geography.local_or_regional,phase2b-2026-08-12-rc1
cb_7175160a147a41f4a900ad356bb2905b,unknown,abn:49143249290,Ivory's Rock Foundation,Ivory's Rock Foundation,registered,enriched,"[{""capability"": ""regulatory"", ""evidence_ids"": [""ev:acnc:49143249290""], ""freshness_note"": null, ""observed_at"": ""2026-08-10"", ""source_record_id"": null, ""status"": ""observed""}, {""capability"": ""annual_report"", ""evidence_ids"": [], ""freshness_note"": null, ""observed_at"": ""2026-08-10"", ""source_record_id"": null, ""status"": ""not_yet_processed""}, {""capability"": ""website"", ""evidence_ids"": [""ev:web:49143249290:2026-08-10""], ""freshness_note"": null, ""observed_at"": ""2026-08-10"", ""source_record_id"": null, ""status"": ""observed""}, {""capability"": ""fundraising_expenditure"", ""evidence_ids"": [], ""freshness_note"": ""No direct or defensible derived fundraising expenditure was found in selected Phase 2A evidence."", ""observed_at"": ""2026-08-10"", ""source_record_id"": null, ""status"": ""not_available_from_source""}, {""capability"": ""financials"", ""evidence_ids"": [""ev:ais:49143249290:2023""], ""freshness_note"": null, ""observed_at"": ""2026-08-10"", ""source_record_id"": null, ""status"": ""observed""}]",https://ivorysrock.foundation,"Queensland, Australia | Australia (organisation reports activity in Australia, New Zealand and the South Pacific)","Ivory’s Rock Foundation (registered in Queensland) describes itself as a foundation that promotes peace and wellbeing. The foundation’s website says it supports the Peace Education Program in Australia, New Zealand and the South Pacific and states that the program is held in high schools, universities, health care facilities, veteran’s groups, police units and correctional facilities; the website also notes the Peace Education Program operates in 87 countries (organisation claim). Ivory’s Rock Foundation says it sponsors and hosts peace and wellbeing events in its region, and that it invites Prem Rawat as keynote speaker when his schedule permits. The foundation states it supports activities associated with the United Nations International Day of Peace each year. The website additionally notes that “there are over 160 species recorded at Ivory’s Rock including some threatened and endangered wildlife.” The foundation’s 2023 Australian Information Statement reports total revenue of AUD 3,323,799 and total expenses of AUD 2,338,875 for the year ending 31 December 2023. The website includes anniversary material for Prem Rawat and references an on-site location called Ivory’s Rock where events and conservation observations are reported.","Supports the Peace Education Program in Australia, New Zealand and the South Pacific (organisation claim) | Sponsors and hosts peace and wellbeing events in its region | Invites Prem Rawat as keynote speaker for selected events (organisation claim) | Supports activities associated with the United Nations International Day of Peace","People from all backgrounds, cultures and religions (as described by the foundation) | Participants in high schools, universities, health care facilities, veteran’s groups, police units and correctional facilities (as described by the foundation)","Attendance at public peace and wellbeing events | Participation in Peace Education Program sessions in schools, universities, health care settings, veterans groups, police units and correctional facilities (as described by the foundation)",3323799,2338875,,,,acnc-register:purpose.education | acnc-register:beneficiary.general_community | causebase:cause.community_wellbeing | causebase:activity.events_and_public_programming | causebase:activity.advocacy | causebase:beneficiary.general_community | causebase:participation.public_events | causebase:geography.australia | causebase:geography.local_or_regional,phase2b-2026-08-12-rc1
cb_d0a398e27a3346adbac5939096a18478,unknown,abn:87158627386,Australian Indigenous Governance Institute Limited,Australian Indigenous Governance Institute Limited,registered,enriched,"[{""capability"": ""regulatory"", ""evidence_ids"": [""ev:acnc:87158627386""], ""freshness_note"": null, ""observed_at"": ""2026-08-10"", ""source_record_id"": null, ""status"": ""observed""}, {""capability"": ""annual_report"", ""evidence_ids"": [], ""freshness_note"": null, ""observed_at"": ""2026-08-10"", ""source_record_id"": null, ""status"": ""not_yet_processed""}, {""capability"": ""website"", ""evidence_ids"": [""ev:web:87158627386:2026-08-10""], ""freshness_note"": null, ""observed_at"": ""2026-08-10"", ""source_record_id"": null, ""status"": ""observed""}, {""capability"": ""fundraising_expenditure"", ""evidence_ids"": [], ""freshness_note"": ""No direct or defensible derived fundraising expenditure was found in selected Phase 2A evidence."", ""observed_at"": ""2026-08-10"", ""source_record_id"": null, ""status"": ""not_available_from_source""}, {""capability"": ""financials"", ""evidence_ids"": [""ev:ais:87158627386:2023""], ""freshness_note"": null, ""observed_at"": ""2026-08-10"", ""source_record_id"": null, ""status"": ""observed""}]",www.aigi.org.au,Queensland (registered location) | Australia (stated audience: Indigenous Australians),"Australian Indigenous Governance Institute Limited (AIGI) is described on its website as an Indigenous‑led centre for governance knowledge and professional development. The site states AIGI “connects Indigenous Australians to world‑class governance practice, resources and professional development” and hosts an online library of practical resources for Indigenous organisations (examples dated 2012–2025). AIGI lists recurring professional development activities: public events and workshop series (examples titled “Leading from the Chair”, “Running Effective and Culturally Respectful meeting”, and “Plan and Prep for your meetings” with dates in 2026), the Indigenous Governance Awards, and tailored professional development designed with client organisations. The website also offers governance reviews described as “comprehensive and independent” advisory services. The organisation’s 2022–23 ACNC AIS report records revenue of AUD 1,599,914 and total expenses of AUD 1,534,271 for the year ending 30 June 2023. The website includes statements about supporting self‑determination and bringing Indigenous ways of thinking to mainstream governance; these are presented as the organisation’s claims.",Provision of online governance resources for Indigenous organisations | Delivery of professional development workshops and public events (e.g. Leading from the Chair; Meeting Management series) | Tailored professional development designed and run with client organisations | Comprehensive governance reviews and advisory engagements | Administration of the Indigenous Governance Awards,"Indigenous Australians | Indigenous organisations | Indigenous peoples, communities and nations",Attendance at public professional development events | Access to an online resource library | Tailored training delivered to organisations | Commissioned governance review engagements,1599914,1534271,,,,acnc-register:purpose.human_rights | acnc-register:beneficiary.other_beneficiary | causebase:cause.culture_and_heritage | causebase:activity.events_and_public_programming | causebase:activity.direct_service | causebase:approach.community_partnership | causebase:participation.public_events | causebase:geography.australia | causebase:geography.local_or_regional | causebase:organisation.local,phase2b-2026-08-12-rc1
cb_7c7a5f12e1a3464a91a53c4333956d99,unknown,abn:35093562602,Institute of Public Works Engineering Australasia (NSW Division) Ltd,Institute of Public Works Engineering Australasia (NSW Division) Ltd,registered,enriched,"[{""capability"": ""regulatory"", ""evidence_ids"": [""ev:acnc:35093562602""], ""freshness_note"": null, ""observed_at"": ""2026-08-10"", ""source_record_id"": null, ""status"": ""observed""}, {""capability"": ""annual_report"", ""evidence_ids"": [], ""freshness_note"": null, ""observed_at"": ""2026-08-10"", ""source_record_id"": null, ""status"": ""not_yet_processed""}, {""capability"": ""website"", ""evidence_ids"": [""ev:web:35093562602:2026-08-10""], ""freshness_note"": null, ""observed_at"": ""2026-08-10"", ""source_record_id"": null, ""status"": ""observed""}, {""capability"": ""fundraising_expenditure"", ""evidence_ids"": [], ""freshness_note"": ""No direct or defensible derived fundraising expenditure was found in selected Phase 2A evidence."", ""observed_at"": ""2026-08-10"", ""source_record_id"": null, ""status"": ""not_available_from_source""}, {""capability"": ""financials"", ""evidence_ids"": [""ev:ais:35093562602:2023""], ""freshness_note"": null, ""observed_at"": ""2026-08-10"", ""source_record_id"": null, ""status"": ""observed""}]",www.ipweansw.org,New South Wales | Australian Capital Territory,"Institute of Public Works Engineering Australasia (NSW Division) Ltd (branded on its website as IPWEA NSW & ACT) presents itself as a professional association and training provider for public works and local government engineering professionals in New South Wales and the Australian Capital Territory. The organisation’s website lists events, training courses, and an Advocacy & Policy stream; it advertises specific forums (Public Works AI Forum, 21 August 2026; Development Engineering Forum, 12–13 November 2026) and says it hosts technical events and workshops. It states it is a Registered Training Organisation (RTO 90174) and offers accredited and short courses, and that it provides NSW Government subsidised courses through Smart and Skilled (318282). The website invites membership and attendance at events and training. The ACNC AIS extract for 01/07/2022–30/06/2023 reports revenue of AUD 2,203,114 and total expenses of AUD 2,485,661 for the reporting period. The descriptions of activities and beneficiaries in this summary are drawn from the organisation’s website excerpts and its ACNC reporting.","deliver accredited and short professional development courses and workshops | operate as a Registered Training Organisation (RTO 90174) | offer NSW Government subsidised training through Smart and Skilled (318282) | host forums, technical events and conferences | advocacy and policy activities as described on the website",public works professionals | local government engineering professionals | members (IPWEA NSW & ACT),join as a member | register for and attend forums and conferences | enrol in accredited courses and short workshops | access NSW Government subsidised courses (Smart and Skilled),2203114,2485661,,,,acnc-register:purpose.environment | acnc-register:beneficiary.older_people | causebase:activity.direct_service | causebase:activity.events_and_public_programming | causebase:activity.advocacy | causebase:activity.employment_support | causebase:participation.public_events | causebase:geography.local_or_regional | causebase:organisation.local,phase2b-2026-08-12-rc1
cb_0f599e9e200445d88c16aa8c0cbf0bd3,unknown,abn:17527786900,CAMPBELLTOWN COMMUNITY CHILDREN'S CENTRE INC,CAMPBELLTOWN COMMUNITY CHILDREN'S CENTRE INC,registered,enriched,"[{""capability"": ""regulatory"", ""evidence_ids"": [""ev:acnc:17527786900""], ""freshness_note"": null, ""observed_at"": ""2026-08-10"", ""source_record_id"": null, ""status"": ""observed""}, {""capability"": ""annual_report"", ""evidence_ids"": [], ""freshness_note"": null, ""observed_at"": ""2026-08-10"", ""source_record_id"": null, ""status"": ""not_yet_processed""}, {""capability"": ""website"", ""evidence_ids"": [""ev:web:17527786900:2026-08-10""], ""freshness_note"": null, ""observed_at"": ""2026-08-10"", ""source_record_id"": null, ""status"": ""observed""}, {""capability"": ""fundraising_expenditure"", ""evidence_ids"": [], ""freshness_note"": ""No direct or defensible derived fundraising expenditure was found in selected Phase 2A evidence."", ""observed_at"": ""2026-08-10"", ""source_record_id"": null, ""status"": ""not_available_from_source""}, {""capability"": ""financials"", ""evidence_ids"": [""ev:ais:17527786900:2023""], ""freshness_note"": null, ""observed_at"": ""2026-08-10"", ""source_record_id"": null, ""status"": ""observed""}]",https://www.campbelltownccc.com.au/,South Australia (SA),"Campbelltown Community Children’s Centre Inc is recorded on its website and in ACNC filings under that legal name and is presented publicly as “Campbelltown CCC.” Available public records for 01/07/2022–30/06/2023 show the organisation reported revenue of AUD 2,310,243 and total expenses of AUD 2,321,451 in its ACNC Annual Information Statement for that period. The organisation’s structured geography in the supplied records is South Australia (SA). The only descriptive material captured from the organisation’s website in the evidence pack is the name/brand “Campbelltown CCC”; no program descriptions, service models, participation opportunities or beneficiary lists were included in the provided website snapshot. The ACNC AIS extract supplied financial figures but no additional program detail in the evidence provided.",Identified as a community children’s centre by legal name and website (Campbelltown Community Children’s Centre Inc),Children | Families | Local community in South Australia,,2310243,2321451,,,,acnc-register:purpose.social_welfare | acnc-register:beneficiary.other_beneficiary | causebase:activity.direct_service | causebase:geography.australia | causebase:geography.local_or_regional | causebase:organisation.local,phase2b-2026-08-12-rc1
cb_4434434d6c6e425faf0dd56cb29ef8bf,unknown,abn:24646643156,APNIC FOUNDATION LIMITED,APNIC FOUNDATION LIMITED,registered,enriched,"[{""capability"": ""regulatory"", ""evidence_ids"": [""ev:acnc:24646643156""], ""freshness_note"": null, ""observed_at"": ""2026-08-10"", ""source_record_id"": null, ""status"": ""observed""}, {""capability"": ""annual_report"", ""evidence_ids"": [""ev:report:24646643156:a2a8898a4f64""], ""freshness_note"": null, ""observed_at"": ""2026-08-10"", ""source_record_id"": null, ""status"": ""observed""}, {""capability"": ""website"", ""evidence_ids"": [""ev:web:24646643156:2026-08-10""], ""freshness_note"": null, ""observed_at"": ""2026-08-10"", ""source_record_id"": null, ""status"": ""observed""}, {""capability"": ""fundraising_expenditure"", ""evidence_ids"": [], ""freshness_note"": ""No direct or defensible derived fundraising expenditure was found in selected Phase 2A evidence."", ""observed_at"": ""2026-08-10"", ""source_record_id"": null, ""status"": ""not_available_from_source""}, {""capability"": ""financials"", ""evidence_ids"": [""ev:ais:24646643156:2023""], ""freshness_note"": null, ""observed_at"": ""2026-08-10"", ""source_record_id"": null, ""status"": ""observed""}]",https://apnic.foundation,"Asia Pacific region (report lists 30 economies reached, including Australia) | Queensland, Australia (registered location shown in regulatory record)","The APNIC Foundation Limited is a Queensland-registered organisation that the Foundation’s 2025 annual report describes as an Asia Pacific digital development organisation. The report states the Foundation invested USD 10 million in 2025 across three strategic pillars (Building Capabilities, Driving Digital Innovation, Supporting Digital Transformation) and says it reached communities and practitioners in 30 economies. Reported 2025 outputs include 11,533 people trained, more than 196,700 individuals said to have directly benefited from digital inclusion efforts, and support for digital transformation work in three economies. Program examples named in the report and on the website include ISIF Asia (29 grants across 19 economies; USD 2.31 million in grants in 2025), Switch! (a cohort of 150 women and gender-diverse participants across six Southeast Asian economies), Digital Leap South Asia (DLSA in three South Asian economies) and the RISE‑PH ISIF grantee that the report says connected 53 school sites (51 public schools and 2 teacher‑training colleges; an estimated 80,000–100,000 students). The report and website describe partnerships with APNIC and Keio University, Foundation-led infrastructure activities (M-root deployments, local infrastructure sites), instructor-led and self-paced training, and public events such as SOI Asia and summits.","grant-making and project funding (ISIF Asia, Trust Discretionary Fund, Community Assistance) | direct project implementation (school connectivity, M-root deployments, local infrastructure sites) | training and capacity-building (instructor-led workshops, self-paced APNIC Academy courses) | events and public programming (SOI Asia, summits, awards) | techno-policy engagement and influence","people trained (reported 11,533 in 2025) | school students (RISE‑PH: 53 sites; estimated 80,000–100,000 students) | women and gender-diverse technical practitioners (Switch! cohort of 150) | broader communities across Asia Pacific (reported 196,700 individuals reached) | underserved or special-needs education sites (special education schools in Cebu, Mandaue, Talisay reported)","applying for and receiving grants | attending instructor-led training workshops | completing self-paced online courses (APNIC Academy) | participating in partner projects and deployments | attending public events, summits and regional schools (SOI Asia, APIE)",18533090,18045491,,,,acnc-register:purpose.education | acnc-register:beneficiary.older_people | causebase:activity.direct_service | causebase:activity.events_and_public_programming | causebase:activity.advocacy | causebase:approach.community_partnership | causebase:participation.public_events | causebase:geography.australia | causebase:beneficiary.general_community | causebase:beneficiary.people_experiencing_disadvantage,phase2b-2026-08-12-rc1
cb_8756e9d608c846c78e43cd09c57790a4,unknown,abn:94710251744,The Corporation Of The Trustees Of The Order Of The Sisters Of Mercy In Queensland,The Corporation Of The Trustees Of The Order Of The Sisters Of Mercy In Queensland,registered,enriched,"[{""capability"": ""regulatory"", ""evidence_ids"": [""ev:acnc:94710251744""], ""freshness_note"": null, ""observed_at"": ""2026-08-10"", ""source_record_id"": null, ""status"": ""observed""}, {""capability"": ""annual_report"", ""evidence_ids"": [], ""freshness_note"": null, ""observed_at"": ""2026-08-10"", ""source_record_id"": null, ""status"": ""not_yet_processed""}, {""capability"": ""website"", ""evidence_ids"": [""ev:web:94710251744:2026-08-10""], ""freshness_note"": null, ""observed_at"": ""2026-08-10"", ""source_record_id"": null, ""status"": ""observed""}, {""capability"": ""fundraising_expenditure"", ""evidence_ids"": [], ""freshness_note"": ""No direct or defensible derived fundraising expenditure was found in selected Phase 2A evidence."", ""observed_at"": ""2026-08-10"", ""source_record_id"": null, ""status"": ""not_available_from_source""}, {""capability"": ""financials"", ""evidence_ids"": [""ev:ais:94710251744:2023""], ""freshness_note"": null, ""observed_at"": ""2026-08-10"", ""source_record_id"": null, ""status"": ""observed""}]",www.brisbanemercy.org.au,"Queensland | Brisbane, Queensland | Aubigny, Queensland","The Corporation Of The Trustees Of The Order Of The Sisters Of Mercy In Queensland appears in the ACNC register and publishes a website (brisbanemercy.org.au) with news items about congregation life and milestone events. Website excerpts record a 70‑year anniversary for Sister Catharine Courtney (Sister Mary Benedict) on 8 November 2022, a gathering in Aubigny at ‘Mater’ on 27 November 2019, a farewell to Robyn Rodwell published 15 November 2019, and a page titled “Celebrating 130 Years of Service Excellence.” One excerpt states “The Sisters of Mercy, Brisbane Congregation, recently joined with Board and staff members from Holy …” (excerpt truncated). The ACNC AIS extract for 2023 included in the evidence pack shows reported revenue of 0 AUD and total expenses of 0 AUD for the subject entity. Recorded material therefore documents a sequence of commemorative and organisational events involving Sisters of Mercy and associated board and staff, and the organisation’s public website activity; it does not provide program descriptions, service delivery details, staffing numbers, or confirmed beneficiaries beyond congregation members mentioned in the excerpts.",Publishing news items on the organisation website | Hosting and recording commemorative gatherings and farewell events (examples: Aubigny at Mater; farewell to Robyn Rodwell) | Commemorating milestones (examples: 70‑year anniversary; 130 years of service),"Members of the Sisters of Mercy, Brisbane Congregation",Attendance at commemorative gatherings and events | Reading website news and announcements,0,0,,,,acnc-register:purpose.religion | acnc-register:beneficiary.older_people | causebase:activity.events_and_public_programming | causebase:geography.local_or_regional | causebase:geography.australia | causebase:organisation.local | causebase:participation.public_events,phase2b-2026-08-12-rc1
cb_6c39def4ef1843d7bf41f579cb971060,unknown,abn:45127505739,Bone Marrow Donor Institute,Bone Marrow Donor Institute,registered,enriched,"[{""capability"": ""regulatory"", ""evidence_ids"": [""ev:acnc:45127505739""], ""freshness_note"": null, ""observed_at"": ""2026-08-10"", ""source_record_id"": null, ""status"": ""observed""}, {""capability"": ""annual_report"", ""evidence_ids"": [""ev:report:45127505739:2b4900457b82""], ""freshness_note"": null, ""observed_at"": ""2026-08-10"", ""source_record_id"": null, ""status"": ""observed""}, {""capability"": ""website"", ""evidence_ids"": [""ev:web:45127505739:2026-08-10""], ""freshness_note"": null, ""observed_at"": ""2026-08-10"", ""source_record_id"": null, ""status"": ""observed""}, {""capability"": ""fundraising_expenditure"", ""evidence_ids"": [], ""freshness_note"": ""No direct or defensible derived fundraising expenditure was found in selected Phase 2A evidence."", ""observed_at"": ""2026-08-10"", ""source_record_id"": null, ""status"": ""not_available_from_source""}, {""capability"": ""financials"", ""evidence_ids"": [""ev:ais:45127505739:2023""], ""freshness_note"": null, ""observed_at"": ""2026-08-10"", ""source_record_id"": null, ""status"": ""observed""}]",www.fightcancer.org.au,Australia | Albury (New South Wales) | North Melbourne / Melbourne (Victoria) | Hobart (Tasmania) | Sydney (New South Wales) | Adelaide (South Australia),"Fight Cancer Foundation (formerly Bone Marrow Donor Institute) is described on its website as a national charity. The organisation’s 2015 annual report outlines multiple service streams. An education support program called Back on Track places specialist Education Advisors (trained teachers) in children’s hospitals to provide one-to-one tutoring, group learning sessions, Individual Learning Plans, liaison with schools and clinical teams, and transition planning for learners receiving cancer treatment; the report gives a detailed daily schedule of advisor activities. The report also describes three accommodation centres—Hilltop (Albury), John Opie House (Hobart) and BMDI Rotary House (North Melbourne)—that provide short-term, subsidised accommodation to patients and families who must travel for treatment; house managers handle bookings, patient travel assistance invoicing, waiting lists and on-site issues. The report states involvement with the BMDI Cord Blood Bank in Melbourne (reporting more than 12,700 cord blood units stored and 525 releases for transplant) and ongoing links with the Australian Bone Marrow Donor Registry via a board position. The organisation’s materials note volunteer directors, volunteers and patrons, and describe events, fundraising and research scholarships in support of these programs.",education support for children receiving cancer treatment (Back on Track) | short-term accommodation for patients and families who travel for treatment | operation/support of the BMDI Cord Blood Bank (Melbourne) | fundraising and events | research scholarships and research funding | liaison/partnership with hospitals and education departments,people living with cancer | families and carers of people with cancer | children and young learners receiving hospital-based cancer treatment | rural and regional patients who travel for specialist treatment,"volunteering (volunteer directors, volunteers) | public events and fundraising activities",0,0,,,,acnc-register:purpose.education | acnc-register:beneficiary.children | causebase:activity.direct_service | causebase:activity.events_and_public_programming | causebase:approach.volunteer_enabled | causebase:approach.community_partnership | causebase:participation.volunteering | causebase:participation.public_events | causebase:geography.australia | causebase:geography.local_or_regional,phase2b-2026-08-12-rc1
cb_d9b82b997407475d8d30e4535bb0375f,unknown,abn:92140312385,Aboriginal And Torres Strait Islander Healing Foundation Limited,Aboriginal And Torres Strait Islander Healing Foundation Limited,registered,enriched,"[{""capability"": ""regulatory"", ""evidence_ids"": [""ev:acnc:92140312385""], ""freshness_note"": null, ""observed_at"": ""2026-08-10"", ""source_record_id"": null, ""status"": ""observed""}, {""capability"": ""annual_report"", ""evidence_ids"": [], ""freshness_note"": null, ""observed_at"": ""2026-08-10"", ""source_record_id"": null, ""status"": ""not_yet_processed""}, {""capability"": ""website"", ""evidence_ids"": [""ev:web:92140312385:2026-08-10""], ""freshness_note"": null, ""observed_at"": ""2026-08-10"", ""source_record_id"": null, ""status"": ""observed""}, {""capability"": ""fundraising_expenditure"", ""evidence_ids"": [], ""freshness_note"": ""No direct or defensible derived fundraising expenditure was found in selected Phase 2A evidence."", ""observed_at"": ""2026-08-10"", ""source_record_id"": null, ""status"": ""not_available_from_source""}, {""capability"": ""financials"", ""evidence_ids"": [""ev:ais:92140312385:2023""], ""freshness_note"": null, ""observed_at"": ""2026-08-10"", ""source_record_id"": null, ""status"": ""observed""}]",www.healingfoundation.org.au,Australia (self‑described national reach) | Australian Capital Territory (registered per ACNC),"The Healing Foundation (registered in the ACT per ACNC records) describes itself as a national Aboriginal and Torres Strait Islander organisation that works with Stolen Generations survivors, their families and communities. Its website states it provides a platform to amplify survivors’ voices, creates places of safety where survivors and families can speak and tell their own stories, and supports survivor-led, community-led healing initiatives. The site lists more than 50 downloadable resources (fact sheets, reports, toolkits and videos), runs online events and public forums, and in 2026 announced a $200,000 grants program for Stolen Generations truth‑telling projects. The organisation also publishes policy material and submissions and calls for systemic changes (for example, an Aboriginal and Torres Strait Islander aged care commissioner and a national plan framed as From Sorry to Action). ACNC annual information for 2022–23 reports revenue of AUD 9,041,707 and total expenses of AUD 5,783,801. News and resource pages on the website record recent leadership and program updates. Descriptions of activities, reach and impact in this summary are taken from the organisation’s own website and available ACNC financial extracts.","Advocacy with government and policymakers | Community‑led and survivor‑led healing projects | Resource production (fact sheets, reports, toolkits, videos) | Grant program for truth‑telling projects | Online events and public forums",Stolen Generations survivors and their families | Aboriginal and Torres Strait Islander communities,Community‑led initiatives and survivor‑led participation | Attending public events and online forums | Applying for small grants / truth‑telling project funding | Using and subscribing to online resources and newsletters,9041707,5783801,,,,acnc-register:purpose.other_purpose | acnc-register:beneficiary.regional_remote | causebase:activity.advocacy | causebase:activity.events_and_public_programming | causebase:activity.direct_service | causebase:approach.community_partnership | causebase:geography.australia | causebase:organisation.national | causebase:beneficiary.people_experiencing_disadvantage | causebase:participation.public_events,phase2b-2026-08-12-rc1
cb_e03a0e09e44b4817ae219e80aa55b7dd,unknown,abn:50060192008,Spiritualists National Union Of Wa Inc,Spiritualists National Union Of Wa Inc,registered,enriched,"[{""capability"": ""regulatory"", ""evidence_ids"": [""ev:acnc:50060192008""], ""freshness_note"": null, ""observed_at"": ""2026-08-10"", ""source_record_id"": null, ""status"": ""observed""}, {""capability"": ""annual_report"", ""evidence_ids"": [], ""freshness_note"": null, ""observed_at"": ""2026-08-10"", ""source_record_id"": null, ""status"": ""not_yet_processed""}, {""capability"": ""website"", ""evidence_ids"": [""ev:web:50060192008:2026-08-10""], ""freshness_note"": null, ""observed_at"": ""2026-08-10"", ""source_record_id"": null, ""status"": ""observed""}, {""capability"": ""fundraising_expenditure"", ""evidence_ids"": [], ""freshness_note"": ""No direct or defensible derived fundraising expenditure was found in selected Phase 2A evidence."", ""observed_at"": ""2026-08-10"", ""source_record_id"": null, ""status"": ""not_available_from_source""}, {""capability"": ""financials"", ""evidence_ids"": [""ev:ais:50060192008:2023""], ""freshness_note"": null, ""observed_at"": ""2026-08-10"", ""source_record_id"": null, ""status"": ""observed""}]",www.snuwa.org.au,Western Australia (WA),"Spiritualists National Union Of WA Inc is a Western Australian incorporated organisation that, according to its website, describes itself as ""a centre of like-minded people"" who gather to share life experiences, spiritual growth, wisdom and knowledge. The website states the group seeks to ""expand the knowledge that the soul does indeed live on"" and to demonstrate that people can ""communicate with loved ones who have passed."" The site publishes a mediums schedule for upcoming services and mediums, and advertises a learning programme that includes spiritualism and mediumship training; it invites contact for more information or to learn where to find the church. An ACNC register extract is listed among the sources. The organisation’s ACNC Information Statement for 01/07/2022–30/06/2023 reports revenue of AUD 22,323 and total expenses of AUD 17,592 for that period. The available evidence is primarily the organisation’s website text and the ACNC AIS financial extract; no independent descriptions of day-to-day operations or external evaluations were provided in the supplied material.",publishes a mediums schedule for services and mediums | runs a learning programme in spiritualism and mediumship training | hosts gatherings for people to share life experiences and spiritual growth,"people who attend the centre (described on the website as ""like-minded people"")",attending scheduled services and medium events | participating in the learning programme | contacting the organisation for information or location of the church,22323,17592,,,,acnc-register:purpose.religion | acnc-register:beneficiary.animals | causebase:activity.events_and_public_programming | causebase:participation.public_events | causebase:beneficiary.general_community | causebase:geography.local_or_regional | causebase:organisation.local,phase2b-2026-08-12-rc1
cb_0f4825a00e9a462d950b16089f1845d5,unknown,abn:19242782512,Habitat for Humanity Australia SA,Habitat for Humanity Australia SA,registered,enriched,"[{""capability"": ""regulatory"", ""evidence_ids"": [""ev:acnc:19242782512""], ""freshness_note"": null, ""observed_at"": ""2026-08-10"", ""source_record_id"": null, ""status"": ""observed""}, {""capability"": ""annual_report"", ""evidence_ids"": [], ""freshness_note"": null, ""observed_at"": ""2026-08-10"", ""source_record_id"": null, ""status"": ""not_yet_processed""}, {""capability"": ""website"", ""evidence_ids"": [], ""freshness_note"": null, ""observed_at"": ""2026-08-10"", ""source_record_id"": null, ""status"": ""retrieval_failed""}, {""capability"": ""fundraising_expenditure"", ""evidence_ids"": [], ""freshness_note"": ""No direct or defensible derived fundraising expenditure was found in selected Phase 2A evidence."", ""observed_at"": ""2026-08-10"", ""source_record_id"": null, ""status"": ""not_available_from_source""}, {""capability"": ""financials"", ""evidence_ids"": [""ev:ais:19242782512:2023""], ""freshness_note"": null, ""observed_at"": ""2026-08-10"", ""source_record_id"": null, ""status"": ""observed""}]",https://www.habitat.org.au/sa,South Australia (SA) | Australia,"Habitat for Humanity Australia SA is recorded on the ACNC register under that legal name and is associated in the dataset with South Australia. The available regulatory filings for the period 01/07/2022 to 30/06/2023 are an ACNC Register extract and the organisation’s 2023 AIS. For that reporting year the subject-level AIS records revenue of AUD 509,336 and total expenses of AUD 424,031. The AIS entry included in this dataset is reported as a direct subject report, not consolidated with other entities, and covers only the organisation named. The dataset does not include a self-description, program listings, service activity descriptions, or named beneficiary groups for this entity. The organisation’s website could not be retrieved as part of this evidence pack. The available material in the pack is limited to the regulatory extract and the 2023 AIS financial summary; no further operational, programmatic or staffing details are present in the supplied evidence.",,,,509336,424031,,,,acnc-register:purpose.other_purpose | acnc-register:beneficiary.regional_remote,phase2b-2026-08-12-rc1
cb_e57f362b02e948eaabec081eeba40d83,unknown,abn:23103213929,Ewin Early Learning Centre Inc,Ewin Early Learning Centre Inc,registered,enriched,"[{""capability"": ""regulatory"", ""evidence_ids"": [""ev:acnc:23103213929""], ""freshness_note"": null, ""observed_at"": ""2026-08-10"", ""source_record_id"": null, ""status"": ""observed""}, {""capability"": ""annual_report"", ""evidence_ids"": [], ""freshness_note"": null, ""observed_at"": ""2026-08-10"", ""source_record_id"": null, ""status"": ""not_yet_processed""}, {""capability"": ""website"", ""evidence_ids"": [], ""freshness_note"": null, ""observed_at"": ""2026-08-10"", ""source_record_id"": null, ""status"": ""retrieval_failed""}, {""capability"": ""fundraising_expenditure"", ""evidence_ids"": [], ""freshness_note"": ""No direct or defensible derived fundraising expenditure was found in selected Phase 2A evidence."", ""observed_at"": ""2026-08-10"", ""source_record_id"": null, ""status"": ""not_available_from_source""}, {""capability"": ""financials"", ""evidence_ids"": [""ev:ais:23103213929:2023""], ""freshness_note"": null, ""observed_at"": ""2026-08-10"", ""source_record_id"": null, ""status"": ""observed""}]",www.ewinelc.org.au,Western Australia,"Ewin Early Learning Centre Inc is registered as a charity on the ACNC Register and is recorded with a Western Australia location. The organisation’s website address is listed as www.ewinelc.org.au, but web retrieval of that site failed in the available evidence. The only substantive documents provided are an ACNC register extract and the organisation’s 2022–23 Annual Information Statement (AIS) entry. For the reporting year 01/07/2022 to 30/06/2023 the AIS shows revenue of AUD 1,626,520 and total expenses of AUD 1,871,637; the AIS entry is presented as a direct subject report (not consolidated) and covers the subject entity alone. The evidence package does not include the organisation’s own program descriptions, annual report text, or other documentation describing activities, beneficiaries or participation models. The organisation’s legal name includes the phrase “Early Learning Centre,” but the supplied records do not provide independent detail on services delivered, target beneficiary groups or operating model.",,,,1626520,1871637,,,,acnc-register:purpose.education | acnc-register:beneficiary.regional_remote | causebase:geography.australia,phase2b-2026-08-12-rc1
cb_a2d89c0e74cc496ab0070a9adbe7df19,unknown,abn:65152955667,Regional Australia Institute Ltd,Regional Australia Institute Ltd,registered,enriched,"[{""capability"": ""regulatory"", ""evidence_ids"": [""ev:acnc:65152955667""], ""freshness_note"": null, ""observed_at"": ""2026-08-10"", ""source_record_id"": null, ""status"": ""observed""}, {""capability"": ""annual_report"", ""evidence_ids"": [], ""freshness_note"": null, ""observed_at"": ""2026-08-10"", ""source_record_id"": null, ""status"": ""not_yet_processed""}, {""capability"": ""website"", ""evidence_ids"": [""ev:web:65152955667:2026-08-10""], ""freshness_note"": null, ""observed_at"": ""2026-08-10"", ""source_record_id"": null, ""status"": ""observed""}, {""capability"": ""fundraising_expenditure"", ""evidence_ids"": [], ""freshness_note"": ""No direct or defensible derived fundraising expenditure was found in selected Phase 2A evidence."", ""observed_at"": ""2026-08-10"", ""source_record_id"": null, ""status"": ""not_available_from_source""}, {""capability"": ""financials"", ""evidence_ids"": [""ev:ais:65152955667:2023""], ""freshness_note"": null, ""observed_at"": ""2026-08-10"", ""source_record_id"": null, ""status"": ""observed""}]",www.regionalaustralia.org.au,"Regional Australia (national focus) | Perth, Western Australia (Regions Rising WA event) | Australian Capital Territory (office/registered location indicated in records)","Regional Australia Institute Ltd (RAI) is presented on its website as a think tank “devoted to issues concerning regional Australia” and describes its work with phrases the organisation uses such as “Independent | Fact Driven | Future Focused.” Website content and recent posts list recurring activities RAI publishes and convenes: the Regional Movers Index (developed in partnership with the Commonwealth Bank of Australia) that maps population movements; monthly Regional Labour Markets Update briefs that use ABS and Jobs and Skills Australia datasets; a Regional Migration Experience research report (08.05.2026); and the Regionalisation Ambition 2032 – Year 3 Progress Report (07.10.2025). RAI runs events and programs including the Regions Rising National Summit (14.09.2026 listed), regional “Regions Rising” events (example: Perth, WA), and a Masterclass Program “designed exclusively for CEOs and Executives.” The site also references membership options and alliance arrangements. Financial data extracted from the ACNC AIS for 01/07/2022–30/06/2023 shows revenue of AUD 6,214,413 and total expenses of AUD 5,424,456. The organisation’s descriptions of activities, partnerships and national remit are taken from its own website and regulatory filings.",Research and data production (Regional Movers Index; Regional Labour Markets Update) | Policy development and advocacy (Policy Pulse; advocating for change) | Events and public programming (Regions Rising National Summit; Regions Rising WA; Dialogue Day) | Education and training (Masterclass Program for CEOs and Executives) | Partnership projects with external organisations (Regional Movers Index with CBA),"Residents of regional Australia | Community, industry and government leaders who attend events and use research | CEOs and executives who attend Masterclass programs",Attending public events and summits | Participating in research and using published reports | Joining membership and member-only events | Enrolling in Masterclass education programs,6214413,5424456,,,,acnc-register:purpose.social_welfare | acnc-register:beneficiary.regional_remote | causebase:cause.community_wellbeing | causebase:activity.advocacy | causebase:activity.events_and_public_programming | causebase:approach.community_partnership | causebase:participation.public_events | causebase:geography.australia | causebase:geography.local_or_regional | causebase:organisation.national,phase2b-2026-08-12-rc1
cb_ce5fa7858d2f47ffaf33a8015e933ba8,unknown,abn:33674759123,AUSTRALIAN LGBTQ BOARD AND EXECUTIVE INCLUSION FORUM LIMITED,AUSTRALIAN LGBTQ BOARD AND EXECUTIVE INCLUSION FORUM LIMITED,registered,enriched,"[{""capability"": ""regulatory"", ""evidence_ids"": [""ev:acnc:33674759123""], ""freshness_note"": null, ""observed_at"": ""2026-08-10"", ""source_record_id"": null, ""status"": ""observed""}, {""capability"": ""annual_report"", ""evidence_ids"": [], ""freshness_note"": null, ""observed_at"": ""2026-08-10"", ""source_record_id"": null, ""status"": ""not_yet_processed""}, {""capability"": ""website"", ""evidence_ids"": [""ev:web:33674759123:2026-08-10""], ""freshness_note"": null, ""observed_at"": ""2026-08-10"", ""source_record_id"": null, ""status"": ""observed""}, {""capability"": ""fundraising_expenditure"", ""evidence_ids"": [], ""freshness_note"": null, ""observed_at"": ""2026-08-10"", ""source_record_id"": null, ""status"": ""not_yet_processed""}, {""capability"": ""financials"", ""evidence_ids"": [], ""freshness_note"": null, ""observed_at"": ""2026-08-10"", ""source_record_id"": null, ""status"": ""not_found_in_source""}]",https://www.albei.org,New South Wales (NSW),"According to its website, AUSTRALIAN LGBTQ BOARD AND EXECUTIVE INCLUSION FORUM LIMITED (ALBEI) describes its mission as promoting diversity and inclusion in company boardrooms by fostering discussions among company board members, nominations committees, executive search firms, industry governance bodies and individuals. The site invites people to subscribe for information about ALBEI events, refers to a set of “projects” described as priority areas, and asks visitors to “join the discussion” by sending questions or offers to help. The material presented is organisation-authored and frames ALBEI’s work in terms of convening conversations, staging events and maintaining projects focused on boardroom inclusion. The ACNC register entry is listed in the evidence pack but no financial statements or program reporting were supplied in the selected excerpts. The organisation’s structured geography in the evidence is New South Wales (NSW).","Hosting events about diversity and inclusion in boardrooms (organisation-described) | Fostering discussions between company board members, nominations committees, executive search firms and industry governance bodies (organisation-described) | Running projects described as priority areas related to boardroom inclusion (organisation-described) | Maintaining a subscription list and website communications (organisation-described)",Company board members | Nominations committees | Executive search firms | Industry governance bodies | Individuals interested in boardroom diversity and inclusion,Subscribing to event updates | Sending questions to the organisation | Offering help or assistance (organisation invitation) | Attending ALBEI events (organisation-described),,,,,,acnc-register:purpose.other_purpose | acnc-register:beneficiary.other_beneficiary | causebase:activity.events_and_public_programming | causebase:activity.advocacy | causebase:approach.community_partnership | causebase:approach.volunteer_enabled | causebase:participation.public_events | causebase:participation.volunteering | causebase:geography.local_or_regional | causebase:organisation.local,phase2b-2026-08-12-rc1
cb_6f183b80a2e54c17a2453bf0cb0281c5,unknown,abn:97442336082,Celebrate Health Care Limited,Celebrate Health Care Limited,registered,enriched,"[{""capability"": ""regulatory"", ""evidence_ids"": [""ev:acnc:97442336082""], ""freshness_note"": null, ""observed_at"": ""2026-08-10"", ""source_record_id"": null, ""status"": ""observed""}, {""capability"": ""annual_report"", ""evidence_ids"": [], ""freshness_note"": null, ""observed_at"": ""2026-08-10"", ""source_record_id"": null, ""status"": ""not_yet_processed""}, {""capability"": ""website"", ""evidence_ids"": [""ev:web:97442336082:2026-08-10""], ""freshness_note"": null, ""observed_at"": ""2026-08-10"", ""source_record_id"": null, ""status"": ""observed""}, {""capability"": ""fundraising_expenditure"", ""evidence_ids"": [], ""freshness_note"": ""No direct or defensible derived fundraising expenditure was found in selected Phase 2A evidence."", ""observed_at"": ""2026-08-10"", ""source_record_id"": null, ""status"": ""not_available_from_source""}, {""capability"": ""financials"", ""evidence_ids"": [""ev:ais:97442336082:2023""], ""freshness_note"": null, ""observed_at"": ""2026-08-10"", ""source_record_id"": null, ""status"": ""observed""}]",https://www.celebrate.org.au,"Tasmania | Glamorgan Spring Bay region | Dorset region | Break O’Day region | Scottsdale (Northeast Tasmania) | Swansea (East Coast, Tasmania)","According to its website and ACNC filings, Celebrate Health Care Limited (Celebrate Health Care) operates aged care services in Tasmania. The website names two residential sites — Celebrate May Shaw on the East Coast (Swansea) and Celebrate Aminya in northeast Tasmania (Scottsdale) — and states these sites provide residential care and offer respite stays. The organisation also describes a team that delivers personalised aged care support in clients’ homes and says its packages use a Consumer Directed Care (CDC) approach. The website includes resident testimonials and references to activities and bus tours for residents. The ACNC/AIS extract for 01/07/2022–30/06/2023 records revenue of AUD 17,168,860 and total expenses of AUD 17,192,602 for the reporting entity. Geographic areas named on the website include Glamorgan Spring Bay, Dorset and Break O’Day regions. The material presented is largely organisation-authored: service models, site descriptions (for example, references to gardens and ocean views at May Shaw) and resident quotes appear on the website, while the AIS provides the financial totals for the 2022–23 year.",Residential aged care at two sites (Scottsdale and Swansea) | Respite care at Scottsdale and Swansea | Personalised in‑home aged care support | Consumer Directed Care (CDC) packages | Organised activities and bus tours for residents (described in website testimonials),"Residents of the organisation's residential aged care sites | People using short‑term respite stays | People receiving in‑home aged care support | People living in Glamorgan Spring Bay, Dorset and Break O’Day regions",In‑person residential stays | Short‑term respite stays | In‑home care visits | Consumer‑directed care planning,17168860,17192602,,,,acnc-register:purpose.health | acnc-register:beneficiary.older_people,phase2b-2026-08-12-rc1
cb_8af509eea8fe44a494ae643080e40cf3,unknown,abn:40105898173,Calvary Retirement Community Ryde Limited,Calvary Retirement Community Ryde Limited,registered,enriched,"[{""capability"": ""regulatory"", ""evidence_ids"": [""ev:acnc:40105898173""], ""freshness_note"": null, ""observed_at"": ""2026-08-10"", ""source_record_id"": null, ""status"": ""observed""}, {""capability"": ""annual_report"", ""evidence_ids"": [], ""freshness_note"": null, ""observed_at"": ""2026-08-10"", ""source_record_id"": null, ""status"": ""not_yet_processed""}, {""capability"": ""website"", ""evidence_ids"": [""ev:web:40105898173:2026-08-10""], ""freshness_note"": null, ""observed_at"": ""2026-08-10"", ""source_record_id"": null, ""status"": ""observed""}, {""capability"": ""fundraising_expenditure"", ""evidence_ids"": [], ""freshness_note"": null, ""observed_at"": ""2026-08-10"", ""source_record_id"": null, ""status"": ""not_yet_processed""}, {""capability"": ""financials"", ""evidence_ids"": [], ""freshness_note"": null, ""observed_at"": ""2026-08-10"", ""source_record_id"": null, ""status"": ""not_found_in_source""}]",https://www.calvarycare.org.au,"Ryde, New South Wales | Australia","Legal name on regulatory records: Calvary Retirement Community Ryde Limited. The organisation’s public website is for Calvary Health Care and describes a group that provides a range of services including hospitals, residential aged care, retirement living and home care. The site states a mission to provide “quality, compassionate healthcare to the most vulnerable, including those reaching the end of their life,” notes a 140‑year heritage in Australia, and says it publishes annual clinical safety and quality data. The website also promotes volunteering, auxiliaries and local fundraising (for example a Calvary Mater Newcastle Auxiliary donation reported in news), lists upcoming events, and describes activity such as “Residential Aged Care Games.” Job and careers pages, location search pages and invitations to join community groups are visible. The available evidence is organisational‑level: it names service types and public engagement activities but does not provide detailed, site‑level descriptions or financial information specific to Calvary Retirement Community Ryde Limited.",Operates hospitals (organisation-level) | Provides residential aged care services | Provides retirement living and home care services | Publishes annual clinical safety and quality data (organisation-level) | Supports volunteer programmes and auxiliaries | Hosts public events including residential aged care games | Maintains careers and recruitment information,People receiving hospital care (patients) | Residents of aged care and retirement living services | People nearing end of life or described as vulnerable (organisation-stated) | Volunteers and auxiliary members involved in fundraising and support,Volunteering (volunteers and auxiliaries) | Public events (including games and community events) | Auxiliary-led fundraising and donations,,,,,,acnc-register:purpose.other_purpose | acnc-register:beneficiary.older_people | causebase:activity.direct_service | causebase:activity.events_and_public_programming | causebase:participation.volunteering | causebase:participation.public_events | causebase:approach.volunteer_enabled | causebase:geography.local_or_regional | causebase:geography.australia | causebase:beneficiary.people_experiencing_disadvantage,phase2b-2026-08-12-rc1
cb_702846f4dd1d418db5fbc98d68647cf9,unknown,abn:40920336423,East Fremantle Child Development Centre Inc,East Fremantle Child Development Centre Inc,registered,enriched,"[{""capability"": ""regulatory"", ""evidence_ids"": [""ev:acnc:40920336423""], ""freshness_note"": null, ""observed_at"": ""2026-08-10"", ""source_record_id"": null, ""status"": ""observed""}, {""capability"": ""annual_report"", ""evidence_ids"": [], ""freshness_note"": null, ""observed_at"": ""2026-08-10"", ""source_record_id"": null, ""status"": ""not_yet_processed""}, {""capability"": ""website"", ""evidence_ids"": [], ""freshness_note"": null, ""observed_at"": ""2026-08-10"", ""source_record_id"": null, ""status"": ""retrieval_failed""}, {""capability"": ""fundraising_expenditure"", ""evidence_ids"": [], ""freshness_note"": ""No direct or defensible derived fundraising expenditure was found in selected Phase 2A evidence."", ""observed_at"": ""2026-08-10"", ""source_record_id"": null, ""status"": ""not_available_from_source""}, {""capability"": ""financials"", ""evidence_ids"": [""ev:ais:40920336423:2023""], ""freshness_note"": null, ""observed_at"": ""2026-08-10"", ""source_record_id"": null, ""status"": ""observed""}]",http://www.steppingstonescdc.com.au,WA,"East Fremantle Child Development Centre Inc is listed on the Australian Charities and Not-for-profits Commission register (ACNC) with a recorded website address of http://www.steppingstonescdc.com.au. The available regulatory extracts include an ACNC register entry observed 10 August 2026 and an ACNC Information Statement / AIS entry covering 01/01/2023 to 31/12/2023. The AIS shows revenue of AUD 702,998 and total expenses of AUD 674,216 for that reporting year. Structured metadata attached to the subject lists its geography as WA (Western Australia). The organisation’s website retrieval and the annual report have not been processed in the provided evidence pack. The supplied sources do not include explicit descriptions of the centre’s activities, the populations it serves, or modes of participation.",,,,702998,674216,,,,acnc-register:purpose.education | acnc-register:beneficiary.other_beneficiary | causebase:geography.local_or_regional | causebase:organisation.local,phase2b-2026-08-12-rc1
cb_51c98d3295fb4a8fbcfeb8cece6b8412,unknown,abn:21697650652,Aussie Vets PTSD Group Incorporated,Aussie Vets PTSD Group Incorporated,registered,enriched,"[{""capability"": ""regulatory"", ""evidence_ids"": [""ev:acnc:21697650652""], ""freshness_note"": null, ""observed_at"": ""2026-08-10"", ""source_record_id"": null, ""status"": ""observed""}, {""capability"": ""annual_report"", ""evidence_ids"": [], ""freshness_note"": null, ""observed_at"": ""2026-08-10"", ""source_record_id"": null, ""status"": ""not_yet_processed""}, {""capability"": ""website"", ""evidence_ids"": [], ""freshness_note"": null, ""observed_at"": ""2026-08-10"", ""source_record_id"": null, ""status"": ""not_available_from_source""}, {""capability"": ""fundraising_expenditure"", ""evidence_ids"": [], ""freshness_note"": ""No direct or defensible derived fundraising expenditure was found in selected Phase 2A evidence."", ""observed_at"": ""2026-08-10"", ""source_record_id"": null, ""status"": ""not_available_from_source""}, {""capability"": ""financials"", ""evidence_ids"": [""ev:ais:21697650652:2023""], ""freshness_note"": null, ""observed_at"": ""2026-08-10"", ""source_record_id"": null, ""status"": ""observed""}]",,Australian Capital Territory (ACT),"Aussie Vets PTSD Group Incorporated appears on the Australian Charities and Not-for-profits Commission register under that legal name. The supplied regulatory evidence includes an ACNC register extract and the organisation’s Annual Information Statement (AIS) for the reporting period 1 July 2022 to 30 June 2023. The evidence lists the organisation’s structured geography as the Australian Capital Territory (ACT). No website, public description, program details or beneficiary lists were included in the supplied records. The AIS for 2022–23 reports revenue of AUD 3,753 and total expenses of AUD 3,000. Beyond the legal name, register entry and these headline financial figures, the supplied evidence does not describe specific activities, services, beneficiaries or modes of participation.",,,,3753,3000,,,,acnc-register:purpose.social_welfare | acnc-register:beneficiary.other_beneficiary,phase2b-2026-08-12-rc1
cb_6c11b73558144c61b51d004ca5e5bef9,unknown,abn:55631266601,5D CLINICS FOUNDATION LTD,5D CLINICS FOUNDATION LTD,registered,enriched,"[{""capability"": ""regulatory"", ""evidence_ids"": [""ev:acnc:55631266601""], ""freshness_note"": null, ""observed_at"": ""2026-08-10"", ""source_record_id"": null, ""status"": ""observed""}, {""capability"": ""annual_report"", ""evidence_ids"": [], ""freshness_note"": null, ""observed_at"": ""2026-08-10"", ""source_record_id"": null, ""status"": ""not_yet_processed""}, {""capability"": ""website"", ""evidence_ids"": [""ev:web:55631266601:2026-08-10""], ""freshness_note"": null, ""observed_at"": ""2026-08-10"", ""source_record_id"": null, ""status"": ""observed""}, {""capability"": ""fundraising_expenditure"", ""evidence_ids"": [], ""freshness_note"": ""No direct or defensible derived fundraising expenditure was found in selected Phase 2A evidence."", ""observed_at"": ""2026-08-10"", ""source_record_id"": null, ""status"": ""not_available_from_source""}, {""capability"": ""financials"", ""evidence_ids"": [""ev:ais:55631266601:2023""], ""freshness_note"": null, ""observed_at"": ""2026-08-10"", ""source_record_id"": null, ""status"": ""observed""}]",https://5dclinics.com.au/5dclinics-foundation/,Western Australia,"5D Clinics Foundation Ltd (5D Clinics Foundation) is presented on its website as an organisation that aims to provide “access to world class cancer treatment for everyone.” The website states the foundation consults with clinical experts who “have access to the full suite of resources available for cancer care” and that it “financially assist[s] patients with the most appropriate treatment specific to their needs.” The organisation frames its activity around supporting people after a cancer diagnosis and says it seeks to reduce fear of the unknown during a patient’s cancer journey. Regulatory records include an ACNC register extract and an ACNC AIS filing for 01/07/2022–30/06/2023 reporting revenue of AUD 220,477 and total expenses of AUD 217,456. The organisation’s listed geography includes Western Australia. The available evidence is primarily the organisation’s website text and an AIS financial extract; the website statements are organisation-authored claims and the AIS provides basic financials but does not report numbers of people assisted, eligibility criteria, detailed service models, or staff and volunteer arrangements.",Financial assistance to patients for cancer treatment (organisation-stated) | Consultation with clinical experts to identify appropriate treatment options (organisation-stated),People diagnosed with cancer (patients),,220477,217456,,,,acnc-register:purpose.health | acnc-register:beneficiary.other_beneficiary | causebase:activity.direct_service | causebase:approach.community_partnership | causebase:geography.local_or_regional | causebase:organisation.local,phase2b-2026-08-12-rc1
cb_1690dc79be8b4fb4b11c51db5c6f497c,unknown,abn:16734386980,Dieback Working Group Inc,Dieback Working Group Inc,registered,enriched,"[{""capability"": ""regulatory"", ""evidence_ids"": [""ev:acnc:16734386980""], ""freshness_note"": null, ""observed_at"": ""2026-08-10"", ""source_record_id"": null, ""status"": ""observed""}, {""capability"": ""annual_report"", ""evidence_ids"": [], ""freshness_note"": null, ""observed_at"": ""2026-08-10"", ""source_record_id"": null, ""status"": ""not_yet_processed""}, {""capability"": ""website"", ""evidence_ids"": [""ev:web:16734386980:2026-08-10""], ""freshness_note"": null, ""observed_at"": ""2026-08-10"", ""source_record_id"": null, ""status"": ""observed""}, {""capability"": ""fundraising_expenditure"", ""evidence_ids"": [], ""freshness_note"": ""No direct or defensible derived fundraising expenditure was found in selected Phase 2A evidence."", ""observed_at"": ""2026-08-10"", ""source_record_id"": null, ""status"": ""not_available_from_source""}, {""capability"": ""financials"", ""evidence_ids"": [""ev:ais:16734386980:2023""], ""freshness_note"": null, ""observed_at"": ""2026-08-10"", ""source_record_id"": null, ""status"": ""observed""}]",dwg.org.au,Western Australia | southern Western Australia,"The organisation’s website describes Dieback Working Group Inc as a WA‑based group focused on Phytophthora cinnamomi (Phytophthora Dieback). The website states the group was founded in 1996 by Dr Ian Colquhoun and is marking 30 years in 2026. Services listed on the site include Green Card Training (Dieback Biosecurity Awareness Training), which the website says is recognised by WA government authorities; a public biosecurity campaign called “Arrive Clean – Leave Clean”; a Find an Expert service; Treatment News; FAQs; and publication of a Managing Dieback Best Practice Guideline. The site promotes an annual conference (DIG) with dates listed for 2026 and references past DIG highlights. The website frames Phytophthora Dieback as a widespread concern in southern Western Australia and lists stakeholders involved in management—government, industry, landholders, research organisations, universities and community groups—while drawing attention to risks from tourism and outdoor recreation (for example mountain biking, geocaching and four‑wheel driving). The organisation’s 2022–23 AIS shows revenue of AUD 276,556 and expenses of AUD 90,061 for the year 01/07/2022–30/06/2023.","Biosecurity awareness training (Green Card Training) | Public conferences and events (DIG conference) | Public education and awareness campaign (“Arrive Clean – Leave Clean”) | Publication of guidance and information (Managing Dieback Best Practice Guideline, Treatment News, FAQs) | Information referral service (Find an Expert)",Government agencies and industry stakeholders (as listed on the website) | Landholders and land managers | Community groups and outdoor recreation users (as listed on the website) | Native plants and regional biodiversity (described on the website),Attending public events and conferences | Attending training courses (Green Card Training),276556,90061,,,,acnc-register:purpose.environment | acnc-register:beneficiary.regional_remote | causebase:cause.environment | causebase:activity.direct_service | causebase:activity.events_and_public_programming | causebase:activity.advocacy | causebase:participation.public_events | causebase:geography.local_or_regional | causebase:organisation.local | causebase:beneficiary.general_community,phase2b-2026-08-12-rc1
cb_3bbf4f13d74a432ab0ca1eb74741adae,unknown,abn:51419209376,The Trustee For The Newman College Foundation,The Trustee For The Newman College Foundation,registered,enriched,"[{""capability"": ""regulatory"", ""evidence_ids"": [""ev:acnc:51419209376""], ""freshness_note"": null, ""observed_at"": ""2026-08-10"", ""source_record_id"": null, ""status"": ""observed""}, {""capability"": ""annual_report"", ""evidence_ids"": [], ""freshness_note"": null, ""observed_at"": ""2026-08-10"", ""source_record_id"": null, ""status"": ""not_yet_processed""}, {""capability"": ""website"", ""evidence_ids"": [""ev:web:51419209376:2026-08-10""], ""freshness_note"": null, ""observed_at"": ""2026-08-10"", ""source_record_id"": null, ""status"": ""observed""}, {""capability"": ""fundraising_expenditure"", ""evidence_ids"": [], ""freshness_note"": ""No direct or defensible derived fundraising expenditure was found in selected Phase 2A evidence."", ""observed_at"": ""2026-08-10"", ""source_record_id"": null, ""status"": ""not_available_from_source""}, {""capability"": ""financials"", ""evidence_ids"": [""ev:ais:51419209376:2023""], ""freshness_note"": null, ""observed_at"": ""2026-08-10"", ""source_record_id"": null, ""status"": ""observed""}]",https://newman.unimelb.edu.au,"887 Swanston Street, Parkville, Melbourne, Victoria (Australia)","The organisation’s website describes Newman College as a co‑educational residential college located at 887 Swanston Street, Parkville, Victoria, affiliated with the University of Melbourne and accepting primarily University of Melbourne students with limited places for ACU, Monash and RMIT students. The website lists figures including about 280 community members, 220 scholarships and bursaries awarded, and about 90 tutorials delivered each week. The site lists activities such as residential accommodation, a tutorial programme and academic mentoring, an outreach programme, Scholar’s Presentations and guest speakers, and opportunities in sport, music, drama and art; it also refers to student engagements in community service and items of news such as a Camino retreat and inter‑collegiate swimming results. The ACNC AIS 2023 extract in the provided evidence reports revenue of AUD 282,179 and total expenses of AUD 193,332 for the 2023 reporting period. Contact details on the website include a Parkville street address, phone number and office email. The material presented here is taken from the organisation’s own website and from the ACNC AIS 2023 extract included in the evidence pack.","residential accommodation for university students | tutorial programme and academic mentoring (tutorials delivered weekly) | scholarships and bursaries administration | student community service and outreach programme | sporting teams and inter‑collegiate competitions | music, drama, art productions and concerts | guest speakers and Scholar’s Presentations | student retreats (Camino retreat)",students studying at the University of Melbourne (primary) | limited places for students at Australian Catholic University (ACU) | limited places for students at Monash University | limited places for students at RMIT,"living in residential college accommodation | attending tutorials and academic mentoring | participating in sports, music, drama and arts events | engaging in community service and outreach (volunteering) | attending public talks and Scholar’s Presentations",282179,193332,,,,acnc-register:purpose.education | acnc-register:beneficiary.environment | causebase:activity.direct_service | causebase:activity.events_and_public_programming | causebase:participation.public_events | causebase:participation.volunteering | causebase:geography.local_or_regional | causebase:organisation.local,phase2b-2026-08-12-rc1
cb_8a89059f7be44ccba04cb181f8abf127,unknown,abn:11566496319,Australian National Capital Artists Inc,Australian National Capital Artists Inc,registered,enriched,"[{""capability"": ""regulatory"", ""evidence_ids"": [""ev:acnc:11566496319""], ""freshness_note"": null, ""observed_at"": ""2026-08-10"", ""source_record_id"": null, ""status"": ""observed""}, {""capability"": ""annual_report"", ""evidence_ids"": [], ""freshness_note"": null, ""observed_at"": ""2026-08-10"", ""source_record_id"": null, ""status"": ""not_yet_processed""}, {""capability"": ""website"", ""evidence_ids"": [""ev:web:11566496319:2026-08-10""], ""freshness_note"": null, ""observed_at"": ""2026-08-10"", ""source_record_id"": null, ""status"": ""observed""}, {""capability"": ""fundraising_expenditure"", ""evidence_ids"": [], ""freshness_note"": ""No direct or defensible derived fundraising expenditure was found in selected Phase 2A evidence."", ""observed_at"": ""2026-08-10"", ""source_record_id"": null, ""status"": ""not_available_from_source""}, {""capability"": ""financials"", ""evidence_ids"": [""ev:ais:11566496319:2023""], ""freshness_note"": null, ""observed_at"": ""2026-08-10"", ""source_record_id"": null, ""status"": ""observed""}]",https://www.anca.net.au/,"Dickson, Australian Capital Territory (ACT) | Australian Capital Territory (ACT)","The organisation’s website presents ANCA Inc. as operating ANCA Gallery at 1 Rosevear Place, Dickson ACT 2602, with posted gallery hours (Fri–Sun 11–4pm; Thursdays by appointment) and contact details (gallery@anca.net.au; (02) 6247 8736). The site lists exhibitions with specific dates and events: for example, an exhibition titled Everyday. Reverence with an opening on 3 July 6–8pm and on‑view dates 3–26 July, featuring seven named artists and descriptions of individual works and materials. The website text includes an acknowledgment of the Ngunnawal and Ngambri people as traditional custodians of the land. The ACNC/AIS extract for 2023 records revenue of AUD 301,076 and total expenses of AUD 338,206 for the 01/01/2023–31/12/2023 reporting period. The ACNC register entry is noted in the available evidence. The materials observed are primarily a public website snapshot and the 2023 AIS extract; the website frames the listed exhibitions and artist information as the organisation’s public programming.",Running a public gallery with scheduled exhibitions and exhibition opening events | Publishing exhibition details and artist statements on the organisation website | Operating a physical gallery site with posted opening hours and contact information,"Named exhibiting artists (e.g. Heidi Smith, Monika McInerney, Michele England) | People who attend or visit listed exhibitions (gallery visitors)",Attending exhibition openings and public viewing during posted gallery hours | Contacting the gallery by email or telephone,301076,338206,,,,acnc-register:purpose.other_purpose | acnc-register:beneficiary.older_people | causebase:cause.culture_and_heritage | causebase:activity.events_and_public_programming | causebase:participation.public_events | causebase:geography.local_or_regional | causebase:organisation.local | causebase:beneficiary.general_community,phase2b-2026-08-12-rc1
cb_c895804e211a4d7a96f992b80bcac6de,unknown,abn:60669466326,NHILL KAREN COMMUNITY LTD,NHILL KAREN COMMUNITY LTD,registered,enriched,"[{""capability"": ""regulatory"", ""evidence_ids"": [""ev:acnc:60669466326""], ""freshness_note"": null, ""observed_at"": ""2026-08-10"", ""source_record_id"": null, ""status"": ""observed""}, {""capability"": ""annual_report"", ""evidence_ids"": [], ""freshness_note"": null, ""observed_at"": ""2026-08-10"", ""source_record_id"": null, ""status"": ""not_yet_processed""}, {""capability"": ""website"", ""evidence_ids"": [], ""freshness_note"": null, ""observed_at"": ""2026-08-10"", ""source_record_id"": null, ""status"": ""not_available_from_source""}, {""capability"": ""fundraising_expenditure"", ""evidence_ids"": [], ""freshness_note"": null, ""observed_at"": ""2026-08-10"", ""source_record_id"": null, ""status"": ""not_yet_processed""}, {""capability"": ""financials"", ""evidence_ids"": [], ""freshness_note"": null, ""observed_at"": ""2026-08-10"", ""source_record_id"": null, ""status"": ""not_found_in_source""}]",,,"NHILL KAREN COMMUNITY LTD appears in the CauseBase evidence pack via an ACNC Register extract. There is no website, no processed annual report, and no financial records or structured entries for activities, beneficiaries, geography or participation included in this release. CauseBase does not have sufficient descriptive evidence in this release to independently identify specific activities, services provided, target beneficiaries, or the geographic area of operations for NHILL KAREN COMMUNITY LTD.",,,,,,,,,acnc-register:purpose.social_welfare | acnc-register:beneficiary.migrants_refugees,phase2b-2026-08-12-rc1
cb_56748025b6a94a74bfce6d2b12c1f74c,unknown,abn:11955042908,Bundi Yamatji Aboriginal Corporation,Bundi Yamatji Aboriginal Corporation,registered,enriched,"[{""capability"": ""regulatory"", ""evidence_ids"": [""ev:acnc:11955042908""], ""freshness_note"": null, ""observed_at"": ""2026-08-10"", ""source_record_id"": null, ""status"": ""observed""}, {""capability"": ""annual_report"", ""evidence_ids"": [], ""freshness_note"": null, ""observed_at"": ""2026-08-10"", ""source_record_id"": null, ""status"": ""not_yet_processed""}, {""capability"": ""website"", ""evidence_ids"": [], ""freshness_note"": null, ""observed_at"": ""2026-08-10"", ""source_record_id"": null, ""status"": ""not_available_from_source""}, {""capability"": ""fundraising_expenditure"", ""evidence_ids"": [], ""freshness_note"": null, ""observed_at"": ""2026-08-10"", ""source_record_id"": null, ""status"": ""not_yet_processed""}, {""capability"": ""financials"", ""evidence_ids"": [], ""freshness_note"": null, ""observed_at"": ""2026-08-10"", ""source_record_id"": null, ""status"": ""not_found_in_source""}]",,Western Australia,"Bundi Yamatji Aboriginal Corporation is listed on the Australian Charities and Not‑for‑profits Commission (ACNC) register. Structured data associated with this record indicates the organisation is located in Western Australia. Public sources supplied for this review do not include a website, a publicly available description of programs, or financial statements; an annual report entry is noted as not yet processed. The ACNC extract supplied does not specify the corporation’s activities, target beneficiaries or modes of participation, and no additional third‑party documentation was provided. The information in this card is limited to the regulatory entry and the absence of publicly supplied program or financial details in the evidence pack.",,,,,,,,,acnc-register:purpose.environment | acnc-register:beneficiary.other_beneficiary,phase2b-2026-08-12-rc1
cb_1ed4d44d34e949098005cf9c6ca1885c,unknown,abn:56147787276,MULTICULTURAL SENIOR DIGITAL SUPPORT QLD INC,MULTICULTURAL SENIOR DIGITAL SUPPORT QLD INC,registered,enriched,"[{""capability"": ""regulatory"", ""evidence_ids"": [""ev:acnc:56147787276""], ""freshness_note"": null, ""observed_at"": ""2026-08-10"", ""source_record_id"": null, ""status"": ""observed""}, {""capability"": ""annual_report"", ""evidence_ids"": [], ""freshness_note"": null, ""observed_at"": ""2026-08-10"", ""source_record_id"": null, ""status"": ""not_yet_processed""}, {""capability"": ""website"", ""evidence_ids"": [], ""freshness_note"": null, ""observed_at"": ""2026-08-10"", ""source_record_id"": null, ""status"": ""retrieval_failed""}, {""capability"": ""fundraising_expenditure"", ""evidence_ids"": [], ""freshness_note"": null, ""observed_at"": ""2026-08-10"", ""source_record_id"": null, ""status"": ""not_yet_processed""}, {""capability"": ""financials"", ""evidence_ids"": [], ""freshness_note"": null, ""observed_at"": ""2026-08-10"", ""source_record_id"": null, ""status"": ""not_found_in_source""}]",https://lifelong.org.au,QLD,"MULTICULTURAL SENIOR DIGITAL SUPPORT QLD INC is listed under that legal and display name in an ACNC Register extract observed 2026-08-10. The record shows a website URL (https://lifelong.org.au) and structured geography indicated as QLD. No organisation-authored description, program details, activities, beneficiary groups or participation modes were available in the supplied materials. Website retrieval was attempted but failed; an annual report was noted as not yet processed and financial records were not found in the provided sources. The available evidence therefore identifies the entity by name, a web address and a Queensland location on an ACNC extract, and does not provide substantiated information about services, beneficiaries, or operating practices.",,,,,,,,,acnc-register:purpose.education | acnc-register:beneficiary.older_people,phase2b-2026-08-12-rc1
cb_59f17ed26a2647a688571b530e39e400,unknown,abn:36661209143,Ariah Park Show Society Inc,Ariah Park Show Society Inc,registered,enriched,"[{""capability"": ""regulatory"", ""evidence_ids"": [""ev:acnc:36661209143""], ""freshness_note"": null, ""observed_at"": ""2026-08-10"", ""source_record_id"": null, ""status"": ""observed""}, {""capability"": ""annual_report"", ""evidence_ids"": [], ""freshness_note"": null, ""observed_at"": ""2026-08-10"", ""source_record_id"": null, ""status"": ""not_yet_processed""}, {""capability"": ""website"", ""evidence_ids"": [], ""freshness_note"": null, ""observed_at"": ""2026-08-10"", ""source_record_id"": null, ""status"": ""not_available_from_source""}, {""capability"": ""fundraising_expenditure"", ""evidence_ids"": [], ""freshness_note"": ""No direct or defensible derived fundraising expenditure was found in selected Phase 2A evidence."", ""observed_at"": ""2026-08-10"", ""source_record_id"": null, ""status"": ""not_available_from_source""}, {""capability"": ""financials"", ""evidence_ids"": [""ev:ais:36661209143:2023""], ""freshness_note"": null, ""observed_at"": ""2026-08-10"", ""source_record_id"": null, ""status"": ""observed""}]",,New South Wales (NSW),"Ariah Park Show Society Inc is listed on the Australian Charities and Not-for-profits Commission (ACNC) register with a structured location of New South Wales (NSW). The only detailed document provided in the evidence pack is the ACNC Annual Information Statement (AIS) extract for the reporting period 01/07/2022 to 30/06/2023. For that period the AIS records total revenue of AUD 18,799 and total expenses of AUD 44,870. Within the supplied extracts there are no program descriptions, lists of services, named beneficiaries or participation mechanisms. The material does not include a website or other public-facing communications in the evidence pack. The financial figures in the AIS show expenses exceeded revenue in the reported year by AUD 26,071. The ACNC register extract and the AIS are the sources for the statements above; the organisation’s own descriptions beyond those filings were not included in the provided evidence.",,,,18799,44870,,,,acnc-register:purpose.other_purpose | acnc-register:beneficiary.regional_remote | causebase:geography.local_or_regional | causebase:organisation.local,phase2b-2026-08-12-rc1
cb_dce5af58ad1d4be6b0ef83cc20366184,unknown,abn:94196952697,BEECHFORD RESIDENTS AND PROPERTY OWNERS ASSOCIATION INC,BEECHFORD RESIDENTS AND PROPERTY OWNERS ASSOCIATION INC,registered,enriched,"[{""capability"": ""regulatory"", ""evidence_ids"": [""ev:acnc:94196952697""], ""freshness_note"": null, ""observed_at"": ""2026-08-10"", ""source_record_id"": null, ""status"": ""observed""}, {""capability"": ""annual_report"", ""evidence_ids"": [], ""freshness_note"": null, ""observed_at"": ""2026-08-10"", ""source_record_id"": null, ""status"": ""not_yet_processed""}, {""capability"": ""website"", ""evidence_ids"": [], ""freshness_note"": null, ""observed_at"": ""2026-08-10"", ""source_record_id"": null, ""status"": ""not_available_from_source""}, {""capability"": ""fundraising_expenditure"", ""evidence_ids"": [], ""freshness_note"": ""No direct or defensible derived fundraising expenditure was found in selected Phase 2A evidence."", ""observed_at"": ""2026-08-10"", ""source_record_id"": null, ""status"": ""not_available_from_source""}, {""capability"": ""financials"", ""evidence_ids"": [""ev:ais:94196952697:2023""], ""freshness_note"": null, ""observed_at"": ""2026-08-10"", ""source_record_id"": null, ""status"": ""observed""}]",,Tasmania | Australia,"Beechford Residents and Property Owners Association Inc is listed on the Australian Charities and Not-for-profits Commission (ACNC) register. The available regulatory material comprises an ACNC register extract and the 2023 Annual Information Statement (AIS) covering 01/07/2022 to 30/06/2023. The AIS shows reported revenue of AUD 3,120 for that period and reported total expenses of AUD 0. The association is recorded with a structured geography of Tasmania. No website or public-facing organisational description was available in the supplied evidence. The ACNC extracts and AIS provided do not describe specific programs, services, beneficiaries, staff or volunteer roles, nor do they list participation modes such as meetings, events or working bees in the portions of filings supplied. The only concrete operational data in the supplied evidence are the legal name, registration on the ACNC register, the Tasmania location tag, and the single-year financial figures from the AIS.",,,,3120,0,,,,acnc-register:purpose.other_purpose | acnc-register:beneficiary.regional_remote | causebase:geography.australia | causebase:geography.local_or_regional,phase2b-2026-08-12-rc1
cb_7e95b7d2c01d4908bec99f30b02c119e,unknown,abn:20151472221,Steps Staffing Solutions Ltd,Steps Staffing Solutions Ltd,registered,enriched,"[{""capability"": ""regulatory"", ""evidence_ids"": [""ev:acnc:20151472221""], ""freshness_note"": null, ""observed_at"": ""2026-08-10"", ""source_record_id"": null, ""status"": ""observed""}, {""capability"": ""annual_report"", ""evidence_ids"": [], ""freshness_note"": null, ""observed_at"": ""2026-08-10"", ""source_record_id"": null, ""status"": ""not_yet_processed""}, {""capability"": ""website"", ""evidence_ids"": [], ""freshness_note"": null, ""observed_at"": ""2026-08-10"", ""source_record_id"": null, ""status"": ""retrieval_failed""}, {""capability"": ""fundraising_expenditure"", ""evidence_ids"": [], ""freshness_note"": ""No direct or defensible derived fundraising expenditure was found in selected Phase 2A evidence."", ""observed_at"": ""2026-08-10"", ""source_record_id"": null, ""status"": ""not_available_from_source""}, {""capability"": ""financials"", ""evidence_ids"": [""ev:ais:20151472221:2023""], ""freshness_note"": null, ""observed_at"": ""2026-08-10"", ""source_record_id"": null, ""status"": ""observed""}]",https://www.stepsstaffingsolutions.com.au,,"Steps Staffing Solutions Ltd is recorded under an ACNC Register extract and provided an ACNC Annual Information Statement for the year 01/07/2022 to 30/06/2023. The AIS financial data for that period reports total revenue of AUD 5,176,925 and total expenses of AUD 5,027,845. The organisation’s website URL is listed as https://www.stepsstaffingsolutions.com.au, but website retrieval failed in the supplied evidence. The supplied documents in this evidence pack do not include a description of the organisation’s activities, the people or groups it serves, geographic areas of operation, or modes of public participation. No externally sourced programme descriptions or beneficiary lists are present in the provided material.",,,,5176925,5027845,,,,acnc-register:purpose.other_purpose | acnc-register:beneficiary.people_with_disability,phase2b-2026-08-12-rc1
cb_ce144deb00ca4531b5695e5cd02ae72c,unknown,abn:29041947678,A F E Common Equity Rental Housing Co-operative Limited,A F E Common Equity Rental Housing Co-operative Limited,registered,enriched,"[{""capability"": ""regulatory"", ""evidence_ids"": [""ev:acnc:29041947678""], ""freshness_note"": null, ""observed_at"": ""2026-08-10"", ""source_record_id"": null, ""status"": ""observed""}, {""capability"": ""annual_report"", ""evidence_ids"": [], ""freshness_note"": null, ""observed_at"": ""2026-08-10"", ""source_record_id"": null, ""status"": ""not_yet_processed""}, {""capability"": ""website"", ""evidence_ids"": [], ""freshness_note"": null, ""observed_at"": ""2026-08-10"", ""source_record_id"": null, ""status"": ""not_available_from_source""}, {""capability"": ""fundraising_expenditure"", ""evidence_ids"": [], ""freshness_note"": ""No direct or defensible derived fundraising expenditure was found in selected Phase 2A evidence."", ""observed_at"": ""2026-08-10"", ""source_record_id"": null, ""status"": ""not_available_from_source""}, {""capability"": ""financials"", ""evidence_ids"": [""ev:ais:29041947678:2023""], ""freshness_note"": null, ""observed_at"": ""2026-08-10"", ""source_record_id"": null, ""status"": ""observed""}]",,"Victoria, Australia","A F E Common Equity Rental Housing Co-operative Limited appears on the Australian Charities and Not-for-profits Commission (ACNC) register under that legal name. The available ACNC Annual Information Statement (AIS) for the year 01/07/2022 to 30/06/2023 reports the entity’s financials: total revenue of AUD 176,523 and total expenses of AUD 171,661 for that period. The AIS record included in the evidence lists the reporting scope as the subject, notes the entity itself as the covered subject, and records the attribution method as a direct subject report; the AIS extract indicates the consolidated reporting status as unknown. The supplied coverage metadata shows ACNC/regulatory information was observed and that no website content was available to the data source. The evidence package does not include a separate annual report, program descriptions, beneficiary lists, or descriptions of activities or modes of participation. No public website or other organisational publications were provided in the evidence set.",,,,176523,171661,,,,acnc-register:purpose.social_welfare | acnc-register:beneficiary.general_community,phase2b-2026-08-12-rc1
cb_e0f83d5305ed4544a95e72a97c8c424a,unknown,abn:32590616129,Angel Gowns Australia Incorporated,Angel Gowns Australia Incorporated,registered,enriched,"[{""capability"": ""regulatory"", ""evidence_ids"": [""ev:acnc:32590616129""], ""freshness_note"": null, ""observed_at"": ""2026-08-10"", ""source_record_id"": null, ""status"": ""observed""}, {""capability"": ""annual_report"", ""evidence_ids"": [""ev:report:32590616129:3a9518409a8d""], ""freshness_note"": null, ""observed_at"": ""2026-08-10"", ""source_record_id"": null, ""status"": ""observed""}, {""capability"": ""website"", ""evidence_ids"": [""ev:web:32590616129:2026-08-10""], ""freshness_note"": null, ""observed_at"": ""2026-08-10"", ""source_record_id"": null, ""status"": ""observed""}, {""capability"": ""fundraising_expenditure"", ""evidence_ids"": [], ""freshness_note"": ""No direct or defensible derived fundraising expenditure was found in selected Phase 2A evidence."", ""observed_at"": ""2026-08-10"", ""source_record_id"": null, ""status"": ""not_available_from_source""}, {""capability"": ""financials"", ""evidence_ids"": [""ev:ais:32590616129:2023""], ""freshness_note"": null, ""observed_at"": ""2026-08-10"", ""source_record_id"": null, ""status"": ""observed""}]",https://www.angelgownsaustralia.org.au,Services and volunteers across Australia | National coverage (reports service to 211 hospitals and 102 funeral homes across Australia),"Angel Gowns Australia Incorporated is a volunteer-run charity that repurposes donated wedding and evening-wear fabrics into garments and related items for bereaved families, hospitals and funeral homes. The organisation’s 2021 annual report states it had over 370 volunteers across all states and territories, organised seamstress, tutu-maker and de-constructor roles, and named a management committee and state coordinators. Program activity described in that report includes: handcrafting Angel Gown garments and micro-gowns; producing more than 60 tutus in the past 12 months using salvaged tulle (stock gifted to Ronald McDonald House Perth, Perth Children’s Hospital, Royal Children’s Hospital Melbourne and Women’s and Children’s Hospital Adelaide); creating an Early Loss Pouch for babies under 20 weeks; and fulfilling special requests (report lists specific gifts such as eight poem cards with crystals, multiple micro-gown/wrap packs and larger gowns). The report records the service being stocked by 211 hospitals and 102 funeral homes and notes logistics challenges during COVID (storage access, delivery delays with TOLL/AusPost). The organisation’s 2022–23 regulatory reporting shows revenue of AUD 14,107 and expenses of AUD 23,383.","Handcrafting Angel Gown garments and micro-gowns from donated wedding dresses and donating them to hospitals, funeral homes and families | Making tutus from salvaged tulle and gifting them to hospitals and children’s services | Producing Early Loss Pouches designed for babies under 20 weeks and supplying emergency departments | Accepting and processing special garment requests from families | Managing logistics, storage and distribution of donated dresses and finished garments | Fundraising through online auctions, an online shop, craft shows and donation pages | Maintaining a database and coordinating supply with hospitals and funeral homes",Bereaved families who experienced stillbirth or neonatal death | Families with babies in Neonatal Intensive Care or with life-limiting conditions | Children in hospital who receive tutus and dress-up items | Hospitals and funeral homes that hold and distribute garments to families,"Volunteering as seamstresses, tutu makers, de-constructors and coordinators | Donating wedding dresses and fabric for repurposing | Participation in public events and craft shows and online fundraising | Submitting special requests for garments",14107,23383,,,,acnc-register:purpose.health | acnc-register:beneficiary.children | causebase:activity.direct_service | causebase:activity.events_and_public_programming | causebase:approach.volunteer_enabled | causebase:approach.community_partnership | causebase:participation.volunteering | causebase:participation.public_events | causebase:geography.australia | causebase:organisation.national,phase2b-2026-08-12-rc1
cb_2669573b14e34eafa671c4d2bdcdedcd,unknown,abn:32588253381,North East Men's Shed (Winnaleah) Inc.,North East Men's Shed (Winnaleah) Inc.,registered,enriched,"[{""capability"": ""regulatory"", ""evidence_ids"": [""ev:acnc:32588253381""], ""freshness_note"": null, ""observed_at"": ""2026-08-10"", ""source_record_id"": null, ""status"": ""observed""}, {""capability"": ""annual_report"", ""evidence_ids"": [], ""freshness_note"": null, ""observed_at"": ""2026-08-10"", ""source_record_id"": null, ""status"": ""not_yet_processed""}, {""capability"": ""website"", ""evidence_ids"": [], ""freshness_note"": null, ""observed_at"": ""2026-08-10"", ""source_record_id"": null, ""status"": ""not_available_from_source""}, {""capability"": ""fundraising_expenditure"", ""evidence_ids"": [], ""freshness_note"": null, ""observed_at"": ""2026-08-10"", ""source_record_id"": null, ""status"": ""not_yet_processed""}, {""capability"": ""financials"", ""evidence_ids"": [], ""freshness_note"": null, ""observed_at"": ""2026-08-10"", ""source_record_id"": null, ""status"": ""not_found_in_source""}]",,Tasmania,"North East Men's Shed (Winnaleah) Inc. is recorded on the Australian Charities and Not‑for‑profits Commission register with a registered location in Tasmania. CauseBase has no organisation‑authored description, website content, annual report extracts or other source material in this evidence pack that describes the group’s concrete activities, programs, beneficiaries or participation formats. The only verified datum in this release is the registered name and the jurisdiction (Tasmania) from the ACNC register extract. CauseBase does not infer activities from the organisation’s name; therefore no specific services, event types, volunteer roles or beneficiary groups are identified here.",,,,,,,,,acnc-register:purpose.health | acnc-register:beneficiary.regional_remote,phase2b-2026-08-12-rc1
cb_5d5459e58dac4e49a042f717e395ebec,unknown,abn:31128981902,Akademeia Limited,Akademeia Limited,registered,enriched,"[{""capability"": ""regulatory"", ""evidence_ids"": [""ev:acnc:31128981902""], ""freshness_note"": null, ""observed_at"": ""2026-08-10"", ""source_record_id"": null, ""status"": ""observed""}, {""capability"": ""annual_report"", ""evidence_ids"": [], ""freshness_note"": null, ""observed_at"": ""2026-08-10"", ""source_record_id"": null, ""status"": ""not_yet_processed""}, {""capability"": ""website"", ""evidence_ids"": [""ev:web:31128981902:2026-08-10""], ""freshness_note"": null, ""observed_at"": ""2026-08-10"", ""source_record_id"": null, ""status"": ""observed""}, {""capability"": ""fundraising_expenditure"", ""evidence_ids"": [], ""freshness_note"": null, ""observed_at"": ""2026-08-10"", ""source_record_id"": null, ""status"": ""not_yet_processed""}, {""capability"": ""financials"", ""evidence_ids"": [], ""freshness_note"": null, ""observed_at"": ""2026-08-10"", ""source_record_id"": null, ""status"": ""not_found_in_source""}]",pinnacleacademiccollege.com.au,"Kallangur, Queensland (on‑site campus) | Australia (organisation states it serves families across Australia)","Akademeia Limited (branded on its website as Pinnacle Academic College) presents itself as a provider of on‑campus and distance education. The website lists a Kallangur, Queensland campus and describes three packages: Bronze (fully online distance learning), Silver (online with on‑site Thursdays at the Kallangur campus) and Gold (online with on‑site days, excursions and an intensive swimming program). The site also describes a full‑time on‑campus option for students in Years 1–6 that is currently full and offered by waitlist. Services and activities described include online lessons, workshops, on‑campus activities and excursions, learning support and a range of learning resources; teaching is described as guided by teachers and supported by parents, with multi‑age class groups and personalised learning approaches. The website invites families to submit an enquiry, book a tour or have an online chat to receive fees and enrolment information. An ACNC Register extract for the entity was observed in the evidence pack; no financial statements or independent verification of claims were included in the supplied materials.","On‑campus education at Kallangur campus (Years 1–6 full‑time option) | Distance education / online lessons | Blended packages combining online study with on‑site days (Silver, Gold) | Workshops, excursions and on‑campus activities | Learning support and provision of educational resources | Intensive swimming program (listed in Gold package)",Students in Years 1–6 | Families across Australia (claimed by the organisation),"Fully online enrolment (Bronze package) | Blended enrolment with scheduled on‑campus days (Silver, Gold packages) | On‑campus full‑time enrolment (currently full; waitlist available) | Participation in excursions, incursions and on‑campus activities | Book a tour or online chat; submit an enquiry to request fees & enrolment information",,,,,,acnc-register:purpose.education | acnc-register:beneficiary.children | causebase:activity.direct_service | causebase:activity.events_and_public_programming | causebase:participation.public_events | causebase:geography.australia | causebase:geography.local_or_regional | causebase:organisation.national | causebase:beneficiary.general_community,phase2b-2026-08-12-rc1
cb_9b0604e86cb24d31bbda5d23a6e22235,unknown,abn:39410139423,Ann Street Presbyterian Church,Ann Street Presbyterian Church,registered,enriched,"[{""capability"": ""regulatory"", ""evidence_ids"": [""ev:acnc:39410139423""], ""freshness_note"": null, ""observed_at"": ""2026-08-10"", ""source_record_id"": null, ""status"": ""observed""}, {""capability"": ""annual_report"", ""evidence_ids"": [], ""freshness_note"": null, ""observed_at"": ""2026-08-10"", ""source_record_id"": null, ""status"": ""not_yet_processed""}, {""capability"": ""website"", ""evidence_ids"": [""ev:web:39410139423:2026-08-10""], ""freshness_note"": null, ""observed_at"": ""2026-08-10"", ""source_record_id"": null, ""status"": ""observed""}, {""capability"": ""fundraising_expenditure"", ""evidence_ids"": [], ""freshness_note"": ""No direct or defensible derived fundraising expenditure was found in selected Phase 2A evidence."", ""observed_at"": ""2026-08-10"", ""source_record_id"": null, ""status"": ""not_available_from_source""}, {""capability"": ""financials"", ""evidence_ids"": [""ev:ais:39410139423:2023""], ""freshness_note"": null, ""observed_at"": ""2026-08-10"", ""source_record_id"": null, ""status"": ""observed""}]",www.pcq.org.au,Queensland (Australia),"Ann Street Presbyterian Church is listed with Queensland as its structured location, and the website content available for the Presbyterian Church of Queensland (PCQ) describes state-level activity that the congregation is associated with. The PCQ website states it “encourag(es) and support(s) individual churches to grow” and lists concrete programmes and resources: Christian education, hospital chaplains, ministry resourcing, women’s ministries, youth and children’s ministry, a PIM Gap Year placement, a “Find a Church” directory, PCQ events, and congregational policies and forms. The website frames these items as ways the Presbyterian Church of Queensland pursues its stated aim of “making known the good news of Jesus Christ,” language presented as organisation-authored claim. The ACNC AIS extract for the 2023 reporting year included in the evidence package records zero revenue and zero total expenses for the reporting subject for 01/01/2023–31/12/2023. Publicly available excerpts provide programme names and administrative resources, but do not include detailed service volumes, staffing or separate financials for the named congregation in the selected documents.",Christian education programming (as listed on PCQ site) | Hospital chaplaincy (listed as a ministry) | Ministry resourcing and support for individual congregations | Women’s ministries | Youth and children’s ministry | PIM Gap Year programme | PCQ events and public programming,Individual congregations and churches in Queensland | Church members and participants | Children and youth involved in youth and children’s ministry | Women involved in women’s ministries | People who receive hospital chaplaincy services,Attending PCQ events and public programming | Enrolling in ministry programmes (for example PIM Gap Year) | Accessing congregational resources and training materials,0,0,,,,acnc-register:purpose.religion | acnc-register:beneficiary.general_community | causebase:activity.direct_service | causebase:activity.events_and_public_programming | causebase:approach.community_partnership | causebase:participation.public_events | causebase:participation.volunteering | causebase:geography.local_or_regional | causebase:organisation.local,phase2b-2026-08-12-rc1
cb_2d4516e0be8b4c4a9d2508cbd7999687,unknown,abn:38177188057,The Water Well Project Limited,The Water Well Project Limited,registered,enriched,"[{""capability"": ""regulatory"", ""evidence_ids"": [""ev:acnc:38177188057""], ""freshness_note"": null, ""observed_at"": ""2026-08-10"", ""source_record_id"": null, ""status"": ""observed""}, {""capability"": ""annual_report"", ""evidence_ids"": [], ""freshness_note"": null, ""observed_at"": ""2026-08-10"", ""source_record_id"": null, ""status"": ""not_yet_processed""}, {""capability"": ""website"", ""evidence_ids"": [""ev:web:38177188057:2026-08-10""], ""freshness_note"": null, ""observed_at"": ""2026-08-10"", ""source_record_id"": null, ""status"": ""observed""}, {""capability"": ""fundraising_expenditure"", ""evidence_ids"": [], ""freshness_note"": ""No direct or defensible derived fundraising expenditure was found in selected Phase 2A evidence."", ""observed_at"": ""2026-08-10"", ""source_record_id"": null, ""status"": ""not_available_from_source""}, {""capability"": ""financials"", ""evidence_ids"": [""ev:ais:38177188057:2023""], ""freshness_note"": null, ""observed_at"": ""2026-08-10"", ""source_record_id"": null, ""status"": ""observed""}]",www.thewaterwellproject.org,Australia,"The Water Well Project Limited is described on its website as running community-facing health education sessions for people from migrant and refugee backgrounds and other community participants. Website excerpts quote community members and teachers saying sessions create a space to discuss sensitive health topics, improve health literacy, and build confidence in navigating the Australian healthcare system; specific participant comments mention learning about preventative healthcare, healthier food choices and ambulance cover. A volunteer healthcare professional quoted on the site says volunteering helped them understand migrant and refugee health needs. Teacher feedback in the excerpts refers to high student engagement and many questions during sessions. The organisation’s ACNC Annual Information Statement for 01/07/2022–30/06/2023 records revenue of AUD 327,452 and total expenses of AUD 399,752 for that period. The available evidence consists of organisation-published web quotes and the ACNC AIS financial extract.",Community health education sessions about navigating the Australian healthcare system | Sessions on preventative health and healthy eating | School-based sessions with student engagement | Recruitment and involvement of volunteer healthcare professionals,People from migrant and refugee backgrounds (described in organisation quotes) | Students (school participants) | Community participants and community representatives,Volunteering | Public or community sessions/events,327452,399752,,,,acnc-register:purpose.health | acnc-register:beneficiary.migrants_refugees | causebase:activity.direct_service | causebase:activity.events_and_public_programming | causebase:approach.volunteer_enabled | causebase:participation.volunteering | causebase:participation.public_events | causebase:beneficiary.people_experiencing_disadvantage | causebase:beneficiary.general_community | causebase:geography.australia,phase2b-2026-08-12-rc1
cb_d44bbd714bbc48daa9e1b734fb404cea,unknown,abn:13103345213,The Russian Imperial Order of Saint Michael Archangel,The Russian Imperial Order of Saint Michael Archangel,registered,enriched,"[{""capability"": ""regulatory"", ""evidence_ids"": [""ev:acnc:13103345213""], ""freshness_note"": null, ""observed_at"": ""2026-08-10"", ""source_record_id"": null, ""status"": ""observed""}, {""capability"": ""annual_report"", ""evidence_ids"": [], ""freshness_note"": null, ""observed_at"": ""2026-08-10"", ""source_record_id"": null, ""status"": ""not_yet_processed""}, {""capability"": ""website"", ""evidence_ids"": [""ev:web:13103345213:2026-08-10""], ""freshness_note"": null, ""observed_at"": ""2026-08-10"", ""source_record_id"": null, ""status"": ""observed""}, {""capability"": ""fundraising_expenditure"", ""evidence_ids"": [], ""freshness_note"": ""No direct or defensible derived fundraising expenditure was found in selected Phase 2A evidence."", ""observed_at"": ""2026-08-10"", ""source_record_id"": null, ""status"": ""not_available_from_source""}, {""capability"": ""financials"", ""evidence_ids"": [""ev:ais:13103345213:2023""], ""freshness_note"": null, ""observed_at"": ""2026-08-10"", ""source_record_id"": null, ""status"": ""observed""}]",russianimperialorder.com,"Australia (Australian Division, per website) | Victoria (registered location on ACNC extract)","The organisation’s website identifies itself as the Russian Imperial Order of St Michael the Archangel and describes an Australian Division of a dynastic Order of knighthood “instituted in 1988.” The website presents governance material (a constitution and a 2012 statute), a “Join now” membership prompt, a photo gallery and a contact/enquiry form. The site states that a “Foundation Contribution” is applied to running the Order and to “humanitarian activities,” and that an “Annual Oblation” supports charitable works designated by “Her Imperial Highness” through the Australian Division Office. The website says monies collected by branches will be retained by the branch for operating expenses and local charity support approved by the Grand Council, with 25% of branch collections remitted to the Australian Division Office. The site also includes liturgical text for a moleben used at investiture ceremonies. An ACNC extract and the organisation’s AIS for 2022–23 are recorded in the evidence pack; the AIS extract shows reported revenue and expenses of AUD 0 for 01/07/2022–30/06/2023. The material in the evidence pack is primarily drawn from the organisation’s own website and ACNC filings.","Collecting membership contributions and branch collections to support ‘humanitarian activities’ and designated charitable works (per website) | Holding investiture ceremonies with an Orthodox moleben (liturgical service) | Maintaining governance documents (constitution, statute) and an Australian Division office",,"Membership sign-up (Join now, per website) | Public investiture services / ceremonies (moleben text on website)",0,0,,,,acnc-register:purpose.other_purpose | acnc-register:beneficiary.migrants_refugees | causebase:cause.humanitarian_assistance | causebase:activity.events_and_public_programming | causebase:geography.australia | causebase:geography.local_or_regional | causebase:participation.public_events,phase2b-2026-08-12-rc1
cb_0efc3a5d9f844ddda1a19832eb00d6ee,unknown,abn:98052960862,Seniors Rights Service,Seniors Rights Service,registered,enriched,"[{""capability"": ""regulatory"", ""evidence_ids"": [""ev:acnc:98052960862""], ""freshness_note"": null, ""observed_at"": ""2026-08-10"", ""source_record_id"": null, ""status"": ""observed""}, {""capability"": ""annual_report"", ""evidence_ids"": [], ""freshness_note"": null, ""observed_at"": ""2026-08-10"", ""source_record_id"": null, ""status"": ""not_yet_processed""}, {""capability"": ""website"", ""evidence_ids"": [""ev:web:98052960862:2026-08-10""], ""freshness_note"": null, ""observed_at"": ""2026-08-10"", ""source_record_id"": null, ""status"": ""observed""}, {""capability"": ""fundraising_expenditure"", ""evidence_ids"": [], ""freshness_note"": ""No direct or defensible derived fundraising expenditure was found in selected Phase 2A evidence."", ""observed_at"": ""2026-08-10"", ""source_record_id"": null, ""status"": ""not_available_from_source""}, {""capability"": ""financials"", ""evidence_ids"": [""ev:ais:98052960862:2023""], ""freshness_note"": null, ""observed_at"": ""2026-08-10"", ""source_record_id"": null, ""status"": ""observed""}]",www.seniorsrightsservice.org.au,"New South Wales (statewide service activity described) | Surry Hills, NSW (office address listed)","The Seniors Rights Service (registered in NSW) describes itself on its website as providing free and confidential legal advice, advocacy and information for older people in New South Wales. The website lists legal services in areas including general law, strata, retirement village and boarding house matters, and assistance with legal documents for the future. It states that aged care advocates are located across NSW to support recipients of Commonwealth-funded aged care services, and that solicitors, advocates and education staff travel across the state. The site lists targeted supports labelled First Nations support, LGBTQ+ support and multilingual support, and offers community development resources such as information sessions, brochures, fact sheets and elder abuse materials. The organisation publishes a calendar of public events and seminars and provides phone contact and referral lines (1800 424 079 and 02 9281 3600). The website gives an office address in Surry Hills (Gadigal land). Regulatory filings for the 2022–23 year report revenue of AUD 8,520,046 and total expenses of AUD 8,649,082 for the period 1 July 2022 to 30 June 2023. The claim that the organisation is a “fully accredited community legal centre” appears on the website.","Free and confidential legal advice and legal services (general, strata, retirement village, boarding house, future legal documents) | Aged care advocacy for recipients of Commonwealth-funded aged care services across NSW | Provision of targeted rights-based information and education (brochures, fact sheets, information sessions) | Community development activities including public seminars and events | Operating telephone advice and referral lines",Older people in New South Wales | Recipients of Commonwealth-funded aged care services | First Nations older people (listed support) | LGBTQ+ older people (listed support) | Older people from linguistically diverse backgrounds (multilingual support),Telephone advice and referrals via published contact numbers | Attending public events and information sessions listed on the organisation’s calendar | Requesting information sessions or referrals,8520046,8649082,,,,acnc-register:purpose.human_rights | acnc-register:beneficiary.older_people | causebase:cause.community_wellbeing | causebase:beneficiary.general_community | causebase:activity.direct_service | causebase:activity.advocacy | causebase:activity.events_and_public_programming | causebase:participation.public_events | causebase:geography.local_or_regional | causebase:organisation.local,phase2b-2026-08-12-rc1
cb_125a0a275b7a4f8d873c143b616d0bf8,unknown,abn:32668161279,JUUKAN GORGE LEGACY FOUNDATION LTD,JUUKAN GORGE LEGACY FOUNDATION LTD,registered,enriched,"[{""capability"": ""regulatory"", ""evidence_ids"": [""ev:acnc:32668161279""], ""freshness_note"": null, ""observed_at"": ""2026-08-10"", ""source_record_id"": null, ""status"": ""observed""}, {""capability"": ""annual_report"", ""evidence_ids"": [], ""freshness_note"": null, ""observed_at"": ""2026-08-10"", ""source_record_id"": null, ""status"": ""not_yet_processed""}, {""capability"": ""website"", ""evidence_ids"": [], ""freshness_note"": null, ""observed_at"": ""2026-08-10"", ""source_record_id"": null, ""status"": ""not_available_from_source""}, {""capability"": ""fundraising_expenditure"", ""evidence_ids"": [], ""freshness_note"": null, ""observed_at"": ""2026-08-10"", ""source_record_id"": null, ""status"": ""not_yet_processed""}, {""capability"": ""financials"", ""evidence_ids"": [], ""freshness_note"": null, ""observed_at"": ""2026-08-10"", ""source_record_id"": null, ""status"": ""not_found_in_source""}]",,Western Australia (WA),"JUUKAN GORGE LEGACY FOUNDATION LTD appears in an ACNC register extract observed on 10 August 2026. The ACNC record in the supplied evidence identifies the organisation by legal/display name and lists Western Australia (WA) as structured geography. CauseBase’s evidence pack for this release did not include a website or published financial statements, and an annual report was noted as not yet processed. CauseBase does not have sufficient descriptive evidence in this release to independently identify the foundation’s specific activities, beneficiaries or modes of participation.",,,,,,,,,acnc-register:purpose.social_welfare | acnc-register:beneficiary.other_beneficiary | causebase:geography.local_or_regional | causebase:geography.australia,phase2b-2026-08-12-rc1
cb_c735514eb0024f26a30ff6eb4df3237e,unknown,abn:18083027276,Australian Christian Channel Pty Ltd,Australian Christian Channel Pty Ltd,registered,enriched,"[{""capability"": ""regulatory"", ""evidence_ids"": [""ev:acnc:18083027276""], ""freshness_note"": null, ""observed_at"": ""2026-08-10"", ""source_record_id"": null, ""status"": ""observed""}, {""capability"": ""annual_report"", ""evidence_ids"": [], ""freshness_note"": null, ""observed_at"": ""2026-08-10"", ""source_record_id"": null, ""status"": ""not_yet_processed""}, {""capability"": ""website"", ""evidence_ids"": [""ev:web:18083027276:2026-08-10""], ""freshness_note"": null, ""observed_at"": ""2026-08-10"", ""source_record_id"": null, ""status"": ""observed""}, {""capability"": ""fundraising_expenditure"", ""evidence_ids"": [], ""freshness_note"": null, ""observed_at"": ""2026-08-10"", ""source_record_id"": null, ""status"": ""not_yet_processed""}, {""capability"": ""financials"", ""evidence_ids"": [], ""freshness_note"": null, ""observed_at"": ""2026-08-10"", ""source_record_id"": null, ""status"": ""not_found_in_source""}]",https://watchgood.com,"Queensland (organisational registration observed) | Online/streaming platforms listed on the organisation’s website (mobile, tablet, web, Apple TV, Smart TV, Foxtel, Fetch, Chromecast)","Australian Christian Channel Pty Ltd (operating a service called GOOD) is presented on its website (watchgood.com) as a streaming television and on‑demand service. The site states the GOOD app can be downloaded for mobile phones and tablets (iOS v12+ and Android v7+), and that GOOD is available on web, Apple TV, Smart TV, Foxtel, Fetch and Chromecast. The website publishes program listings and short articles under headings such as Faith and Culture, Entertainment & The Arts, Lifestyle, Families and Health and Wellness (examples dated 4–9 August 2026 are shown). The site invites users to sign up for a newsletter for program news and behind‑the‑scenes content. An ACNC Register extract for Australian Christian Channel Pty Ltd was observed in the evidence pack. The evidence is primarily the organisation’s website and the ACNC record; the website’s statements about device availability and content categories are reported here as claims from the organisation’s site.","Operating and promoting a streaming television and on‑demand service called GOOD (website claims availability on mobile, tablet, web and connected TV platforms) | Publishing program listings and short articles in categories such as Faith and Culture, Entertainment & The Arts, Lifestyle, Families and Health and Wellness | Offering a newsletter sign‑up on the website for program updates and news",People who access or view the GOOD streaming service and website content | Families (as an identified website content category),Downloading and streaming the GOOD app on mobile or tablet as described on the website | Accessing GOOD via web or connected TV platforms listed on the website | Signing up to the website newsletter for program news,,,,,,acnc-register:purpose.religion | acnc-register:beneficiary.general_community | causebase:cause.culture_and_heritage | causebase:beneficiary.general_community | causebase:activity.events_and_public_programming | causebase:geography.local_or_regional | causebase:organisation.local,phase2b-2026-08-12-rc1
cb_15bd5a8d5281481fb7bee938cde4fc4c,unknown,abn:34204136113,Alice Springs Child Centre Inc,Alice Springs Child Centre Inc,registered,enriched,"[{""capability"": ""regulatory"", ""evidence_ids"": [""ev:acnc:34204136113""], ""freshness_note"": null, ""observed_at"": ""2026-08-10"", ""source_record_id"": null, ""status"": ""observed""}, {""capability"": ""annual_report"", ""evidence_ids"": [], ""freshness_note"": null, ""observed_at"": ""2026-08-10"", ""source_record_id"": null, ""status"": ""not_yet_processed""}, {""capability"": ""website"", ""evidence_ids"": [], ""freshness_note"": null, ""observed_at"": ""2026-08-10"", ""source_record_id"": null, ""status"": ""not_available_from_source""}, {""capability"": ""fundraising_expenditure"", ""evidence_ids"": [], ""freshness_note"": ""No direct or defensible derived fundraising expenditure was found in selected Phase 2A evidence."", ""observed_at"": ""2026-08-10"", ""source_record_id"": null, ""status"": ""not_available_from_source""}, {""capability"": ""financials"", ""evidence_ids"": [""ev:ais:34204136113:2023""], ""freshness_note"": null, ""observed_at"": ""2026-08-10"", ""source_record_id"": null, ""status"": ""observed""}]",,Northern Territory | Australia,"Alice Springs Child Centre Inc is recorded on the Australian Charities and Not-for-profits Commission (ACNC) register. The organisation’s ACNC Annual Information Statement for the year 01/07/2022 to 30/06/2023 was provided as the financial source. That report shows revenue of AUD 1,042,528 and total expenses of AUD 1,066,873 for the reporting year; the AIS entry is attributed as a direct subject report and not consolidated. The ACNC extract and the AIS are the only supplied sources; no website, program descriptions, stated beneficiaries or activities were provided in the supplied evidence. The record lists the organisation’s structured geography as Northern Territory. Other operational or programmatic details, including staff, volunteers, service types or locations within the Territory, are not available in the provided extracts.",,,,1042528,1066873,,,,acnc-register:purpose.education | acnc-register:beneficiary.regional_remote | causebase:geography.australia | causebase:geography.local_or_regional,phase2b-2026-08-12-rc1
cb_915e3bda1d544eba861cfc8d6368cf12,unknown,abn:43245526192,The Australian Law Librarians' Association (Australian Capital Territory) Incorporated,The Australian Law Librarians' Association (Australian Capital Territory) Incorporated,registered,enriched,"[{""capability"": ""regulatory"", ""evidence_ids"": [""ev:acnc:43245526192""], ""freshness_note"": null, ""observed_at"": ""2026-08-10"", ""source_record_id"": null, ""status"": ""observed""}, {""capability"": ""annual_report"", ""evidence_ids"": [], ""freshness_note"": null, ""observed_at"": ""2026-08-10"", ""source_record_id"": null, ""status"": ""not_yet_processed""}, {""capability"": ""website"", ""evidence_ids"": [], ""freshness_note"": null, ""observed_at"": ""2026-08-10"", ""source_record_id"": null, ""status"": ""not_available_from_source""}, {""capability"": ""fundraising_expenditure"", ""evidence_ids"": [], ""freshness_note"": ""No direct or defensible derived fundraising expenditure was found in selected Phase 2A evidence."", ""observed_at"": ""2026-08-10"", ""source_record_id"": null, ""status"": ""not_available_from_source""}, {""capability"": ""financials"", ""evidence_ids"": [""ev:ais:43245526192:2023""], ""freshness_note"": null, ""observed_at"": ""2026-08-10"", ""source_record_id"": null, ""status"": ""observed""}]",,Australian Capital Territory (ACT),"The Australian Law Librarians' Association (Australian Capital Territory) Incorporated is an ACT‑incorporated association recorded in an ACNC register extract. The only supplied regulatory filing for 1 July 2022 to 30 June 2023 is the organisation's 2023 AIS, which reports total revenue of AUD 1,592 and total expenses of AUD 618 for that period. The evidence package consists of the ACNC register extract and the AIS; it does not include a public website, a written self-description, or documents that specify programs, services, beneficiaries, membership, staff or volunteer numbers. Structured metadata identifies the organisation's geography as the Australian Capital Territory. No activities, participation modes or beneficiary groups are documented in the supplied records.",,,,1592,618,,,,acnc-register:purpose.education | acnc-register:beneficiary.regional_remote | causebase:geography.australia | causebase:geography.local_or_regional,phase2b-2026-08-12-rc1
cb_c4b9f95b7a08480781a470f5e1ce6eb8,unknown,abn:67679688638,ACTIVE FRIENDS LIMITED,ACTIVE FRIENDS LIMITED,registered,enriched,"[{""capability"": ""regulatory"", ""evidence_ids"": [""ev:acnc:67679688638""], ""freshness_note"": null, ""observed_at"": ""2026-08-10"", ""source_record_id"": null, ""status"": ""observed""}, {""capability"": ""annual_report"", ""evidence_ids"": [], ""freshness_note"": null, ""observed_at"": ""2026-08-10"", ""source_record_id"": null, ""status"": ""not_yet_processed""}, {""capability"": ""website"", ""evidence_ids"": [""ev:web:67679688638:2026-08-10""], ""freshness_note"": null, ""observed_at"": ""2026-08-10"", ""source_record_id"": null, ""status"": ""observed""}, {""capability"": ""fundraising_expenditure"", ""evidence_ids"": [], ""freshness_note"": null, ""observed_at"": ""2026-08-10"", ""source_record_id"": null, ""status"": ""not_yet_processed""}, {""capability"": ""financials"", ""evidence_ids"": [], ""freshness_note"": null, ""observed_at"": ""2026-08-10"", ""source_record_id"": null, ""status"": ""not_found_in_source""}]",activefriends.com.au,Western Australia,"Active Friends Limited (Active Friends) is an organisation listed on the ACNC Register and maintains a public website at activefriends.com.au. The homepage headline reads: ""Active Friends - Discover Connection, Confidence, and a Healthier You."" CauseBase has no other descriptive material in this release (for example, programme descriptions, beneficiary lists, annual reports or detailed website content) that specifies the organisation’s concrete activities, service types, target beneficiary groups, participation modes or operating model. The only independently verifiable facts available to CauseBase in this release are the legal name, the website tagline and the organisation’s location in Western Australia.",,,,,,,,,acnc-register:purpose.health | acnc-register:beneficiary.older_people,phase2b-2026-08-12-rc1
cb_5d5f8d975a03485ba5dc07dab3855629,unknown,abn:30913308861,Italian Australian Welfare Assn (Granite Belt) Inc,Italian Australian Welfare Assn (Granite Belt) Inc,registered,enriched,"[{""capability"": ""regulatory"", ""evidence_ids"": [""ev:acnc:30913308861""], ""freshness_note"": null, ""observed_at"": ""2026-08-10"", ""source_record_id"": null, ""status"": ""observed""}, {""capability"": ""annual_report"", ""evidence_ids"": [], ""freshness_note"": null, ""observed_at"": ""2026-08-10"", ""source_record_id"": null, ""status"": ""not_yet_processed""}, {""capability"": ""website"", ""evidence_ids"": [""ev:web:30913308861:2026-08-10""], ""freshness_note"": null, ""observed_at"": ""2026-08-10"", ""source_record_id"": null, ""status"": ""observed""}, {""capability"": ""fundraising_expenditure"", ""evidence_ids"": [], ""freshness_note"": ""No direct or defensible derived fundraising expenditure was found in selected Phase 2A evidence."", ""observed_at"": ""2026-08-10"", ""source_record_id"": null, ""status"": ""not_available_from_source""}, {""capability"": ""financials"", ""evidence_ids"": [""ev:ais:30913308861:2023""], ""freshness_note"": null, ""observed_at"": ""2026-08-10"", ""source_record_id"": null, ""status"": ""observed""}]",https://www.iawa.org.au,"Stanthorpe and the Granite Belt region, Queensland | Australia","The Italian Australian Welfare Association (Granite Belt) Inc (trading as IAWA Home Care) is described on its website as an approved, registered Aged Care Provider (Provider No. 26626) based in Stanthorpe and the Granite Belt region of Queensland. The organisation states it accepts referrals for Support at Home Packages through the federal My Aged Care gateway and offers services under the Commonwealth Home Support Program. The website characterises the group as a grass‑roots, community‑based not‑for‑profit that aims to reduce cultural and language barriers; it says its earlier services focused on Italian‑born people and Italian descendants and others from non‑English speaking backgrounds, and that it has since expanded services “to everyone (irrespective of your background).” The site also references a Granite Belt Ethnic Health Liaison Service funded by the Australian Government, a published IAWA cookbook available for purchase, and a whistleblower contact (IAWA Home Care Delegate, Eddie Stringer). Financial data filed in the ACNC AIS for 2022–23 list revenue of AUD 1,148,626 and expenses of AUD 1,018,436 for the reporting year.",Registered Aged Care Provider delivering in‑home support services in the Stanthorpe and Granite Belt region | Accepting referrals for Support at Home Packages via My Aged Care | Delivering services under the Commonwealth Home Support Program | Operating a Granite Belt Ethnic Health Liaison Service (stated as government-funded) | Publishing and selling an IAWA Cookbook & authentic recipes,Older people in Stanthorpe and the Granite Belt region who require home care supports (as described by the organisation) | Italian‑born people and people of Italian descent (organisation‑stated historical focus) | People from non‑English speaking backgrounds (organisation‑stated focus) | Residents of the Granite Belt irrespective of cultural background (organisation states services have expanded to all),Referrals via My Aged Care | Accessing Commonwealth Home Support Program services | Purchasing the IAWA Cookbook | Making protected disclosures to the IAWA Home Care Delegate (whistleblower mechanism),1148626,1018436,,,,acnc-register:purpose.culture | acnc-register:beneficiary.older_people | causebase:activity.direct_service | causebase:beneficiary.people_experiencing_disadvantage | causebase:beneficiary.general_community | causebase:approach.community_partnership | causebase:geography.australia | causebase:geography.local_or_regional | causebase:organisation.local,phase2b-2026-08-12-rc1
cb_e2cd8f20b7be45b6a9f44ca27eaa4c53,unknown,abn:15969822381,Ananda Marga Pracaraka Samgha Ltd Preschool,Ananda Marga Pracaraka Samgha Ltd Preschool,registered,enriched,"[{""capability"": ""regulatory"", ""evidence_ids"": [""ev:acnc:15969822381""], ""freshness_note"": null, ""observed_at"": ""2026-08-10"", ""source_record_id"": null, ""status"": ""observed""}, {""capability"": ""annual_report"", ""evidence_ids"": [], ""freshness_note"": null, ""observed_at"": ""2026-08-10"", ""source_record_id"": null, ""status"": ""not_yet_processed""}, {""capability"": ""website"", ""evidence_ids"": [], ""freshness_note"": null, ""observed_at"": ""2026-08-10"", ""source_record_id"": null, ""status"": ""retrieval_failed""}, {""capability"": ""fundraising_expenditure"", ""evidence_ids"": [], ""freshness_note"": ""No direct or defensible derived fundraising expenditure was found in selected Phase 2A evidence."", ""observed_at"": ""2026-08-10"", ""source_record_id"": null, ""status"": ""not_available_from_source""}, {""capability"": ""financials"", ""evidence_ids"": [""ev:ais:15969822381:2023""], ""freshness_note"": null, ""observed_at"": ""2026-08-10"", ""source_record_id"": null, ""status"": ""observed""}]",http://www.sunrisepreschool.vic.edu.au/fitzroy-north/,"Fitzroy North, Victoria, Australia","Ananda Marga Pracaraka Samgha Ltd Preschool is recorded on the Australian Charities and Not‑for‑profits Commission (ACNC) register and uses a website URL that includes “fitzroy‑north” and the .vic.edu.au domain. The organisation’s 2023 ACNC Information Statement (AIS) extract covers the period 01/01/2023 to 31/12/2023 and reports revenue of AUD 738,678 and total expenses of AUD 712,354 for that year. The available evidence identifies the entity as a preschool; the name and web address indicate a local early childhood service located in Fitzroy North, Victoria, Australia. Data coverage notes in the evidence pack record that the AIS/financials and regulatory register extract were observed, while the organisation’s website retrieval failed and an annual report was not yet processed for inclusion. The material provided does not include detailed program descriptions, enrolment numbers, staffing, fees, opening hours, or statements about educational approach; such details are not present in the supplied extracts and were not independently verified in the retrieved sources.",Preschool services (early childhood care and education) | Reporting to ACNC (registered charity),Children using preschool services,,738678,712354,,,,acnc-register:purpose.education | acnc-register:beneficiary.other_beneficiary | causebase:activity.direct_service | causebase:organisation.local | causebase:geography.australia | causebase:geography.local_or_regional,phase2b-2026-08-12-rc1
cb_9ae595625d3c46319ff285c62f2cab4a,unknown,abn:68056806311,Enfield Baptist Church Inc,Enfield Baptist Church Inc,registered,enriched,"[{""capability"": ""regulatory"", ""evidence_ids"": [""ev:acnc:68056806311""], ""freshness_note"": null, ""observed_at"": ""2026-08-10"", ""source_record_id"": null, ""status"": ""observed""}, {""capability"": ""annual_report"", ""evidence_ids"": [], ""freshness_note"": null, ""observed_at"": ""2026-08-10"", ""source_record_id"": null, ""status"": ""not_yet_processed""}, {""capability"": ""website"", ""evidence_ids"": [""ev:web:68056806311:2026-08-10""], ""freshness_note"": null, ""observed_at"": ""2026-08-10"", ""source_record_id"": null, ""status"": ""observed""}, {""capability"": ""fundraising_expenditure"", ""evidence_ids"": [], ""freshness_note"": ""No direct or defensible derived fundraising expenditure was found in selected Phase 2A evidence."", ""observed_at"": ""2026-08-10"", ""source_record_id"": null, ""status"": ""not_available_from_source""}, {""capability"": ""financials"", ""evidence_ids"": [""ev:ais:68056806311:2023""], ""freshness_note"": null, ""observed_at"": ""2026-08-10"", ""source_record_id"": null, ""status"": ""observed""}]",www.enfieldbaptist.com.au,"Broadview, South Australia (1 Francis Ave) | Australia (local/regional)","Enfield Baptist Church Inc (displayed as Enfield Baptist Church) operates from 1 Francis Ave, Broadview, South Australia and offers weekly Sunday services at 10:00am that attendees can join in person or watch online. The organisation’s website hosts an archive of previous sermons and a calendar of upcoming events. The site names specific programs including “Lifewell Ministries” and an “Aged Care Volunteer Visitors Scheme”; the latter is presented as a volunteer program. The website provides contact and connection pages and invites people to “Get Connected” and “Join Us,” and it links to social media (Facebook, YouTube). The ACNC extract for 2022–23 reports revenue of $892,389 and total expenses of $821,437 for the 01/07/2022–30/06/2023 reporting period. The organisation’s website includes a statement that it “longs to see lives deeply transformed by Jesus,” presented here as the organisation’s stated purpose. No detailed descriptions of program eligibility, participant numbers, or the operational footprint beyond the Broadview location are provided in the available evidence.",Sunday church services (in-person and online) | Online sermon archive / recorded sermons | Aged Care Volunteer Visitors Scheme (named volunteer program) | Lifewell Ministries (named program) | Public events and upcoming event programming | Contact and congregation connection activities,People who attend church services and events | People in aged care (via the Volunteer Visitors Scheme),Volunteering (Volunteer Visitors Scheme) | Attending public events and services (in-person or online),892389,821437,,,,acnc-register:purpose.religion | acnc-register:beneficiary.people_with_disability | causebase:cause.community_wellbeing | causebase:activity.direct_service | causebase:activity.events_and_public_programming | causebase:approach.volunteer_enabled | causebase:participation.volunteering | causebase:participation.public_events | causebase:geography.local_or_regional | causebase:beneficiary.general_community,phase2b-2026-08-12-rc1
cb_b98aa616e57b4e90aef7abf3bfb2eed9,unknown,abn:65996383887,Ara Irititja Aboriginal Corporation,Ara Irititja Aboriginal Corporation,registered,enriched,"[{""capability"": ""regulatory"", ""evidence_ids"": [""ev:acnc:65996383887""], ""freshness_note"": null, ""observed_at"": ""2026-08-10"", ""source_record_id"": null, ""status"": ""observed""}, {""capability"": ""annual_report"", ""evidence_ids"": [], ""freshness_note"": null, ""observed_at"": ""2026-08-10"", ""source_record_id"": null, ""status"": ""not_yet_processed""}, {""capability"": ""website"", ""evidence_ids"": [], ""freshness_note"": null, ""observed_at"": ""2026-08-10"", ""source_record_id"": null, ""status"": ""not_available_from_source""}, {""capability"": ""fundraising_expenditure"", ""evidence_ids"": [], ""freshness_note"": null, ""observed_at"": ""2026-08-10"", ""source_record_id"": null, ""status"": ""not_yet_processed""}, {""capability"": ""financials"", ""evidence_ids"": [], ""freshness_note"": null, ""observed_at"": ""2026-08-10"", ""source_record_id"": null, ""status"": ""not_found_in_source""}]",,South Australia,"Ara Irititja Aboriginal Corporation is recorded on the Australian Charities and Not-for-profits Commission register with a legal name of Ara Irititja Aboriginal Corporation and an ACNC-derived location of South Australia (observed 2026-08-10). CauseBase has not located an organisational website, published descriptive material, or accessible financial statements in the supplied evidence. The available regulatory extract provides the legal identity and jurisdiction only; it does not provide information on specific activities, programs, beneficiaries, or how people can participate. Organisation-authored claims, if any, were not available in the provided sources.",,,,,,,,,acnc-register:purpose.social_welfare | acnc-register:beneficiary.other_beneficiary,phase2b-2026-08-12-rc1
cb_24bd80e16e6d44dbbcf15482bc82ed93,unknown,abn:57623367117,DEMOCRACY IN COLOUR LIMITED,DEMOCRACY IN COLOUR LIMITED,registered,enriched,"[{""capability"": ""regulatory"", ""evidence_ids"": [""ev:acnc:57623367117""], ""freshness_note"": null, ""observed_at"": ""2026-08-10"", ""source_record_id"": null, ""status"": ""observed""}, {""capability"": ""annual_report"", ""evidence_ids"": [], ""freshness_note"": null, ""observed_at"": ""2026-08-10"", ""source_record_id"": null, ""status"": ""not_yet_processed""}, {""capability"": ""website"", ""evidence_ids"": [""ev:web:57623367117:2026-08-10""], ""freshness_note"": null, ""observed_at"": ""2026-08-10"", ""source_record_id"": null, ""status"": ""observed""}, {""capability"": ""fundraising_expenditure"", ""evidence_ids"": [], ""freshness_note"": ""No direct or defensible derived fundraising expenditure was found in selected Phase 2A evidence."", ""observed_at"": ""2026-08-10"", ""source_record_id"": null, ""status"": ""not_available_from_source""}, {""capability"": ""financials"", ""evidence_ids"": [""ev:ais:57623367117:2023""], ""freshness_note"": null, ""observed_at"": ""2026-08-10"", ""source_record_id"": null, ""status"": ""observed""}]",https://democracyincolour.org/,"Victoria (VIC, as listed in organisational records)","Democracy in Colour Limited (registered in Victoria) presents itself online as an organisation running a mix of campaigns, training and youth programs addressing racism and climate justice. Website excerpts list a Climate Justice Program, anti‑racism training (including workplace training), a Thriving in Colour youth program described as building the power, knowledge and skills of POC youth to lead community campaigns, and a Racism Out This campaign (which began with Racism Out Of Politics and Racism Out Of Media). The site also includes media statements (an “Anti‑Muslim response” is visible in the snapshot) and a statement of theory of change that says the organisation aims to build movements, advocate for policy reform and work in partnership with values‑aligned civil society organisations. Regulatory records referenced include an ACNC extract and an ACNC AIS for 2022–23, which shows reported revenue of AUD 901,276 and total expenses of AUD 728,081 for the period 01/07/2022–30/06/2023. The evidence is organisation‑authored website text and the ACNC filings; independent evaluation or detailed delivery locations beyond Victoria are not provided in the selected evidence.","Climate Justice Program (as described on website) | Anti‑racism training, including anti‑racism workplace training | Thriving in Colour youth program (POC youth leadership and campaigning) | Racism Out This campaign (campaigns focused on racism in institutions) | Media statements and public communications","People of Colour (POC) youth (named in youth program) | Black, Indigenous and People of Colour (BIPOCs) (named in website text)",Training attendance (anti‑racism training) | Campaign participation (Racism Out This and related campaigns) | Partnerships with other civil society organisations,901276,728081,,,,acnc-register:purpose.human_rights | acnc-register:beneficiary.young_people | causebase:activity.advocacy | causebase:activity.events_and_public_programming | causebase:activity.direct_service | causebase:approach.community_partnership | causebase:participation.public_events | causebase:beneficiary.people_experiencing_disadvantage | causebase:geography.local_or_regional | causebase:organisation.local,phase2b-2026-08-12-rc1
cb_4bedfcf11ee24200bd97278aa08ab305,unknown,abn:77967703375,FORM Building a State of Creativity Limited,FORM Building a State of Creativity Limited,registered,enriched,"[{""capability"": ""regulatory"", ""evidence_ids"": [""ev:acnc:77967703375""], ""freshness_note"": null, ""observed_at"": ""2026-08-10"", ""source_record_id"": null, ""status"": ""observed""}, {""capability"": ""annual_report"", ""evidence_ids"": [], ""freshness_note"": null, ""observed_at"": ""2026-08-10"", ""source_record_id"": null, ""status"": ""not_yet_processed""}, {""capability"": ""website"", ""evidence_ids"": [""ev:web:77967703375:2026-08-10""], ""freshness_note"": null, ""observed_at"": ""2026-08-10"", ""source_record_id"": null, ""status"": ""observed""}, {""capability"": ""fundraising_expenditure"", ""evidence_ids"": [], ""freshness_note"": ""No direct or defensible derived fundraising expenditure was found in selected Phase 2A evidence."", ""observed_at"": ""2026-08-10"", ""source_record_id"": null, ""status"": ""not_available_from_source""}, {""capability"": ""financials"", ""evidence_ids"": [""ev:ais:77967703375:2023""], ""freshness_note"": null, ""observed_at"": ""2026-08-10"", ""source_record_id"": null, ""status"": ""observed""}]",www.form.net.au,Western Australia | Perth | Port Hedland (Pilbara),"FORM Building a State of Creativity Limited (FORM) is an ACNC-registered organisation that, according to its website, “works across Western Australia to make creativity matter in communities and public spaces.” The website lists a range of activities the organisation says it delivers or supports: public art and public-space projects, arts and cultural consultancy, cultural tourism experiences, a public gallery (FORM Gallery), a studio (Spinifex Hill Studio), creative learning programmes and events. Recent website entries name a Pilbara Creatives expression-of-interest callout in Port Hedland and gallery exhibitions including “Unwavering” and “Deadly | 50 Years of NAIDOC.” The site gives a Perth office address and a phone number and includes an acknowledgement of Whadjuk Noongar and other Traditional Custodians. The ACNC information statement for 01/01/2023–30/06/2023 reports revenue of AUD 2,691,949 and expenses of AUD 2,876,757 for that reporting period; the AIS notes the period is transitional. The organisation’s web text frames its work as supporting “people and places” and a creative economy for Western Australian communities; the summary preserves those claims as organisation statements rather than independent findings.","public art and public-space projects | arts and cultural consultancy | cultural tourism experiences | FORM Gallery exhibitions | Spinifex Hill Studio activities | creative learning programmes | events, exhibitions and artist callouts | partnerships with Aboriginal and Islander organisations",Western Australian communities | Aboriginal and Torres Strait Islander communities | public spaces,public events and exhibitions | artist callouts / expressions of interest,2691949,2876757,,,,acnc-register:purpose.culture | acnc-register:beneficiary.children | causebase:activity.events_and_public_programming | causebase:activity.direct_service | causebase:approach.community_partnership | causebase:participation.public_events | causebase:geography.local_or_regional | causebase:organisation.local | causebase:beneficiary.general_community,phase2b-2026-08-12-rc1
cb_f1a207947b60442c97280736618ac5b8,unknown,abn:26687611356,ROLDA LTD,ROLDA LTD,registered,enriched,"[{""capability"": ""regulatory"", ""evidence_ids"": [""ev:acnc:26687611356""], ""freshness_note"": null, ""observed_at"": ""2026-08-10"", ""source_record_id"": null, ""status"": ""observed""}, {""capability"": ""annual_report"", ""evidence_ids"": [], ""freshness_note"": null, ""observed_at"": ""2026-08-10"", ""source_record_id"": null, ""status"": ""not_yet_processed""}, {""capability"": ""website"", ""evidence_ids"": [""ev:web:26687611356:2026-08-10""], ""freshness_note"": null, ""observed_at"": ""2026-08-10"", ""source_record_id"": null, ""status"": ""observed""}, {""capability"": ""fundraising_expenditure"", ""evidence_ids"": [], ""freshness_note"": null, ""observed_at"": ""2026-08-10"", ""source_record_id"": null, ""status"": ""not_yet_processed""}, {""capability"": ""financials"", ""evidence_ids"": [], ""freshness_note"": null, ""observed_at"": ""2026-08-10"", ""source_record_id"": null, ""status"": ""not_found_in_source""}]",https://rolda.org.au/,"NSW, Australia (organisation registration and Australian fundraising) | Romania (Galati and local shelters) | Ukraine (evacuations, treatment and support in conflict areas) | Venezuela (emergency aid after earthquake) | Bethlehem, Palestine (support for a local shelter) | Europe (rehoming of dogs in Europe) | Middle East (emergency aid described)","ROLDA Ltd (registered in NSW) presents itself as an Australian fundraising and support entity for ROLDA’s international animal-welfare work. The organisation's website says it funds and supports rescue, shelter, rehabilitation and rehoming for dogs and cats in Romania and elsewhere in Europe; evacuates, feeds and treats animals affected by the war in Ukraine; and provides emergency aid for animals in other crises such as an earthquake in Venezuela. The website gives concrete examples: rescuing dogs from puppy mills, urgent veterinary surgery and foster care for animals injured by shelling, buying land and renovating dog housing near a shelter in Galaţi, and planning a cage-free sanctuary called Little Haven. It also describes keeping families together by supplying pet food and medical assistance to vulnerable owners, running education programmes in communities and schools, and supporting independent rescue teams it calls “ROLDA Heroes.” The site includes fundraising and public engagement activities such as a 20th‑anniversary challenge and donor appeals. The supplied evidence is the organisation website and an ACNC register extract; the website’s statements are organisation-authored and no financial statements or independent evaluations were supplied in the evidence pack.","Rescue dogs and cats from streets, puppy mills and disaster/conflict zones | Provide shelter, food, warmth and urgent veterinary treatment | Rehabilitate animals and place them in foster care or rehome in Europe | Evacuate animals from conflict zones and disaster sites | Buy and develop land and shelter facilities (e.g. renovations near Galaţi, Little Haven sanctuary project) | Provide community education programmes about humane treatment and responsible ownership | Provide support (food and medical assistance) to vulnerable pet owners to prevent abandonment | Support independent local rescue teams ('ROLDA Heroes')","Dogs and cats rescued from streets, puppy mills and disaster/conflict zones | Vulnerable pet owners and disadvantaged community members who receive food or medical assistance for pets",Donating to fundraising appeals | Joining public fundraising challenges (e.g. 20th anniversary #GiveHope challenge) | Fostering animals in temporary care | Supporting or working with local rescuers and independent rescue teams,,,,,,acnc-register:purpose.animal_welfare | acnc-register:beneficiary.animals | causebase:cause.animal_welfare | causebase:activity.direct_service | causebase:activity.advocacy | causebase:activity.events_and_public_programming | causebase:approach.community_partnership | causebase:approach.volunteer_enabled | causebase:participation.volunteering | causebase:geography.australia,phase2b-2026-08-12-rc1
cb_bab735ab9e484cf7ae872ff040fada63,unknown,abn:27983821157,Settlement Council Of Australia,Settlement Council Of Australia,registered,enriched,"[{""capability"": ""regulatory"", ""evidence_ids"": [""ev:acnc:27983821157""], ""freshness_note"": null, ""observed_at"": ""2026-08-10"", ""source_record_id"": null, ""status"": ""observed""}, {""capability"": ""annual_report"", ""evidence_ids"": [], ""freshness_note"": null, ""observed_at"": ""2026-08-10"", ""source_record_id"": null, ""status"": ""not_yet_processed""}, {""capability"": ""website"", ""evidence_ids"": [""ev:web:27983821157:2026-08-10""], ""freshness_note"": null, ""observed_at"": ""2026-08-10"", ""source_record_id"": null, ""status"": ""observed""}, {""capability"": ""fundraising_expenditure"", ""evidence_ids"": [], ""freshness_note"": ""No direct or defensible derived fundraising expenditure was found in selected Phase 2A evidence."", ""observed_at"": ""2026-08-10"", ""source_record_id"": null, ""status"": ""not_available_from_source""}, {""capability"": ""financials"", ""evidence_ids"": [""ev:ais:27983821157:2023""], ""freshness_note"": null, ""observed_at"": ""2026-08-10"", ""source_record_id"": null, ""status"": ""observed""}]",www.scoa.org.au,Australia (website text refers to settling in Australia) | Australian Capital Territory (ACT) (structured geography in records / ACNC extract observed),"Settlement Council of Australia (SCoA) is presented on its website as a peak body for settlement agencies, with invites to ""become a member"" of ""Australia’s leading settlement agencies"". The site includes a Reconciliation Action Plan (labelled RAP) and a section titled ""National Settlement Outcome Standards"", described on the website as articulating outcomes for refugees and migrants to be considered ""settled"". The organisation’s online homepage uses the phrase ""Making Australia home"" and explicitly references migrants and refugees settling in Australia. An ACNC information extract and the organisation’s 2022–23 AIS are included in the available records; the AIS records total revenue of AUD 1,340,626 and total expenses of AUD 1,245,694 for the period 01/07/2022 to 30/06/2023. The evidence consists of the organisation’s website text and the ACNC AIS entry; the website text is presented here as the organisation’s own descriptions rather than independently verified operational facts.",Website invitation to join as a member of settlement agencies (membership programme described on site) | Website presents the National Settlement Outcome Standards (described as articulating outcomes for refugees and migrants) | Website includes a Reconciliation Action Plan (RAP) section,Migrants settling in Australia (named on website) | Refugees settling in Australia (named on website) | Settlement agencies (invited to become members on website),Membership of settlement agencies (website invitation),1340626,1245694,,,,acnc-register:purpose.social_welfare | acnc-register:beneficiary.migrants_refugees | causebase:cause.community_wellbeing | causebase:activity.advocacy | causebase:approach.community_partnership | causebase:organisation.national | causebase:geography.australia | causebase:beneficiary.people_experiencing_disadvantage,phase2b-2026-08-12-rc1
cb_60600e080fb34f60a611ba5ad021e13a,unknown,abn:42002037881,Australian Design Centre,Australian Design Centre,registered,enriched,"[{""capability"": ""regulatory"", ""evidence_ids"": [""ev:acnc:42002037881""], ""freshness_note"": null, ""observed_at"": ""2026-08-10"", ""source_record_id"": null, ""status"": ""observed""}, {""capability"": ""annual_report"", ""evidence_ids"": [], ""freshness_note"": null, ""observed_at"": ""2026-08-10"", ""source_record_id"": null, ""status"": ""not_yet_processed""}, {""capability"": ""website"", ""evidence_ids"": [""ev:web:42002037881:2026-08-10""], ""freshness_note"": null, ""observed_at"": ""2026-08-10"", ""source_record_id"": null, ""status"": ""observed""}, {""capability"": ""fundraising_expenditure"", ""evidence_ids"": [], ""freshness_note"": ""No direct or defensible derived fundraising expenditure was found in selected Phase 2A evidence."", ""observed_at"": ""2026-08-10"", ""source_record_id"": null, ""status"": ""not_available_from_source""}, {""capability"": ""financials"", ""evidence_ids"": [""ev:ais:42002037881:2023""], ""freshness_note"": null, ""observed_at"": ""2026-08-10"", ""source_record_id"": null, ""status"": ""observed""}]",www.australiandesigncentre.com,"Sydney, New South Wales (Williams Street gallery referenced on website) | National touring across Australia (organisation claim) | Regional Australia (target audience of touring exhibitions, as stated on website)","Australian Design Centre (ADC) is presented on its website as a Sydney-based organisation that curates and tours design exhibitions, operates a retail Object Shop and publishes research into design. The ADC website states it presented “over 175 exhibitions in Sydney” in the last decade, claiming the works of “13,200+ artists” were shown; it also says Object Space (a Williams Street window gallery) hosted 53 exhibitions with 104 artists since 2017. The site describes “ADC On Tour,” saying that “since the 1970s ADC has toured nationally” to provide regional Australia with access to exhibitions. The Object Shop is described as supporting “over 150 leading and emerging Australian designer makers.” The website lists government partners including NSW Government, City of Sydney and Australian Government (Visions of Australia). The ACNC AIS 2023 extract in the evidence pack reports revenue of AUD 1,403,560 and total expenses of AUD 1,364,655 for 2023. The website also contains an Announcement Board item about a Board decision on ADC’s future and a December 2025 feedback survey about the impact of “ADC closing.”","Curating and presenting exhibitions in Sydney (ADC exhibitions) | Operating ADC On Tour travelling exhibitions (organisation claim: touring nationally since the 1970s) | Operating Object Space Williams Street window-gallery exhibitions | Operating an Object Shop retail outlet supporting designer makers (organisation claim) | Producing Object Digital research into object, furniture and design disciplines | Commissioning and publishing engagement/feedback surveys and reports (2025 survey reported)","Australian designer makers (organisation claim: 'supports over 150') | Artists (organisation claim: '13,200+ artists presented in Sydney in last decade') | Regional Australia audiences (organisation claim: touring provides regional Australia with access)",Attending exhibitions and touring exhibitions | Visiting Object Shop retail outlet | Exhibiting in Object Space window gallery | Attending events and workshops mentioned on the website | Subscribing to ADC communications and resources (website subscription option),1403560,1364655,,,,acnc-register:purpose.culture | acnc-register:beneficiary.general_community | causebase:cause.culture_and_heritage | causebase:activity.events_and_public_programming | causebase:approach.community_partnership | causebase:participation.public_events | causebase:geography.australia | causebase:geography.local_or_regional | causebase:organisation.national,phase2b-2026-08-12-rc1
cb_a3fde5bf7e6d46f890ec8cbaf9b0280f,unknown,abn:47683036106,ADELAIDE MOSQUE ISLAMIC SOCIETY LTD,ADELAIDE MOSQUE ISLAMIC SOCIETY LTD,registered,enriched,"[{""capability"": ""regulatory"", ""evidence_ids"": [""ev:acnc:47683036106""], ""freshness_note"": null, ""observed_at"": ""2026-08-10"", ""source_record_id"": null, ""status"": ""observed""}, {""capability"": ""annual_report"", ""evidence_ids"": [], ""freshness_note"": null, ""observed_at"": ""2026-08-10"", ""source_record_id"": null, ""status"": ""not_yet_processed""}, {""capability"": ""website"", ""evidence_ids"": [""ev:web:47683036106:2026-08-10""], ""freshness_note"": null, ""observed_at"": ""2026-08-10"", ""source_record_id"": null, ""status"": ""observed""}, {""capability"": ""fundraising_expenditure"", ""evidence_ids"": [], ""freshness_note"": null, ""observed_at"": ""2026-08-10"", ""source_record_id"": null, ""status"": ""not_yet_processed""}, {""capability"": ""financials"", ""evidence_ids"": [], ""freshness_note"": null, ""observed_at"": ""2026-08-10"", ""source_record_id"": null, ""status"": ""not_found_in_source""}]",https://adelaidecitymosque.org.au/,"Adelaide, South Australia | South Australia, Australia","Adelaide City Mosque (listed on the ACNC as ADELAIDE MOSQUE ISLAMIC SOCIETY LTD and also referred to on its website as Adelaide Mosque Islamic Society of SA Inc) is a mosque in Adelaide, South Australia. The website describes the building as the oldest functioning mosque in Australia, built in 1886–88 by migrant cameleers from Afghanistan, north‑west India (now Pakistan) and Balochistan. The organisation publishes daily prayer times and a Friday Juma time and says it offers five daily prayers and other facilities. Named services and activities on the website include Prayers/Salah services, funeral services, and halal certification. It lists religious programs and events such as Ramadan, Mawlid‑un‑Nabi and Shab e Miraj, and community activities including a children’s school and a “Sister’s Morning Tea.” The site invites community membership, accepts donations (PayPal, debit/credit card and direct deposit) for general mosque support and specific purposes (iftar, zakat, sadqa, mawlid), and notes website support from the Department of Premier and Cabinet – Multicultural Affairs. The ACNC entry for the legal entity was observed; detailed financial statements and published information on program scale are not included in the supplied evidence.","Providing five daily prayers and Friday (Juma) prayer services | Operating Prayers/Salah services | Providing funeral services | Providing halal certification | Running religious programs and events (Ramadan, Mawlid‑un‑Nabi, Shab e Miraj) | Operating community programs (children’s school, Sister’s Morning Tea) | Fundraising and accepting donations via PayPal, card and direct deposit | Maintaining membership (AMISSA mentioned on site)",Muslim community in Adelaide (described on the website) | Children who attend the mosque’s children’s school | Women who attend the Sister’s Morning Tea | Wider community (described on the website),"Attendance at five daily prayers and Friday Juma | Participation in religious events (Ramadan, Mawlid‑un‑Nabi, Shab e Miraj) | Participation in community programs (children’s school, Sister’s Morning Tea) | Making donations via PayPal, debit/credit card or direct deposit",,,,,,acnc-register:purpose.social_welfare | acnc-register:beneficiary.migrants_refugees | causebase:activity.direct_service | causebase:activity.events_and_public_programming | causebase:participation.public_events | causebase:geography.local_or_regional | causebase:beneficiary.general_community | causebase:organisation.local,phase2b-2026-08-12-rc1
cb_7660a90e8db444419adb1aa8bcc93387,unknown,abn:36482379373,Aa Service Council For Western Australia,Aa Service Council For Western Australia,registered,enriched,"[{""capability"": ""regulatory"", ""evidence_ids"": [""ev:acnc:36482379373""], ""freshness_note"": null, ""observed_at"": ""2026-08-10"", ""source_record_id"": null, ""status"": ""observed""}, {""capability"": ""annual_report"", ""evidence_ids"": [], ""freshness_note"": null, ""observed_at"": ""2026-08-10"", ""source_record_id"": null, ""status"": ""not_yet_processed""}, {""capability"": ""website"", ""evidence_ids"": [""ev:web:36482379373:2026-08-10""], ""freshness_note"": null, ""observed_at"": ""2026-08-10"", ""source_record_id"": null, ""status"": ""observed""}, {""capability"": ""fundraising_expenditure"", ""evidence_ids"": [], ""freshness_note"": null, ""observed_at"": ""2026-08-10"", ""source_record_id"": null, ""status"": ""not_yet_processed""}, {""capability"": ""financials"", ""evidence_ids"": [], ""freshness_note"": null, ""observed_at"": ""2026-08-10"", ""source_record_id"": null, ""status"": ""not_found_in_source""}]",http://www.aaperthwa.org,Perth and multiple districts across Western Australia (districts named on the website),"According to the organisation's website, Alcoholics Anonymous – Perth (Aa Service Council For Western Australia) runs a 24‑hour helpline (08 9325 3566 or 1300 22 22 22) and maintains an office at Claisebrook Lotteries House, 33 Moore Street, East Perth, with listed opening hours Monday–Friday 9.00am–4.30pm. The site publishes meeting lists and a calendar of events for Perth and multiple WA districts (Area A, B, C; Hills; Mid‑West; North‑West; Peel; Port; South West) and links to online and international meetings. The website describes open meetings that are available to anyone interested in AA’s programme, notes that non‑alcoholics may attend, and states the only requirement for membership is “a desire to stop drinking.” It offers resources for people new to AA (pamphlets, personal stories, illustrated talks and recovery workshops), a page for fly‑in/fly‑out workers with peer contacts, and a listing for “Serenity” magazine and other literature. The site also posts a safety policy, code of conduct, a safeguarding statement and an incident report form. Contact email AAPerthoffice@aaperthwa.org is given and links are provided to national AA resources and an international meetings app.","Operates a 24‑hour helpline | Maintains a staffed office with published opening hours | Compiles and publishes meeting lists and a calendar of events (including open and online meetings) | Provides resources for new members (pamphlets, personal stories, talks and workshops) | Maintains safety policy, code of conduct and incident reporting forms | Publishes or links to 'Serenity' magazine and other AA literature",People who identify as having a desire to stop drinking or seeking recovery from alcoholism (per the group's wording) | Members and visitors to open AA meetings | Fly‑in/fly‑out workers seeking peer contact,Attending open meetings and online meetings | Calling the 24‑hour helpline | Accessing published resources and the calendar of public meetings,,,,,,acnc-register:purpose.other_purpose | acnc-register:beneficiary.young_people | causebase:activity.direct_service | causebase:activity.events_and_public_programming | causebase:beneficiary.people_experiencing_disadvantage | causebase:participation.public_events | causebase:geography.local_or_regional | causebase:organisation.local,phase2b-2026-08-12-rc1
cb_815889ce59de40eead9e4368d0cd314c,unknown,abn:62785862039,Rossmoyne Kindergarten Association (Inc.),Rossmoyne Kindergarten Association (Inc.),registered,enriched,"[{""capability"": ""regulatory"", ""evidence_ids"": [""ev:acnc:62785862039""], ""freshness_note"": null, ""observed_at"": ""2026-08-10"", ""source_record_id"": null, ""status"": ""observed""}, {""capability"": ""annual_report"", ""evidence_ids"": [], ""freshness_note"": null, ""observed_at"": ""2026-08-10"", ""source_record_id"": null, ""status"": ""not_yet_processed""}, {""capability"": ""website"", ""evidence_ids"": [""ev:web:62785862039:2026-08-10""], ""freshness_note"": null, ""observed_at"": ""2026-08-10"", ""source_record_id"": null, ""status"": ""observed""}, {""capability"": ""fundraising_expenditure"", ""evidence_ids"": [], ""freshness_note"": ""No direct or defensible derived fundraising expenditure was found in selected Phase 2A evidence."", ""observed_at"": ""2026-08-10"", ""source_record_id"": null, ""status"": ""not_available_from_source""}, {""capability"": ""financials"", ""evidence_ids"": [""ev:ais:62785862039:2023""], ""freshness_note"": null, ""observed_at"": ""2026-08-10"", ""source_record_id"": null, ""status"": ""observed""}]",www.rossmoynekindy.com,"Rossmoyne, City of Canning, Western Australia | Local intake area around Rossmoyne Primary School","Rossmoyne Kindergarten Association (Inc.) operates Rossmoyne Community Kindergarten, described on its website as a community-run kindergarten leased from the City of Canning and operating since 1969. The website states the kindergarten has two classes with a maximum of 20 children each (a stated staff-to-children ratio of 2:20) and that teachers are appointed by the Department of Education while the service is managed by a parent committee. The site describes an on-site “Enchanted Garden” nature play area with a water pump, sandpits, forts, chickens, rabbits, guinea pigs and vegetable patches and says these features support children’s cognitive and emotional development. Enrolment is described as an in-person, two-step process through Rossmoyne Primary School with an intake preference for local-area residents and siblings; the site states a maximum of 40 kindergarten places per year. The website lists the current cost as A$820 per year (A$205 per term), notes the service relies on community support including grants, donations and volunteers, and offers both an on-site tour and a 360-degree virtual tour. ACNC extracts and the AIS 2023 are listed as regulatory sources; AIS 2023 reports revenue of A$48,227 and expenses of A$49,568.",Provision of kindergarten (two classes of up to 20 children) | Operation and maintenance of a nature play area (Enchanted Garden) | Parent committee management and volunteer involvement | On-site and virtual tours and enrolment administration,Children eligible for kindergarten (four years old by 30 June in the year they attend) | Parents and families who enrol or participate in the parent committee,Parent committee membership and volunteering | In-person enrolment at Rossmoyne Primary School | On-site tours | 360-degree virtual tour,48227,49568,,,,acnc-register:purpose.education | acnc-register:beneficiary.people_with_disability | causebase:activity.direct_service | causebase:approach.community_partnership | causebase:approach.volunteer_enabled | causebase:participation.volunteering | causebase:geography.local_or_regional,phase2b-2026-08-12-rc1
cb_cf40a55e2106492b8689d433b3a7fa22,unknown,abn:51877284120,Generations in Jazz Inc,Generations in Jazz Inc,registered,enriched,"[{""capability"": ""regulatory"", ""evidence_ids"": [""ev:acnc:51877284120""], ""freshness_note"": null, ""observed_at"": ""2026-08-10"", ""source_record_id"": null, ""status"": ""observed""}, {""capability"": ""annual_report"", ""evidence_ids"": [], ""freshness_note"": null, ""observed_at"": ""2026-08-10"", ""source_record_id"": null, ""status"": ""not_yet_processed""}, {""capability"": ""website"", ""evidence_ids"": [""ev:web:51877284120:2026-08-10""], ""freshness_note"": null, ""observed_at"": ""2026-08-10"", ""source_record_id"": null, ""status"": ""observed""}, {""capability"": ""fundraising_expenditure"", ""evidence_ids"": [], ""freshness_note"": ""No direct or defensible derived fundraising expenditure was found in selected Phase 2A evidence."", ""observed_at"": ""2026-08-10"", ""source_record_id"": null, ""status"": ""not_available_from_source""}, {""capability"": ""financials"", ""evidence_ids"": [""ev:ais:51877284120:2023""], ""freshness_note"": null, ""observed_at"": ""2026-08-10"", ""source_record_id"": null, ""status"": ""observed""}]",www.generationsinjazz.com.au,South Australia,"Generations in Jazz Inc is presented on its website as the organiser of a multi-day jazz event called Generations in Jazz, held across a weekend. A 2026 event page on the site lists “2026 Event Results” and pages for “Individual Results”, “SBA - Sectional Results”, “VEA - Sectional Results” and “Superbands”, and gives event dates of Friday 30 April to Sunday 2 May. The site text states the event brings together aspiring musicians to “learn from each other, study, and perform” and offers tickets for public sale; it also invites people to join a community mailing list and to follow the organisation on social media. Regulatory extracts in the evidence set show an ACNC register entry and an Australian Information Statement covering 01/10/2022–30/09/2023, for which the organisation reported revenue of AUD 1,755,970 and total expenses of AUD 1,591,204. The available sources are the organisation’s website snapshot and ACNC filings; programme details beyond the weekend event, operational staffing, geographic reach outside South Australia, and participant numbers are not provided in the supplied evidence.","Organising a multi-day jazz event and competitions (Generations in Jazz weekend) | Publishing competition results pages for individual, sectional and superband categories | Offering ticketed public performances and related event programming | Maintaining an online community and social media updates about events","Aspiring and student musicians who perform or enter competitions | Jazz enthusiasts and ticketed audiences | Participants listed in competition categories (individuals, sectionals, superbands)",Ticketed attendance at public events | Performing and entering competitions during the event | Joining online community mailing list and engaging via social media,1755970,1591204,,,,acnc-register:purpose.education | acnc-register:beneficiary.young_people | causebase:cause.culture_and_heritage | causebase:activity.events_and_public_programming | causebase:participation.public_events | causebase:geography.local_or_regional | causebase:organisation.local | causebase:beneficiary.general_community,phase2b-2026-08-12-rc1
cb_ef6013bee4d04343be2d79a62503399d,unknown,abn:31681580987,STALLARD MEEK FLIGHTPATH FOUNDATION LTD,STALLARD MEEK FLIGHTPATH FOUNDATION LTD,registered,enriched,"[{""capability"": ""regulatory"", ""evidence_ids"": [""ev:acnc:31681580987""], ""freshness_note"": null, ""observed_at"": ""2026-08-10"", ""source_record_id"": null, ""status"": ""observed""}, {""capability"": ""annual_report"", ""evidence_ids"": [], ""freshness_note"": null, ""observed_at"": ""2026-08-10"", ""source_record_id"": null, ""status"": ""not_yet_processed""}, {""capability"": ""website"", ""evidence_ids"": [""ev:web:31681580987:2026-08-10""], ""freshness_note"": null, ""observed_at"": ""2026-08-10"", ""source_record_id"": null, ""status"": ""observed""}, {""capability"": ""fundraising_expenditure"", ""evidence_ids"": [], ""freshness_note"": null, ""observed_at"": ""2026-08-10"", ""source_record_id"": null, ""status"": ""not_yet_processed""}, {""capability"": ""financials"", ""evidence_ids"": [], ""freshness_note"": null, ""observed_at"": ""2026-08-10"", ""source_record_id"": null, ""status"": ""not_found_in_source""}]",https://www.sm-f.com.au/foundation/,South Australia,"Stallard Meek Flightpath Foundation (SMFF) is presented on its website as a not-for-profit that raises funds and awareness for organisations, cultural groups and underrepresented communities to ‘better their built environments, strengthen their social infrastructures and/or support their defined ethos’. The foundation describes offering opportunities for architectural and design industry professionals to undertake research projects, and to participate in collaboration, mentorships and sponsorships for persons and organisations within the art, architecture and design sectors. Recent project listings on the site include sponsorship of the NAWIC International Women’s Day 2025 event, where SMFF is named as a Networking Event Sponsor for the Post Event Networking Drinks at the Malt Shovel Taphouse on 28 February 2025 and states an interest in advocating for women in the construction industry. SMFF also describes an active collaboration with Adelaide Botanic High School: tailoring the Year 11–12 Architectural Specialisation Programme, participating in one to two lessons each term, and teaching topics such as site analysis strategies, architectural typologies, ideation and design principles, graphic communication methods and studio-style pin-up presentations. The ACNC register entry for the organisation was observed but no financial details were supplied in the provided evidence.","Raising funds and awareness for organisations, cultural groups and underrepresented communities | Providing opportunities for architectural and design professionals to undertake research projects | Collaboration, mentorships and sponsorships for persons and organisations in the art, architecture and design sectors | Sponsoring industry events (NAWIC International Women’s Day 2025 networking event) | Curriculum participation with Adelaide Botanic High School (Year 11–12 Architectural Specialisation Programme)","Organisations | Cultural groups | Underrepresented communities | Year 11–12 architecture students at Adelaide Botanic High School | Persons and organisations in the art, architecture and design sectors",Sponsoring and supporting industry networking and public events | Classroom participation and teaching (1–2 lessons per term) | Participation in studio-style pin-up presentations and curriculum activities,,,,,,acnc-register:purpose.education | acnc-register:beneficiary.general_community | causebase:activity.direct_service | causebase:activity.events_and_public_programming | causebase:activity.advocacy | causebase:approach.community_partnership | causebase:participation.public_events | causebase:geography.local_or_regional | causebase:organisation.local | causebase:beneficiary.people_experiencing_disadvantage,phase2b-2026-08-12-rc1
cb_34b9adafae054a8a94461072b6e66df1,unknown,abn:76000005210,Catholic Church Insurance Limited,Catholic Church Insurance Limited,registered,enriched,"[{""capability"": ""regulatory"", ""evidence_ids"": [""ev:acnc:76000005210""], ""freshness_note"": null, ""observed_at"": ""2026-08-10"", ""source_record_id"": null, ""status"": ""observed""}, {""capability"": ""annual_report"", ""evidence_ids"": [], ""freshness_note"": null, ""observed_at"": ""2026-08-10"", ""source_record_id"": null, ""status"": ""not_yet_processed""}, {""capability"": ""website"", ""evidence_ids"": [""ev:web:76000005210:2026-08-10""], ""freshness_note"": null, ""observed_at"": ""2026-08-10"", ""source_record_id"": null, ""status"": ""observed""}, {""capability"": ""fundraising_expenditure"", ""evidence_ids"": [], ""freshness_note"": ""No direct or defensible derived fundraising expenditure was found in selected Phase 2A evidence."", ""observed_at"": ""2026-08-10"", ""source_record_id"": null, ""status"": ""not_available_from_source""}, {""capability"": ""financials"", ""evidence_ids"": [""ev:ais:76000005210:2023""], ""freshness_note"": null, ""observed_at"": ""2026-08-10"", ""source_record_id"": null, ""status"": ""observed""}]",www.ccinsurance.org.au,Victoria (registered location) | Australia,"Catholic Church Insurance Limited (CCI) is an Australia‑based insurer registered in Victoria. Public website content shows practical customer-facing services: an online portal for managing policies and payments, web pages for lodging claims and requesting certificates of currency, and a dedicated page titled “Financial Hardship.” The site publishes news items including a March 2025 article about CCI’s status as a subscriber to the General Insurance Code of Practice and items from 2023 labelled “Update on the orderly run‑off of CCI business” and a 30 May 2023 media statement. An ACNC Extract and the organisation’s 2023 ACNC Information Statement are present in the evidence pack. The 2022–23 consolidated financial figures reported in that statement show revenue of AUD 699,284,628 and total expenses of AUD 974,618,881 for the period 1 July 2022 to 30 June 2023. Public materials in the evidence focus on transactional insurance services, customer communications and financial reporting; they do not provide detailed lists of client types, programme delivery locations beyond Victoria, or independent evaluation of activities.","Customer-facing insurance administration (claims processing, certificates of currency, policy payments) | Online policy management via customer portal | Information provision on financial hardship | Publication of news and media statements",,,699284628,974618881,,,,acnc-register:purpose.religion | acnc-register:beneficiary.other_beneficiary | causebase:activity.direct_service | causebase:geography.australia | causebase:geography.local_or_regional | causebase:organisation.local,phase2b-2026-08-12-rc1
cb_53f79b87751443269f666d09335d6e46,unknown,abn:21687391840,ASIA PACIFIC DIOCESE OF MALANKARA (INDIAN) ORTHODOX SYRIAN CHURCH LTD,ASIA PACIFIC DIOCESE OF MALANKARA (INDIAN) ORTHODOX SYRIAN CHURCH LTD,registered,enriched,"[{""capability"": ""regulatory"", ""evidence_ids"": [""ev:acnc:21687391840""], ""freshness_note"": null, ""observed_at"": ""2026-08-10"", ""source_record_id"": null, ""status"": ""observed""}, {""capability"": ""annual_report"", ""evidence_ids"": [], ""freshness_note"": null, ""observed_at"": ""2026-08-10"", ""source_record_id"": null, ""status"": ""not_yet_processed""}, {""capability"": ""website"", ""evidence_ids"": [""ev:web:21687391840:2026-08-10""], ""freshness_note"": null, ""observed_at"": ""2026-08-10"", ""source_record_id"": null, ""status"": ""observed""}, {""capability"": ""fundraising_expenditure"", ""evidence_ids"": [], ""freshness_note"": null, ""observed_at"": ""2026-08-10"", ""source_record_id"": null, ""status"": ""not_yet_processed""}, {""capability"": ""financials"", ""evidence_ids"": [], ""freshness_note"": null, ""observed_at"": ""2026-08-10"", ""source_record_id"": null, ""status"": ""not_found_in_source""}]",https://www.apacd.org,"Headquartered in Canberra, Australian Capital Territory | Australia | Asia & Pacific region (site names New Zealand, Malaysia, Singapore)","Asia Pacific Diocese of Malankara (Indian) Orthodox Syrian Church Ltd is presented on its website as a regional diocese of the Malankara Orthodox Syrian Church headquartered in Canberra, Australian Capital Territory. The diocese is described as having jurisdiction across the Asia & Pacific region, including Australia, New Zealand, Malaysia and Singapore; the site states the new diocese became effective from 1 November 2024. The homepage lists more than 2,000 members and over 20 parishes. Leadership names shown on the site include H.H. Baselios Marthoma Mathews III (Catholicos of the East & Malankara Metropolitan) and H.G. Dr. Yuhanon Mar Diascoros (Diocesan Metropolitan). The site provides navigation links labelled “Our Diocese”, “Ministries”, “Parishes”, “Priests”, and “Notices & News”, and a newsletter subscription field and contact email (secretary@asiapacificdiocese.org). An ACNC Register extract for the organisation is noted in the evidence pack. The available sources are a homepage snapshot and a regulatory register entry; no detailed program descriptions, service-level information or financial records were provided in the supplied evidence.",Oversees parishes and diocesan ministries (as listed on website) | Maintains priestly appointments and parish structures (as indicated by site links) | Publishes news and a newsletter and provides organisational contact details,"Members of the diocese (site lists 2,000+ members) | Parishes affiliated with the diocese (site lists 20+ parishes) | Malankara Orthodox Syrian Church communities in the Asia & Pacific region (countries named on site)",Membership of parishes (site lists members and parishes) | Newsletter subscription and website updates (site provides subscription field and news),,,,,,acnc-register:purpose.education | acnc-register:beneficiary.people_with_disability | causebase:beneficiary.general_community | causebase:activity.events_and_public_programming | causebase:participation.public_events | causebase:geography.australia | causebase:geography.local_or_regional,phase2b-2026-08-12-rc1
cb_1fed6ee914784e0b9602687b0e144c02,unknown,abn:54212670988,Martu Charitable Trust,Martu Charitable Trust,registered,enriched,"[{""capability"": ""regulatory"", ""evidence_ids"": [""ev:acnc:54212670988""], ""freshness_note"": null, ""observed_at"": ""2026-08-10"", ""source_record_id"": null, ""status"": ""observed""}, {""capability"": ""annual_report"", ""evidence_ids"": [], ""freshness_note"": null, ""observed_at"": ""2026-08-10"", ""source_record_id"": null, ""status"": ""not_yet_processed""}, {""capability"": ""website"", ""evidence_ids"": [], ""freshness_note"": null, ""observed_at"": ""2026-08-10"", ""source_record_id"": null, ""status"": ""not_available_from_source""}, {""capability"": ""fundraising_expenditure"", ""evidence_ids"": [], ""freshness_note"": ""No direct or defensible derived fundraising expenditure was found in selected Phase 2A evidence."", ""observed_at"": ""2026-08-10"", ""source_record_id"": null, ""status"": ""not_available_from_source""}, {""capability"": ""financials"", ""evidence_ids"": [""ev:ais:54212670988:2023""], ""freshness_note"": null, ""observed_at"": ""2026-08-10"", ""source_record_id"": null, ""status"": ""observed""}]",,Australia,"Martu Charitable Trust is recorded on the Australian Charities and Not‑for‑profits Commission (ACNC) register. The organisation’s 2023 Annual Information Statement (AIS) covers the period 01/07/2022 to 30/06/2023 and is reported as a subject filing (not consolidated). For that period the AIS lists revenue of AUD 4,480,557 and total expenses of AUD 4,995,071. The ACNC/AIS records available in the evidence pack do not include a public website, a mission statement, descriptions of programs, lists of beneficiaries, or geographic operating locations. Other registry fields in the supplied extracts (for example governance or specific program activity) were not provided in the evidence. The available documents are the ACNC register extract and the AIS 2023 extract; no further organisational materials were included in the supplied evidence.",,,,4480557,4995071,,,,acnc-register:purpose.health | acnc-register:beneficiary.regional_remote,phase2b-2026-08-12-rc1
cb_b77551387a114e6290750dd88fe9c83f,unknown,abn:16148061741,AUSTRALIAN COMMUNITY TRANSPORT ASSOCIATION LIMITED,AUSTRALIAN COMMUNITY TRANSPORT ASSOCIATION LIMITED,registered,enriched,"[{""capability"": ""regulatory"", ""evidence_ids"": [""ev:acnc:16148061741""], ""freshness_note"": null, ""observed_at"": ""2026-08-10"", ""source_record_id"": null, ""status"": ""observed""}, {""capability"": ""annual_report"", ""evidence_ids"": [], ""freshness_note"": null, ""observed_at"": ""2026-08-10"", ""source_record_id"": null, ""status"": ""not_yet_processed""}, {""capability"": ""website"", ""evidence_ids"": [""ev:web:16148061741:2026-08-10""], ""freshness_note"": null, ""observed_at"": ""2026-08-10"", ""source_record_id"": null, ""status"": ""observed""}, {""capability"": ""fundraising_expenditure"", ""evidence_ids"": [], ""freshness_note"": null, ""observed_at"": ""2026-08-10"", ""source_record_id"": null, ""status"": ""not_yet_processed""}, {""capability"": ""financials"", ""evidence_ids"": [], ""freshness_note"": null, ""observed_at"": ""2026-08-10"", ""source_record_id"": null, ""status"": ""not_found_in_source""}]",https://communitytransportaustralia.org.au/,"Australia (national; membership claimed across all states and territories) | Metropolitan, regional, rural and remote communities (as described by ACTA) | South Australia (registered location on ACNC)","The Australian Community Transport Association (ACTA) presents itself as a national membership body for community transport providers, stating membership from “100+” organisations across all states and territories. ACTA’s website describes its stated activities as policy reform, sector leadership, advocacy for transport equity and support for service providers; it publishes news about webinars, a national conference and a National Community Transport Pricing Model (NCTPM) pilot run with iMove and the University of South Australia. The site reports aggregate figures attributed to its membership: 6.05 million trips per year, 261,800 clients served and 104.5 million kilometres of travel. ACTA’s online description characterises “community transport” services (as delivered by members) as person‑centred transport for older Australians, people with disability, carers and others facing transport disadvantage across metropolitan, regional, rural and remote communities. The website invites organisations, individuals and community groups to become members and includes testimonials from member organisations and pilot participants. The ACNC register entry and the organisation website are the provided sources; the material is organisation‑authored and does not document ACTA’s own direct service operations or audited financial details in the supplied excerpts.",Advocacy for transport equity (as stated by ACTA) | Policy reform and sector leadership (as stated by ACTA) | Support for community transport service providers (as stated by ACTA) | National conferences and webinars (public events) | Coordination of the National Community Transport Pricing Model (NCTPM) pilot,"Community transport providers (members, including not‑for‑profits, local governments, regional providers) | Older Australians (as described by ACTA) | People with disability (as described by ACTA) | Carers and people facing transport disadvantage (as described by ACTA)","Membership by organisations, individuals and community groups | Public events: webinars and a national conference | Participation in pilot projects (e.g. NCTPM pilot)",,,,,,acnc-register:purpose.other_purpose | acnc-register:beneficiary.older_people | causebase:activity.advocacy | causebase:activity.events_and_public_programming | causebase:approach.community_partnership | causebase:participation.public_events | causebase:geography.australia | causebase:organisation.national | causebase:beneficiary.people_experiencing_disadvantage,phase2b-2026-08-12-rc1
cb_b7a2daab69484e64ac4d220e953ea5f1,unknown,abn:67649417658,LANDSCAPE RECOVERY FOUNDATION LTD.,LANDSCAPE RECOVERY FOUNDATION LTD.,registered,enriched,"[{""capability"": ""regulatory"", ""evidence_ids"": [""ev:acnc:67649417658""], ""freshness_note"": null, ""observed_at"": ""2026-08-10"", ""source_record_id"": null, ""status"": ""observed""}, {""capability"": ""annual_report"", ""evidence_ids"": [], ""freshness_note"": null, ""observed_at"": ""2026-08-10"", ""source_record_id"": null, ""status"": ""not_yet_processed""}, {""capability"": ""website"", ""evidence_ids"": [""ev:web:67649417658:2026-08-10""], ""freshness_note"": null, ""observed_at"": ""2026-08-10"", ""source_record_id"": null, ""status"": ""observed""}, {""capability"": ""fundraising_expenditure"", ""evidence_ids"": [], ""freshness_note"": ""No direct or defensible derived fundraising expenditure was found in selected Phase 2A evidence."", ""observed_at"": ""2026-08-10"", ""source_record_id"": null, ""status"": ""not_available_from_source""}, {""capability"": ""financials"", ""evidence_ids"": [""ev:ais:67649417658:2023""], ""freshness_note"": null, ""observed_at"": ""2026-08-10"", ""source_record_id"": null, ""status"": ""observed""}]",https://landscaperecovery.com.au/,Tasmania (including Hobart/nipaluna and the east coast),"Landscape Recovery Foundation Ltd (LRF), registered in Tasmania, publishes research and runs conservation projects focused on Tasmanian biodiversity. The organisation’s website describes the release of a report titled “Swift Parrots Beating the Odds”, which LRF says summarises two years of multidisciplinary field research into swift parrot nesting that combined field surveys, passive acoustic monitoring, sugar glider capture, health and diet analysis and forensic veterinary investigation, and drew on two decades of longitudinal monitoring. The site states the Foundation runs named projects including Swift Parrot Conservation, East Coast Catchments Projects, Eucalypt Conservation and Saving Threatened Orchids; it also advertises events (a podcast interview with two researchers, a Women in Conservation conference presentation) and community activity such as the Great East Coast Clean Up. The website records the 2026 Melanie J. Kelly bursary recipients and prize amounts, notes that LRF obtained Deductible Gift Recipient status on 24 June 2025, and solicits donations. An ACNC Annual Information Statement extract for 1 July 2022–30 June 2023 reports revenue of $333,984 and expenses of $329,695. Many programme descriptions and findings are presented as organisation-authored on the website.","Multidisciplinary field research on swift parrot nesting (field surveys, passive acoustic monitoring, sugar glider capture, health and diet analysis, forensic veterinary investigation) | Publication and dissemination of research reports (e.g. ‘Swift Parrots Beating the Odds’) | Project delivery for named conservation initiatives (Swift Parrot Conservation; East Coast Catchments; Eucalypt Conservation; Saving Threatened Orchids) | Administering and awarding the Melanie J. Kelly bursary (grant awards and prize amounts listed) | Public events and media (podcast interviews; conference presentations) | Community clean-up events (The Great East Coast Clean Up) | Fundraising and accepting donations (website donation appeals; DGR status noted) | Partnership development with land managers, NGOs, government, corporations and communities",Swift parrot (named species) | Threatened orchids (named project area) | Giant kelp and other marine ecosystems referenced in project descriptions | Land managers and community groups engaged in projects,Volunteering (community clean-up events) | Public events and media appearances (podcast interview; conference presentations) | Applying for and receiving bursaries/grants,333984,329695,,,,acnc-register:purpose.environment | acnc-register:beneficiary.animals | causebase:cause.environment | causebase:beneficiary.wildlife | causebase:activity.environmental_restoration | causebase:activity.events_and_public_programming | causebase:approach.community_partnership | causebase:approach.volunteer_enabled | causebase:participation.public_events | causebase:geography.local_or_regional,phase2b-2026-08-12-rc1
cb_69f412200748462cb5d81f2393cf1a56,unknown,abn:58421528146,Boorhaman And District Landcare Group Inc,Boorhaman And District Landcare Group Inc,registered,enriched,"[{""capability"": ""regulatory"", ""evidence_ids"": [""ev:acnc:58421528146""], ""freshness_note"": null, ""observed_at"": ""2026-08-10"", ""source_record_id"": null, ""status"": ""observed""}, {""capability"": ""annual_report"", ""evidence_ids"": [], ""freshness_note"": null, ""observed_at"": ""2026-08-10"", ""source_record_id"": null, ""status"": ""not_yet_processed""}, {""capability"": ""website"", ""evidence_ids"": [], ""freshness_note"": null, ""observed_at"": ""2026-08-10"", ""source_record_id"": null, ""status"": ""not_available_from_source""}, {""capability"": ""fundraising_expenditure"", ""evidence_ids"": [], ""freshness_note"": null, ""observed_at"": ""2026-08-10"", ""source_record_id"": null, ""status"": ""not_yet_processed""}, {""capability"": ""financials"", ""evidence_ids"": [], ""freshness_note"": null, ""observed_at"": ""2026-08-10"", ""source_record_id"": null, ""status"": ""not_found_in_source""}]",,Victoria (VIC),"Boorhaman And District Landcare Group Inc is recorded by an ACNC Register extract (observed 2026-08-10) under the legal name Boorhaman And District Landcare Group Inc. The only geographic detail in the supplied records is Victoria (VIC). The evidence pack contains the ACNC regulatory entry but no website, no processed annual report, and no financial records available from the supplied sources. The ACNC extract as provided does not specify the group’s activities, who it serves, how it operates, or modes of participation. The supplied coverage notes list the ACNC entry as observed and other document types (annual report, website, financials) as not available or not yet processed.",,,,,,,,,acnc-register:purpose.environment | acnc-register:beneficiary.young_people,phase2b-2026-08-12-rc1
cb_caea0e5566cc45bc810552f5483594ef,unknown,abn:68180228511,THE TRUSTEE FOR THE L.&M. COWAN FOUNDATION,THE TRUSTEE FOR THE L.&M. COWAN FOUNDATION,registered,enriched,"[{""capability"": ""regulatory"", ""evidence_ids"": [""ev:acnc:68180228511""], ""freshness_note"": null, ""observed_at"": ""2026-08-10"", ""source_record_id"": null, ""status"": ""observed""}, {""capability"": ""annual_report"", ""evidence_ids"": [], ""freshness_note"": null, ""observed_at"": ""2026-08-10"", ""source_record_id"": null, ""status"": ""not_yet_processed""}, {""capability"": ""website"", ""evidence_ids"": [], ""freshness_note"": null, ""observed_at"": ""2026-08-10"", ""source_record_id"": null, ""status"": ""not_available_from_source""}, {""capability"": ""fundraising_expenditure"", ""evidence_ids"": [], ""freshness_note"": ""No direct or defensible derived fundraising expenditure was found in selected Phase 2A evidence."", ""observed_at"": ""2026-08-10"", ""source_record_id"": null, ""status"": ""not_available_from_source""}, {""capability"": ""financials"", ""evidence_ids"": [""ev:ais:68180228511:2023""], ""freshness_note"": null, ""observed_at"": ""2026-08-10"", ""source_record_id"": null, ""status"": ""observed""}]",,,"THE TRUSTEE FOR THE L.&M. COWAN FOUNDATION is recorded in the supplied ACNC Register extract and submitted an Annual Information Statement (AIS) covering 1 July 2022 to 30 June 2023. For that reporting period the AIS records total revenue of AUD 312,863 and total expenses of AUD 36,429. The AIS entry included metadata that consolidated reporting status is listed as unknown and that the attribution method for the financial figures is “direct_subject_report.” The evidence pack contains no organisational website, no program descriptions, and no structured entries for geography, activities, beneficiaries or participation. Known_coverage notes that an annual report has not yet been processed and that website-sourced information was not available from the supplied sources. The available documents are the ACNC register extract and the AIS 2023 extract; no further internal governance documents, program-level financial breakdowns, or public-facing descriptions were provided in the supplied evidence.",,,,312863,36429,,,,acnc-register:purpose.other_purpose | acnc-register:beneficiary.animals,phase2b-2026-08-12-rc1
cb_d411ae86f50f46de86f7c2f68bc961b5,unknown,abn:40821754363,Arts Nexus Inc,Arts Nexus Inc,registered,enriched,"[{""capability"": ""regulatory"", ""evidence_ids"": [""ev:acnc:40821754363""], ""freshness_note"": null, ""observed_at"": ""2026-08-10"", ""source_record_id"": null, ""status"": ""observed""}, {""capability"": ""annual_report"", ""evidence_ids"": [], ""freshness_note"": null, ""observed_at"": ""2026-08-10"", ""source_record_id"": null, ""status"": ""not_yet_processed""}, {""capability"": ""website"", ""evidence_ids"": [""ev:web:40821754363:2026-08-10""], ""freshness_note"": null, ""observed_at"": ""2026-08-10"", ""source_record_id"": null, ""status"": ""observed""}, {""capability"": ""fundraising_expenditure"", ""evidence_ids"": [], ""freshness_note"": ""No direct or defensible derived fundraising expenditure was found in selected Phase 2A evidence."", ""observed_at"": ""2026-08-10"", ""source_record_id"": null, ""status"": ""not_available_from_source""}, {""capability"": ""financials"", ""evidence_ids"": [""ev:ais:40821754363:2023""], ""freshness_note"": null, ""observed_at"": ""2026-08-10"", ""source_record_id"": null, ""status"": ""observed""}]",www.artsnexus.com.au,"Far North Queensland (FNQ) | Atherton, Queensland | Australia","Arts Nexus Inc is a not‑for‑profit incorporated in May 1996 and describes itself as an inclusive umbrella body for arts, cultural and creative industries in Far North Queensland (FNQ). The organisation’s website states it supports artists, cultural practitioners and creative industries across artforms and cultures, and aims to connect creative industries, organisations, communities and stakeholders in FNQ. Arts Nexus says it works on policy and regional strategic planning and on the business of arts making. The organisation notes a newly upgraded digital recording studio at 40 Mabel Street, Atherton, Queensland; the studio is open by appointment and studio bookings are available (contact details: admin@artsnexus.com.au; phone 0412 570 701). The site refers to membership across the FNQ region and to social media accounts (TikTok, Instagram, Facebook group and a studio page). The website includes an apolitical disclaimer. ACNC reporting for 2023 shows revenue of AUD 195,946 and total expenses of AUD 188,060 for the 01/01/2023–31/12/2023 period.","Operational capacity building for Far North Queensland arts, cultural and creative industries (organisation statement) | Policy and regional strategic planning work (organisation statement) | Support for artists, cultural practitioners and creative industries with the business of arts making (organisation statement) | Operation of a digital recording studio at 40 Mabel Street, Atherton; studio bookings by appointment | Connecting creative industries, organisations, communities and stakeholders across artforms and cultures",Artists (organisation-stated) | Cultural practitioners (organisation-stated) | Creative industries in Far North Queensland (organisation-stated) | Member organisations and communities across the Far North Queensland region (organisation-stated),"Studio bookings by appointment | Contact via email (admin@artsnexus.com.au) and phone (0412 570 701) for visits and bookings | Membership across the FNQ region (organisation-stated) | Engagement via social media accounts (TikTok, Instagram, Facebook group and studio page)",195946,188060,,,,acnc-register:purpose.culture | acnc-register:beneficiary.regional_remote | causebase:cause.community_wellbeing | causebase:activity.direct_service | causebase:activity.advocacy | causebase:approach.community_partnership | causebase:geography.local_or_regional | causebase:geography.australia | causebase:organisation.local,phase2b-2026-08-12-rc1
cb_59546495c16f451b8b3792ae18771762,unknown,abn:54811702709,Katherine Isolated Children's Service Inc,Katherine Isolated Children's Service Inc,registered,enriched,"[{""capability"": ""regulatory"", ""evidence_ids"": [""ev:acnc:54811702709""], ""freshness_note"": null, ""observed_at"": ""2026-08-10"", ""source_record_id"": null, ""status"": ""observed""}, {""capability"": ""annual_report"", ""evidence_ids"": [], ""freshness_note"": null, ""observed_at"": ""2026-08-10"", ""source_record_id"": null, ""status"": ""not_yet_processed""}, {""capability"": ""website"", ""evidence_ids"": [""ev:web:54811702709:2026-08-10""], ""freshness_note"": null, ""observed_at"": ""2026-08-10"", ""source_record_id"": null, ""status"": ""observed""}, {""capability"": ""fundraising_expenditure"", ""evidence_ids"": [], ""freshness_note"": ""No direct or defensible derived fundraising expenditure was found in selected Phase 2A evidence."", ""observed_at"": ""2026-08-10"", ""source_record_id"": null, ""status"": ""not_available_from_source""}, {""capability"": ""financials"", ""evidence_ids"": [""ev:ais:54811702709:2023""], ""freshness_note"": null, ""observed_at"": ""2026-08-10"", ""source_record_id"": null, ""status"": ""observed""}]",www.kics.org.au,"Northern Territory (NT) | Organisation-reported service area of 760,000 square kilometres","Katherine Isolated Children’s Service (KICS) describes Field Teams that run playgroups for children who are socially or geographically isolated across a large area of the Northern Territory. Each KICS Field Team is said to include a Playgroup Leader, a trained or experienced early childhood educator and a Playgroup Support Worker; teams “travel an area of 760,000 square kilometres” to deliver playgroups, according to the organisation website. The website also states that KICS is funded by the National Indigenous Australians Agency (NIAA) and private donations (organisation claim). KICS markets and sells EcoViva play mats as a fundraising item; the website lists the mats as 100% recycled plastic, reversible, foldable and easy to clean, priced at $110 each including GST with pickup at the KICS office or delivery by Field Teams. The ACNC reporting extract for 01/07/2022–30/06/2023 shows revenue of AUD 497,711 and total expenses of AUD 382,369 for the subject. Contact methods on the site include an office phone number and an order form for mats. The website text includes a direct fundraising appeal.",Delivering playgroups via Field Teams that travel to communities | Selling EcoViva mats as a fundraising activity | Maintaining an office that handles orders and enquiries,Children who are socially or geographically isolated,Attending KICS playgroups delivered by Field Teams | Purchasing EcoViva mats or donating via the organisation’s fundraising appeals | Contacting the KICS office to order mats or enquire,497711,382369,,,,acnc-register:purpose.education | acnc-register:beneficiary.children | causebase:activity.direct_service | causebase:activity.events_and_public_programming | causebase:beneficiary.people_experiencing_disadvantage | causebase:geography.local_or_regional | causebase:geography.australia | causebase:organisation.local,phase2b-2026-08-12-rc1
cb_df0f3eeee8874d31998efb3005f8676d,unknown,abn:19135897255,Aeiou Foundation,Aeiou Foundation,registered,enriched,"[{""capability"": ""regulatory"", ""evidence_ids"": [""ev:acnc:19135897255""], ""freshness_note"": null, ""observed_at"": ""2026-08-10"", ""source_record_id"": null, ""status"": ""observed""}, {""capability"": ""annual_report"", ""evidence_ids"": [], ""freshness_note"": null, ""observed_at"": ""2026-08-10"", ""source_record_id"": null, ""status"": ""not_yet_processed""}, {""capability"": ""website"", ""evidence_ids"": [""ev:web:19135897255:2026-08-10""], ""freshness_note"": null, ""observed_at"": ""2026-08-10"", ""source_record_id"": null, ""status"": ""observed""}, {""capability"": ""fundraising_expenditure"", ""evidence_ids"": [], ""freshness_note"": ""No direct or defensible derived fundraising expenditure was found in selected Phase 2A evidence."", ""observed_at"": ""2026-08-10"", ""source_record_id"": null, ""status"": ""not_available_from_source""}, {""capability"": ""financials"", ""evidence_ids"": [""ev:ais:19135897255:2023""], ""freshness_note"": null, ""observed_at"": ""2026-08-10"", ""source_record_id"": null, ""status"": ""observed""}]",https://aeiou.org.au/,"Queensland | Level 1, 15 Astor Terrace, Spring Hill, Brisbane QLD 4000 (office address shown on website)","AEIOU Foundation’s website states the organisation was established in 2005 to provide early intervention for children aged 2–6 with an autism diagnosis. The site says AEIOU is neurodiversity-affirming, uses a mix of person‑first and identity‑first language based on feedback from a 2023 parent community study, and says it supports each child’s strengths, abilities and personal goals. Contact details on the site include a phone number (1300 273 435), an email address (info@aeiou.org.au), office hours and a street address (Level 1, 15 Astor Terrace, Spring Hill QLD 4000). The homepage includes a notice “Issued by the Liquidators of AEIOU FOUNDATION (In Liquidation) (ACN 135 897 255)”. The ACNC AIS 2023 extract in the evidence pack reports revenue of AUD 27,919,703 and total expenses of AUD 27,756,092 for the period 01/07/2022 to 30/06/2023. The website also indicates the organisation is a registered charity (CH1818), is working on a Reconciliation Action Plan, and provides an online payments option for families. The site links to social media channels and contains standard website notices about cookies and privacy.",Provision of early intervention services for children aged 2–6 with an autism diagnosis (as described on the organisation website) | Use of neurodiversity-affirming and mixed person‑first/identity‑first language informed by a 2023 parent community study (organisation report) | Online family payments and contact functions on the organisation website | Development of a Reconciliation Action Plan (organisation statement),Children aged 2–6 with an autism diagnosis (as described on the organisation website) | Parents and families of those children (site contact and family payment functionality),Families contact the organisation by phone or email (contact details on website) | Families use online payments via the organisation website,27919703,27756092,,,,acnc-register:purpose.other_purpose | acnc-register:beneficiary.other_beneficiary | causebase:activity.direct_service | causebase:geography.local_or_regional | causebase:organisation.local,phase2b-2026-08-12-rc1
cb_25f9e189a09a47e0aea65cf98437dc31,unknown,abn:12086262816,Mighty Livingwaters - Life Fellowship,Mighty Livingwaters - Life Fellowship,registered,enriched,"[{""capability"": ""regulatory"", ""evidence_ids"": [""ev:acnc:12086262816""], ""freshness_note"": null, ""observed_at"": ""2026-08-10"", ""source_record_id"": null, ""status"": ""observed""}, {""capability"": ""annual_report"", ""evidence_ids"": [], ""freshness_note"": null, ""observed_at"": ""2026-08-10"", ""source_record_id"": null, ""status"": ""not_yet_processed""}, {""capability"": ""website"", ""evidence_ids"": [""ev:web:12086262816:2026-08-10""], ""freshness_note"": null, ""observed_at"": ""2026-08-10"", ""source_record_id"": null, ""status"": ""observed""}, {""capability"": ""fundraising_expenditure"", ""evidence_ids"": [], ""freshness_note"": ""No direct or defensible derived fundraising expenditure was found in selected Phase 2A evidence."", ""observed_at"": ""2026-08-10"", ""source_record_id"": null, ""status"": ""not_available_from_source""}, {""capability"": ""financials"", ""evidence_ids"": [""ev:ais:12086262816:2023""], ""freshness_note"": null, ""observed_at"": ""2026-08-10"", ""source_record_id"": null, ""status"": ""observed""}]",www.goodsuccess.church,"Jandakot, Western Australia | Western Australia (WA) | Australia","Mighty Livingwaters - Life Fellowship (trading as Good Success Church) is presented on its website as a Christian church based in Jandakot, Western Australia. According to the organisation's website, it holds weekly public worship services in Jandakot on Sundays at 10:00am and 6:30pm (with a livestream option) and runs a range of ministries described as Men’s Ministry, Daughters of the King, Impact (18+ years), Step In (13–17 years), Home Altar, Connect Groups and Children’s Church. The website also describes fortnightly podcast episodes and social interaction around morning tea and coffee after services. The ACNC information included in the AIS for 01/07/2022–30/06/2023 reports revenue of AUD 1,098,206 and total expenses of AUD 833,466 for that period. The ACNC register extract is available for the organisation. The material here combines the organisation’s published schedule and ministry list with the AIS financial figures; program reach beyond Jandakot and details of staffing or volunteer arrangements are not provided in the supplied evidence.","Weekly public worship services (Sundays, 10:00am and 6:30pm, Jandakot) | Livestreamed services | Men’s Ministry | Daughters of the King ministry | Impact (adult ministry, 18+ years) | Step In (youth ministry, 13–17 years) | Home Altar | Connect Groups | Children’s Church | Fortnightly podcast episodes","Church attendees | Children (Children’s Church) | Teenagers (Step In, 13–17 years) | Adults (Impact, 18+ years) | Families | People of all ages, cultures and backgrounds (as claimed on the organisation website)",Public worship services | Livestream attendance | Attending ministries and connect groups | Listening to podcast episodes,1098206,833466,,,,acnc-register:purpose.religion | acnc-register:beneficiary.other_beneficiary | causebase:cause.community_wellbeing | causebase:activity.events_and_public_programming | causebase:activity.direct_service | causebase:participation.public_events | causebase:geography.australia | causebase:geography.local_or_regional | causebase:organisation.local | causebase:beneficiary.general_community,phase2b-2026-08-12-rc1
cb_68c0f20b575e43739e1b01ccd1e5be40,unknown,abn:58675000129,SAFE LIVING AUSTRALIA LTD,SAFE LIVING AUSTRALIA LTD,registered,enriched,"[{""capability"": ""regulatory"", ""evidence_ids"": [""ev:acnc:58675000129""], ""freshness_note"": null, ""observed_at"": ""2026-08-10"", ""source_record_id"": null, ""status"": ""observed""}, {""capability"": ""annual_report"", ""evidence_ids"": [], ""freshness_note"": null, ""observed_at"": ""2026-08-10"", ""source_record_id"": null, ""status"": ""not_yet_processed""}, {""capability"": ""website"", ""evidence_ids"": [""ev:web:58675000129:2026-08-10""], ""freshness_note"": null, ""observed_at"": ""2026-08-10"", ""source_record_id"": null, ""status"": ""observed""}, {""capability"": ""fundraising_expenditure"", ""evidence_ids"": [], ""freshness_note"": null, ""observed_at"": ""2026-08-10"", ""source_record_id"": null, ""status"": ""not_yet_processed""}, {""capability"": ""financials"", ""evidence_ids"": [], ""freshness_note"": null, ""observed_at"": ""2026-08-10"", ""source_record_id"": null, ""status"": ""not_found_in_source""}]",https://www.safelivingaustralia.org,"Perth metropolitan area, Western Australia","Safe Living Australia Ltd describes itself on its website as a provider of short- and long-term housing and support for people in need, operating properties “dotted around the Perth metro area”. The site sets out several service streams: trauma‑informed, tailored child‑centred residential care for children and young people; housing options for young people transitioning from statutory care (“Leaving Care”); and urgent housing placements. The organisation says applicants require a referral and that it works alongside government departments, agencies, support coordinators, case managers and community programs to place clients. The website states occupants may stay for days, weeks or months, with circumstances reviewed after six months. It lists groups the organisation says it assists, including children, young people, families and individuals of all ages, and people leaving violent or dangerous environments, people experiencing poverty and people with disability. The site refers to volunteer involvement—“Urgent Housing Volunteers prioritise housing based on the circumstances of the individual”—and invites feedback and partnership. Safe Living Australia Ltd also states it is a Public Benevolent Institution and a registered DGR and displays contact details for enquiries.",short- and long-term housing provision | trauma-informed residential care for children and young people | housing for young people transitioning from care | urgent housing placements | referral-based placement process,children and young people | families and individuals of all ages | people leaving violent or dangerous environments | people experiencing poverty | people with disability,referral required for placement | volunteer involvement in housing prioritisation | client feedback and partnership invitations,,,,,,acnc-register:purpose.social_welfare | acnc-register:beneficiary.people_with_disability | causebase:activity.direct_service | causebase:approach.community_partnership | causebase:approach.volunteer_enabled | causebase:participation.volunteering | causebase:beneficiary.people_experiencing_disadvantage | causebase:geography.local_or_regional | causebase:organisation.local,phase2b-2026-08-12-rc1
cb_7e322821acc34c8b920c772f5b4e4c5c,unknown,abn:49079016738,Adelaide Symphony Orchestra Pty Ltd,Adelaide Symphony Orchestra Pty Ltd,registered,enriched,"[{""capability"": ""regulatory"", ""evidence_ids"": [""ev:acnc:49079016738""], ""freshness_note"": null, ""observed_at"": ""2026-08-10"", ""source_record_id"": null, ""status"": ""observed""}, {""capability"": ""annual_report"", ""evidence_ids"": [""ev:report:49079016738:5848f21901bd"", ""ev:report:49079016738:ac09d642f254""], ""freshness_note"": null, ""observed_at"": ""2026-08-10"", ""source_record_id"": null, ""status"": ""observed""}, {""capability"": ""website"", ""evidence_ids"": [""ev:web:49079016738:2026-08-10""], ""freshness_note"": null, ""observed_at"": ""2026-08-10"", ""source_record_id"": null, ""status"": ""observed""}, {""capability"": ""fundraising_expenditure"", ""evidence_ids"": [], ""freshness_note"": null, ""observed_at"": ""2026-08-10"", ""source_record_id"": null, ""status"": ""not_yet_processed""}, {""capability"": ""financials"", ""evidence_ids"": [], ""freshness_note"": null, ""observed_at"": ""2026-08-10"", ""source_record_id"": null, ""status"": ""not_found_in_source""}]",https://www.aso.com.au,South Australia (Adelaide and regional towns including Peterborough and Clare),"Adelaide Symphony Orchestra (ASO) presents a year-round programme of public concerts, regional touring, learning and community activity based in South Australia. The ASO’s 2022 annual report lists 53 performances across series including the Symphony Series (Adelaide Town Hall), Sanctuary Series (Grainger Studio), Chamber and Matinée series (Elder Hall), and special events at Festival Theatre. The company reports regional touring to mid‑north towns including Peterborough and Clare and collaborations with the Adelaide Festival, WOMADelaide, State Opera and The Australian Ballet. Education and participation work recorded in the reports includes school incursions, a commissioned children’s piece based on Alison Lester’s Are We There Yet?, community centre concerts in association with Community Centres SA, and a mini‑festival She Speaks with film, symposium, chamber events and premieres of works by women composers. The ASO also documents digital programming (a Virtual Concert Hall, online mini‑recitals and the Silos & Symphonies learning project) and an artist‑led inclusive project called Floods of Fire described as community‑building and addressing environment and climate themes. The ASO’s materials acknowledge Kaurna Country and note the role of volunteers, donors and supporters in company activity.","Symphony and concert series at Adelaide Town Hall, Elder Hall and Festival Theatre | Regional touring and community concerts in South Australia (Peterborough, Clare, mid‑north) | Learning and schools programmes including commissioned school works and incursions | Community projects and participatory work (Floods of Fire) | Collaborations with festivals and companies (Adelaide Festival, WOMADelaide, State Opera, The Australian Ballet) | Digital and broadcast programming (Virtual Concert Hall, online mini‑recitals, Silos & Symphonies)","Audiences in metropolitan Adelaide | Audiences in regional South Australian towns (Peterborough, Clare) | School students reached through incursions and learning projects | Community groups taking part in participatory projects and community centre concerts",Public concerts and festival performances | Community workshops and participatory projects | Digital attendance via online broadcasts and learning resources | Volunteering and supporter involvement (volunteers and donors referenced),,,,,,acnc-register:purpose.culture | acnc-register:beneficiary.children | causebase:cause.culture_and_heritage | causebase:activity.events_and_public_programming | causebase:approach.community_partnership | causebase:approach.volunteer_enabled | causebase:participation.public_events | causebase:participation.volunteering | causebase:geography.local_or_regional,phase2b-2026-08-12-rc1
cb_ef8cfa1cd3c940db8a4710197388e578,unknown,abn:41461770404,Aged Care Deloraine Inc,Aged Care Deloraine Inc,registered,enriched,"[{""capability"": ""regulatory"", ""evidence_ids"": [""ev:acnc:41461770404""], ""freshness_note"": null, ""observed_at"": ""2026-08-10"", ""source_record_id"": null, ""status"": ""observed""}, {""capability"": ""annual_report"", ""evidence_ids"": [], ""freshness_note"": null, ""observed_at"": ""2026-08-10"", ""source_record_id"": null, ""status"": ""not_yet_processed""}, {""capability"": ""website"", ""evidence_ids"": [""ev:web:41461770404:2026-08-10""], ""freshness_note"": null, ""observed_at"": ""2026-08-10"", ""source_record_id"": null, ""status"": ""observed""}, {""capability"": ""fundraising_expenditure"", ""evidence_ids"": [], ""freshness_note"": ""No direct or defensible derived fundraising expenditure was found in selected Phase 2A evidence."", ""observed_at"": ""2026-08-10"", ""source_record_id"": null, ""status"": ""not_available_from_source""}, {""capability"": ""financials"", ""evidence_ids"": [""ev:ais:41461770404:2023""], ""freshness_note"": null, ""observed_at"": ""2026-08-10"", ""source_record_id"": null, ""status"": ""observed""}]",www.agedcaredeloraine.org.au,"Deloraine, Tasmania | Tasmania, Australia","Aged Care Deloraine Inc is a not‑for‑profit aged care provider in Deloraine, Tasmania. Its website lists two residential care facilities — Grenoch (47 beds) and Kanangra (48 beds) — plus independent living units and occasional respite care. The site states the organisation offers specialised high‑care services, including dementia care, and names an Admissions Officer and a Clinical Care Coordinator who work with new residents and families to design individualised care plans. The website emphasises a homelike environment and staff support for residents’ social and mental wellbeing. The organisation states longstanding links with the Deloraine community and says it hosts local students on work placement. An ACNC AIS extract for 01/07/2022–30/06/2023 reports revenue of AUD 11,305,033 and total expenses of AUD 11,752,556 for the reporting entity. Sources for this card are the organisation’s website and the ACNC AIS 2023 extract; organisation‑authored statements are recorded here as claims made by the organisation.",Residential aged care at Kanangra (48 beds) | Residential aged care at Grenoch (47 beds) | Independent living units for people wishing to downscale | Occasional respite care | Specialised high‑care services including dementia care | Admissions and individualised clinical care planning,Residents of Kanangra and Grenoch residential care facilities | People seeking independent living units in Deloraine | Local students placed for work experience,Work placements for local students | Site tours for prospective residents and families | Admissions consultations with residents and families,11305033,11752556,,,,acnc-register:purpose.health | acnc-register:beneficiary.older_people | causebase:activity.direct_service | causebase:activity.employment_support | causebase:approach.community_partnership | causebase:geography.australia | causebase:geography.local_or_regional | causebase:organisation.local | causebase:beneficiary.general_community,phase2b-2026-08-12-rc1
cb_14e77d7e8f9c4fabb1c1011aacdacc99,unknown,abn:58665094077,Avon Youth Community And Family Services,Avon Youth Community And Family Services,registered,enriched,"[{""capability"": ""regulatory"", ""evidence_ids"": [""ev:acnc:58665094077""], ""freshness_note"": null, ""observed_at"": ""2026-08-10"", ""source_record_id"": null, ""status"": ""observed""}, {""capability"": ""annual_report"", ""evidence_ids"": [], ""freshness_note"": null, ""observed_at"": ""2026-08-10"", ""source_record_id"": null, ""status"": ""not_yet_processed""}, {""capability"": ""website"", ""evidence_ids"": [""ev:web:58665094077:2026-08-10""], ""freshness_note"": null, ""observed_at"": ""2026-08-10"", ""source_record_id"": null, ""status"": ""observed""}, {""capability"": ""fundraising_expenditure"", ""evidence_ids"": [], ""freshness_note"": ""No direct or defensible derived fundraising expenditure was found in selected Phase 2A evidence."", ""observed_at"": ""2026-08-10"", ""source_record_id"": null, ""status"": ""not_available_from_source""}, {""capability"": ""financials"", ""evidence_ids"": [""ev:ais:58665094077:2023""], ""freshness_note"": null, ""observed_at"": ""2026-08-10"", ""source_record_id"": null, ""status"": ""observed""}]",http://www.avoncs.org.au,"Wheatbelt, Western Australia | Northam, Western Australia | Moora, Western Australia | Merredin, Western Australia | Narrogin, Western Australia","Avon Youth Community And Family Services (website name Avon Community Services) presents itself as a not-for-profit provider of housing and youth services in the Wheatbelt region of Western Australia. According to its website, the organisation operates local centres and “Youth Centres” and invites people to “give us a call or drop in” for assistance. The site lists centre locations in Northam, Moora, Merredin and Narrogin. The organisation’s ACNC information and its 2023 Annual Information Statement are on record; the AIS for 01/07/2022–30/06/2023 reports revenue of AUD 1,479,627 and total expenses of AUD 1,351,056. Website language describes the organisation as delivering “Housing and Youth Services” and as assisting “the people we assist,” but provides limited detail on specific housing programs, eligibility rules, client numbers or staffing. Contact options on the website emphasise phone enquiries and drop-in attendance at centres.",Housing services (housing assistance) | Youth services (operation of Youth Centres) | Operation of local service centres in Wheatbelt towns,Young people (youth) | People seeking housing assistance,Drop-in visits to local centres | Phone enquiries,1479627,1351056,,,,acnc-register:purpose.social_welfare | acnc-register:beneficiary.young_people | causebase:activity.direct_service | causebase:geography.australia | causebase:geography.local_or_regional | causebase:organisation.local,phase2b-2026-08-12-rc1
